underlying,option_symbol,expiry,settlement,expiry_timestamp,kind,strike,bid,ask,bid_size,ask_size,volume,open_interest,cboe_iv,last_trade_price,last_trade_time,spot,spot_timestamp,valuation_timestamp,snapshot_timestamp_raw,retrieved_at,source_url,quote_id,tau,mid,relative_spread,moneyness,status,reason,rate,div,forward,iv,iv_bid,iv_ask,price_residual,iterations,vega,cboe_price_residual,source_iv_diff_pp,parity_price_residual,iv_status,iv_method,iv_detail,bid_status,bid_detail,ask_status,ask_detail,comparison_status
SPX,SPX261016P05750000,2026-10-16,AM,2026-10-16T09:30:00-04:00,put,5750,3.7000000000000002,4,1964,80,54,2908,0.40910000000000002,3.7000000000000002,2026-09-09T16:04:58,7636.3599000000004,2026-09-09T16:14:59,2026-09-09T16:14:59-04:00,2026-09-10 12:42:18,2026-09-10T12:42:45.552283+00:00,https://cdn.cboe.com/api/global/delayed_quotes/options/_SPX.json,557,0.10059934677828514,3.8500000000000001,0.077922077922077879,0.75297655889686388,inverted,,0.037985609342559956,0.02375885355200771,7647.2969008163309,0.40412208036081909,0.40195777748011102,0.40623053308542229,1.177502539917441e-11,8,70.233155941914674,0.36034681941745239,-0.49779196391809277,,converged,newton,,converged,,converged,,compared_not_calibrated
SPX,SPX261016P05800000,2026-10-16,AM,2026-10-16T09:30:00-04:00,put,5800,4,4.2000000000000002,1773,15,1082,6523,0.40150000000000002,3.7000000000000002,2026-09-09T15:19:29,7636.3599000000004,2026-09-09T16:14:59,2026-09-09T16:14:59-04:00,2026-09-10 12:42:18,2026-09-10T12:42:45.552283+00:00,https://cdn.cboe.com/api/global/delayed_quotes/options/_SPX.json,559,0.10059934677828514,4.0999999999999996,0.048780487804878099,0.75952418114814102,inverted,,0.037985609342559956,0.02375885355200771,7647.2969008163309,0.39667003238062176,0.39532367860566198,0.39799468776484015,3.8173908478711382e-12,8,74.886705386694317,0.37240453795981843,-0.48299676193782615,,converged,newton,,converged,,converged,,compared_not_calibrated
SPX,SPX261016P05875000,2026-10-16,AM,2026-10-16T09:30:00-04:00,put,5875,4.4000000000000004,4.5999999999999996,585,15,3,870,0.39019999999999999,3.9100000000000001,2026-09-09T10:03:03,7636.3599000000004,2026-09-09T16:14:59,2026-09-09T16:14:59-04:00,2026-09-10 12:42:18,2026-09-10T12:42:45.552283+00:00,https://cdn.cboe.com/api/global/delayed_quotes/options/_SPX.json,562,0.10059934677828514,4.5,0.044444444444444287,0.76934561452505656,inverted,,0.037985609342559956,0.02375885355200771,7647.2969008163309,0.38539853348336689,0.38417573512654879,0.38660355939920527,7.815970093361102e-13,8,82.386072788062208,0.40710454218573489,-0.48014665166331016,,converged,newton,,converged,,converged,,compared_not_calibrated
SPX,SPX261016P05950000,2026-10-16,AM,2026-10-16T09:30:00-04:00,put,5950,4.7999999999999998,5.0999999999999996,1734,502,4,2331,0.37880000000000003,4.5300000000000002,2026-09-09T12:24:29,7636.3599000000004,2026-09-09T16:14:59,2026-09-09T16:14:59-04:00,2026-09-10 12:42:18,2026-09-10T12:42:45.552283+00:00,https://cdn.cboe.com/api/global/delayed_quotes/options/_SPX.json,565,0.10059934677828514,4.9499999999999993,0.06060606060606058,0.77916704790197222,inverted,,0.037985609342559956,0.02375885355200771,7647.2969008163309,0.37421051328834615,0.37254151310899936,0.3758469056315305,-9.5923269327613525e-14,8,90.776515913525159,0.42809772044929062,-0.45894867116538784,,converged,newton,,converged,,converged,,compared_not_calibrated
SPX,SPX261016P06000000,2026-10-16,AM,2026-10-16T09:30:00-04:00,put,6000,5.0999999999999996,5.4000000000000004,1732,434,657,24281,0.37090000000000001,5,2026-09-09T16:05:08,7636.3599000000004,2026-09-09T16:14:59,2026-09-09T16:14:59-04:00,2026-09-10 12:42:18,2026-09-10T12:42:45.552283+00:00,https://cdn.cboe.com/api/global/delayed_quotes/options/_SPX.json,567,0.10059934677828514,5.25,0.05714285714285728,0.78571467015324925,inverted,,0.037985609342559956,0.02375885355200771,7647.2969008163309,0.36646930523230431,0.36490114532207657,0.36800878892003513,-9.9475983006414026e-14,8,96.550908659949243,0.43910360908833468,-0.44306947676956976,-0.71405194726230548,converged,newton,,converged,,converged,,compared_not_calibrated
SPX,SPX261016P06025000,2026-10-16,AM,2026-10-16T09:30:00-04:00,put,6025,5.2000000000000002,5.5999999999999996,1164,347,3,1607,0.3669,5.0999999999999996,2026-09-09T15:58:40,7636.3599000000004,2026-09-09T16:14:59,2026-09-09T16:14:59-04:00,2026-09-10 12:42:18,2026-09-10T12:42:45.552283+00:00,https://cdn.cboe.com/api/global/delayed_quotes/options/_SPX.json,568,0.10059934677828514,5.4000000000000004,0.074074074074073973,0.78898848127888788,inverted,,0.037985609342559956,0.02375885355200771,7647.2969008163309,0.36252190240019894,0.36048734166700597,0.36450854771447161,-9.4146912488213275e-14,8,99.498059905452948,0.4469721432701359,-0.43780975998010674,,converged,newton,,converged,,converged,,compared_not_calibrated
SPX,SPX261016P06075000,2026-10-16,AM,2026-10-16T09:30:00-04:00,put,6075,5.5999999999999996,5.9000000000000004,614,285,245,2845,0.35920000000000002,5.0199999999999996,2026-09-09T10:53:59,7636.3599000000004,2026-09-09T16:14:59,2026-09-09T16:14:59-04:00,2026-09-10 12:42:18,2026-09-10T12:42:45.552283+00:00,https://cdn.cboe.com/api/global/delayed_quotes/options/_SPX.json,570,0.10059934677828514,5.75,0.052173913043478383,0.79553610353016491,inverted,,0.037985609342559956,0.02375885355200771,7647.2969008163309,0.35495713447555899,0.3535315941495944,0.35635915580649435,5.6843418860808015e-14,8,106.11178883888334,0.46150774955822271,-0.42428655244410307,,converged,newton,,converged,,converged,,compared_not_calibrated
SPX,SPX261016P06230000,2026-10-16,AM,2026-10-16T09:30:00-04:00,put,6230,6.7999999999999998,7.0999999999999996,645,15,1,899,0.33529999999999999,6,2026-09-09T09:59:17,7636.3599000000004,2026-09-09T16:14:59,2026-09-09T16:14:59-04:00,2026-09-10 12:42:18,2026-09-10T12:42:45.552283+00:00,https://cdn.cboe.com/api/global/delayed_quotes/options/_SPX.json,585,0.10059934677828514,6.9499999999999993,0.043165467625899262,0.81583373250912383,inverted,,0.037985609342559956,0.02375885355200771,7647.2969008163309,0.33101252296878392,0.32984362376830423,0.33216590753995434,-6.7501559897209518e-14,8,129.19389744309728,0.56762597033973705,-0.42874770312160693,,converged,newton,,converged,,converged,,compared_not_calibrated
SPX,SPX261016P06260000,2026-10-16,AM,2026-10-16T09:30:00-04:00,put,6260,7.0999999999999996,7.4000000000000004,499,202,98,723,0.33050000000000002,6.9000000000000004,2026-09-09T16:04:39,7636.3599000000004,2026-09-09T16:14:59,2026-09-09T16:14:59-04:00,2026-09-10 12:42:18,2026-09-10T12:42:45.552283+00:00,https://cdn.cboe.com/api/global/delayed_quotes/options/_SPX.json,588,0.10059934677828514,7.25,0.041379310344827683,0.81976230585989007,inverted,,0.037985609342559956,0.02375885355200771,7647.2969008163309,0.32663281710414577,0.32551197240393931,0.32773949371600658,1.1368683772161603e-13,8,134.6890349258785,0.53240215888772013,-0.38671828958542487,,converged,newton,,converged,,converged,,compared_not_calibrated
SPX,SPX261016P06325000,2026-10-16,AM,2026-10-16T09:30:00-04:00,put,6325,7.7000000000000002,8.0999999999999996,637,614,139,734,0.32050000000000001,7.4000000000000004,2026-09-09T16:03:56,7636.3599000000004,2026-09-09T16:14:59,2026-09-09T16:14:59-04:00,2026-09-10 12:42:18,2026-09-10T12:42:45.552283+00:00,https://cdn.cboe.com/api/global/delayed_quotes/options/_SPX.json,596,0.10059934677828514,7.9000000000000004,0.050632911392404993,0.82827421478655028,inverted,,0.037985609342559956,0.02375885355200771,7647.2969008163309,0.31677568558946967,0.31540366711215506,0.3181268242984352,-2.3092638912203256e-14,8,146.90468640666364,0.5586179640658937,-0.37243144105303383,,converged,newton,,converged,,converged,,compared_not_calibrated
SPX,SPX261016P06350000,2026-10-16,AM,2026-10-16T09:30:00-04:00,put,6350,8,8.3000000000000007,1072,487,2,1389,0.3165,7.0499999999999998,2026-09-09T09:50:08,7636.3599000000004,2026-09-09T16:14:59,2026-09-09T16:14:59-04:00,2026-09-10 12:42:18,2026-09-10T12:42:45.552283+00:00,https://cdn.cboe.com/api/global/delayed_quotes/options/_SPX.json,599,0.10059934677828514,8.1500000000000004,0.036809815950920331,0.83154802591218879,inverted,,0.037985609342559956,0.02375885355200771,7647.2969008163309,0.31286000907022171,0.31186586007383571,0.31384320069098881,1.4743761767022079e-13,8,151.72780019854795,0.56357656112087362,-0.36399909297782918,-0.74896437445431729,converged,newton,,converged,,converged,,compared_not_calibrated
SPX,SPX261016P06370000,2026-10-16,AM,2026-10-16T09:30:00-04:00,put,6370,8.1999999999999993,8.5,509,15,38,152,0.31359999999999999,7.6699999999999999,2026-09-09T12:10:42,7636.3599000000004,2026-09-09T16:14:59,2026-09-09T16:14:59-04:00,2026-09-10 12:42:18,2026-09-10T12:42:45.552283+00:00,https://cdn.cboe.com/api/global/delayed_quotes/options/_SPX.json,601,0.10059934677828514,8.3499999999999996,0.035928143712574939,0.83416707481269969,inverted,,0.037985609342559956,0.02375885355200771,7647.2969008163309,0.30968071387750412,0.30871171420281429,0.31063933639974456,2.3092638912203256e-14,8,155.64078083993209,0.62337870090569858,-0.39192861224958686,,converged,newton,,converged,,converged,,compared_not_calibrated
SPX,SPX261016P06410000,2026-10-16,AM,2026-10-16T09:30:00-04:00,put,6410,8.5999999999999996,9,854,321,2,71,0.307,8.0500000000000007,2026-09-09T15:55:00,7636.3599000000004,2026-09-09T16:14:59,2026-09-09T16:14:59-04:00,2026-09-10 12:42:18,2026-09-10T12:42:45.552283+00:00,https://cdn.cboe.com/api/global/delayed_quotes/options/_SPX.json,606,0.10059934677828514,8.8000000000000007,0.045454545454545491,0.83940517261372127,inverted,,0.037985609342559956,0.02375885355200771,7647.2969008163309,0.30350789273069562,0.30228136845114933,0.30471798927636851,2.0961010704922955e-13,8,164.17617182533328,0.58441422652783714,-0.34921072693043786,,converged,newton,,converged,,converged,,compared_not_calibrated
SPX,SPX261016P06460000,2026-10-16,AM,2026-10-16T09:30:00-04:00,put,6460,9.3000000000000007,9.5999999999999996,228,95,8,504,0.2994,8.1899999999999995,2026-09-09T10:52:43,7636.3599000000004,2026-09-09T16:14:59,2026-09-09T16:14:59-04:00,2026-09-10 12:42:18,2026-09-10T12:42:45.552283+00:00,https://cdn.cboe.com/api/global/delayed_quotes/options/_SPX.json,612,0.10059934677828514,9.4499999999999993,0.031746031746031633,0.84595279486499841,inverted,,0.037985609342559956,0.02375885355200771,7647.2969008163309,0.29603599759375621,0.29518025499473505,0.29688383172465449,-1.0658141036401503e-14,8,176.10749554393473,0.60329582444187579,-0.33640024062437934,,converged,newton,,converged,,converged,,compared_not_calibrated
SPX,SPX261016P06510000,2026-10-16,AM,2026-10-16T09:30:00-04:00,put,6510,9.9000000000000004,10.300000000000001,623,311,3,333,0.29149999999999998,9.2799999999999994,2026-09-09T15:53:59,7636.3599000000004,2026-09-09T16:14:59,2026-09-09T16:14:59-04:00,2026-09-10 12:42:18,2026-09-10T12:42:45.552283+00:00,https://cdn.cboe.com/api/global/delayed_quotes/options/_SPX.json,618,0.10059934677828514,10.100000000000001,0.039603960396039632,0.85250041711627544,inverted,,0.037985609342559956,0.02375885355200771,7647.2969008163309,0.28823820926504179,0.28717050211689932,0.28929379513850995,3.7367442473623669e-11,7,188.39877298938222,0.62529860954091276,-0.32617907349581921,,converged,newton,,converged,,converged,,compared_not_calibrated
SPX,SPX261016P06540000,2026-10-16,AM,2026-10-16T09:30:00-04:00,put,6540,10.4,10.699999999999999,285,23,152,236,0.28720000000000001,9.0299999999999994,2026-09-09T10:35:17,7636.3599000000004,2026-09-09T16:14:59,2026-09-09T16:14:59-04:00,2026-09-10 12:42:18,2026-09-10T12:42:45.552283+00:00,https://cdn.cboe.com/api/global/delayed_quotes/options/_SPX.json,622,0.10059934677828514,10.550000000000001,0.02843601895734587,0.85642899046704168,inverted,,0.037985609342559956,0.02375885355200771,7647.2969008163309,0.28371953248065712,0.28295346826295259,0.28447940200125721,1.5244694395732949e-11,7,196.60740358789693,0.69695767547933585,-0.34804675193428891,,converged,newton,,converged,,converged,,compared_not_calibrated
SPX,SPX261016P06590000,2026-10-16,AM,2026-10-16T09:30:00-04:00,put,6590,11.199999999999999,11.5,277,23,16,1301,0.27929999999999999,9.8699999999999992,2026-09-09T09:47:10,7636.3599000000004,2026-09-09T16:14:59,2026-09-09T16:14:59-04:00,2026-09-10 12:42:18,2026-09-10T12:42:45.552283+00:00,https://cdn.cboe.com/api/global/delayed_quotes/options/_SPX.json,628,0.10059934677828514,11.35,0.026431718061674072,0.86297661271831883,inverted,,0.037985609342559956,0.02375885355200771,7647.2969008163309,0.27614493783855226,0.27543188945649766,0.27685271476222473,3.2631675139782601e-12,7,211.15078040101037,0.67716520176630901,-0.31550621614477303,,converged,newton,,converged,,converged,,compared_not_calibrated
SPX,SPX261016P06620000,2026-10-16,AM,2026-10-16T09:30:00-04:00,put,6620,11.699999999999999,12.1,310,471,75,831,0.27479999999999999,10.93,2026-09-09T15:55:05,7636.3599000000004,2026-09-09T16:14:59,2026-09-09T16:14:59-04:00,2026-09-10 12:42:18,2026-09-10T12:42:45.552283+00:00,https://cdn.cboe.com/api/global/delayed_quotes/options/_SPX.json,631,0.10059934677828514,11.899999999999999,0.033613445378151294,0.86690518606908507,inverted,,0.037985609342559956,0.02375885355200771,7647.2969008163309,0.27174362080413494,0.27083362999360372,0.27264515977247861,8.8817841970012523e-13,7,220.81769806563088,0.68551895803691565,-0.30563791958650444,,converged,newton,,converged,,converged,,compared_not_calibrated
SPX,SPX261016P06690000,2026-10-16,AM,2026-10-16T09:30:00-04:00,put,6690,13.1,13.4,232,23,61,406,0.2641,11.890000000000001,2026-09-09T11:08:12,7636.3599000000004,2026-09-09T16:14:59,2026-09-09T16:14:59-04:00,2026-09-10 12:42:18,2026-09-10T12:42:45.552283+00:00,https://cdn.cboe.com/api/global/delayed_quotes/options/_SPX.json,640,0.10059934677828514,13.25,0.022641509433962318,0.876071857220873,inverted,,0.037985609342559956,0.02375885355200771,7647.2969008163309,0.26117778631773392,0.26056294998070156,0.26178887555906016,0,7,244.7178656366049,0.72552226855151503,-0.29222136822660838,,converged,newton,,converged,,converged,,compared_not_calibrated
SPX,SPX261016P06700000,2026-10-16,AM,2026-10-16T09:30:00-04:00,put,6700,13.300000000000001,13.6,327,23,1983,13731,0.26250000000000001,12.699999999999999,2026-09-09T16:06:50,7636.3599000000004,2026-09-09T16:14:59,2026-09-09T16:14:59-04:00,2026-09-10 12:42:18,2026-09-10T12:42:45.552283+00:00,https://cdn.cboe.com/api/global/delayed_quotes/options/_SPX.json,641,0.10059934677828514,13.449999999999999,0.022304832713754569,0.87738138167112834,inverted,,0.037985609342559956,0.02375885355200771,7647.2969008163309,0.25963152466630723,0.25902556295559542,0.26023386313280106,2.7355895326763857e-13,7,248.28738549847506,0.7223297196918459,-0.28684753336927771,-0.53387680164598805,converged,newton,,converged,,converged,,compared_not_calibrated
SPX,SPX261016P06710000,2026-10-16,AM,2026-10-16T09:30:00-04:00,put,6710,13.5,13.800000000000001,274,23,24,678,0.26090000000000002,12.800000000000001,2026-09-09T16:04:57,7636.3599000000004,2026-09-09T16:14:59,2026-09-09T16:14:59-04:00,2026-09-10 12:42:18,2026-09-10T12:42:45.552283+00:00,https://cdn.cboe.com/api/global/delayed_quotes/options/_SPX.json,642,0.10059934677828514,13.65,0.021978021978022028,0.87869090612138379,inverted,,0.037985609342559956,0.02375885355200771,7647.2969008163309,0.25806879849041714,0.25747151252393247,0.25866257988234598,2.042810365310288e-13,7,251.87954296142195,0.72308002361942236,-0.28312015095828813,,converged,newton,,converged,,converged,,compared_not_calibrated
SPX,SPX261016P06730000,2026-10-16,AM,2026-10-16T09:30:00-04:00,put,6730,13.9,14.300000000000001,548,23,26,476,0.25790000000000002,12.4,2026-09-09T14:22:09,7636.3599000000004,2026-09-09T16:14:59,2026-09-09T16:14:59-04:00,2026-09-10 12:42:18,2026-09-10T12:42:45.552283+00:00,https://cdn.cboe.com/api/global/delayed_quotes/options/_SPX.json,645,0.10059934677828514,14.100000000000001,0.028368794326241158,0.88130995502189458,inverted,,0.037985609342559956,0.02375885355200771,7647.2969008163309,0.25508769401968973,0.25431442636899493,0.25585516256302665,4.7606363295926712e-13,7,259.62400829745008,0.74015514876949595,-0.28123059803102923,,converged,newton,,converged,,converged,,compared_not_calibrated
SPX,SPX261016P06750000,2026-10-16,AM,2026-10-16T09:30:00-04:00,put,6750,14.4,14.800000000000001,444,192,56,7894,0.255,13.699999999999999,2026-09-09T16:04:57,7636.3599000000004,2026-09-09T16:14:59,2026-09-09T16:14:59-04:00,2026-09-10 12:42:18,2026-09-10T12:42:45.552283+00:00,https://cdn.cboe.com/api/global/delayed_quotes/options/_SPX.json,647,0.10059934677828514,14.600000000000001,0.027397260273972626,0.88392900392240548,inverted,,0.037985609342559956,0.02375885355200771,7647.2969008163309,0.25221933552698628,0.25147019683399469,0.25296310029573932,-3.1974423109204508e-13,7,267.94175650262616,0.75502532875665196,-0.27806644730137275,,converged,newton,,converged,,converged,,compared_not_calibrated
SPX,SPX261016P06770000,2026-10-16,AM,2026-10-16T09:30:00-04:00,put,6770,14.9,15.300000000000001,312,23,3,671,0.252,14,2026-09-09T11:30:33,7636.3599000000004,2026-09-09T16:14:59,2026-09-09T16:14:59-04:00,2026-09-10 12:42:18,2026-09-10T12:42:45.552283+00:00,https://cdn.cboe.com/api/global/delayed_quotes/options/_SPX.json,649,0.10059934677828514,15.100000000000001,0.026490066225165584,0.88654805282291627,inverted,,0.037985609342559956,0.02375885355200771,7647.2969008163309,0.24926822706710347,0.2485419837746092,0.24998948197003112,-5.4711790653527714e-13,7,276.34600264254806,0.76471112455228507,-0.27317729328965312,,converged,newton,,converged,,converged,,compared_not_calibrated
SPX,SPX261016P06820000,2026-10-16,AM,2026-10-16T09:30:00-04:00,put,6820,16.199999999999999,16.800000000000001,560,353,4,1500,0.24490000000000001,14.720000000000001,2026-09-09T12:04:54,7636.3599000000004,2026-09-09T16:14:59,2026-09-09T16:14:59-04:00,2026-09-10 12:42:18,2026-09-10T12:42:45.552283+00:00,https://cdn.cboe.com/api/global/delayed_quotes/options/_SPX.json,655,0.10059934677828514,16.5,0.036363636363636452,0.89309567507419341,inverted,,0.037985609342559956,0.02375885355200771,7647.2969008163309,0.24204900551165862,0.24104156401509796,0.24304721222915324,0,7,299.16932219297098,0.86406010533966082,-0.28509944883413907,,converged,newton,,converged,,converged,,compared_not_calibrated
SPX,SPX261016P06870000,2026-10-16,AM,2026-10-16T09:30:00-04:00,put,6870,17.800000000000001,18.399999999999999,527,401,10,299,0.23749999999999999,16.800000000000001,2026-09-09T11:30:32,7636.3599000000004,2026-09-09T16:14:59,2026-09-09T16:14:59-04:00,2026-09-10 12:42:18,2026-09-10T12:42:45.552283+00:00,https://cdn.cboe.com/api/global/delayed_quotes/options/_SPX.json,661,0.10059934677828514,18.100000000000001,0.033149171270718113,0.89964329732547044,inverted,,0.037985609342559956,0.02375885355200771,7647.2969008163309,0.23491331220307834,0.2339847142694276,0.23583437965493748,1.3500311979441904e-13,7,324.39536944192184,0.84863124293681125,-0.2586687796921644,,converged,newton,,converged,,converged,,compared_not_calibrated
SPX,SPX261016P06880000,2026-10-16,AM,2026-10-16T09:30:00-04:00,put,6880,18.100000000000001,18.800000000000001,611,493,1,1175,0.23599999999999999,17.100000000000001,2026-09-09T11:30:37,7636.3599000000004,2026-09-09T16:14:59,2026-09-09T16:14:59-04:00,2026-09-10 12:42:18,2026-09-10T12:42:45.552283+00:00,https://cdn.cboe.com/api/global/delayed_quotes/options/_SPX.json,663,0.10059934677828514,18.450000000000003,0.037940379403793995,0.90095282177572589,inverted,,0.037985609342559956,0.02375885355200771,7647.2969008163309,0.23350539701063511,0.23243910452073768,0.23456186285433278,-1.8474111129762605e-13,7,329.77599603810188,0.83157955933545225,-0.24946029893648802,,converged,newton,,converged,,converged,,compared_not_calibrated
SPX,SPX261016P06890000,2026-10-16,AM,2026-10-16T09:30:00-04:00,put,6890,18.5,19.100000000000001,547,369,41,392,0.2346,17.5,2026-09-09T16:04:57,7636.3599000000004,2026-09-09T16:14:59,2026-09-09T16:14:59-04:00,2026-09-10 12:42:18,2026-09-10T12:42:45.552283+00:00,https://cdn.cboe.com/api/global/delayed_quotes/options/_SPX.json,664,0.10059934677828514,18.800000000000001,0.03191489361702135,0.90226234622598123,inverted,,0.037985609342559956,0.02375885355200771,7647.2969008163309,0.23207162046478899,0.23117308507353787,0.23296323139240346,2.9487523534044158e-13,7,335.17982473332881,0.85668764830399979,-0.25283795352110117,,converged,newton,,converged,,converged,,compared_not_calibrated
SPX,SPX261016P06900000,2026-10-16,AM,2026-10-16T09:30:00-04:00,put,6900,18.800000000000001,19.5,747,609,10,9294,0.2331,16.829999999999998,2026-09-09T14:14:21,7636.3599000000004,2026-09-09T16:14:59,2026-09-09T16:14:59-04:00,2026-09-10 12:42:18,2026-09-10T12:42:45.552283+00:00,https://cdn.cboe.com/api/global/delayed_quotes/options/_SPX.json,665,0.10059934677828514,19.149999999999999,0.036553524804177513,0.90357187067623668,inverted,,0.037985609342559956,0.02375885355200771,7647.2969008163309,0.23061244559985752,0.2295803034447568,0.23163554314061818,-4.7606363295926712e-13,7,340.60835676098674,0.85627398486733597,-0.24875544001424776,,converged,newton,,converged,,converged,,compared_not_calibrated
SPX,SPX261016P06925000,2026-10-16,AM,2026-10-16T09:30:00-04:00,put,6925,19.800000000000001,20.5,546,467,1,1358,0.2296,17.43,2026-09-09T14:49:38,7636.3599000000004,2026-09-09T16:14:59,2026-09-09T16:14:59-04:00,2026-09-10 12:42:18,2026-09-10T12:42:45.552283+00:00,https://cdn.cboe.com/api/global/delayed_quotes/options/_SPX.json,668,0.10059934677828514,20.149999999999999,0.034739454094292771,0.90684568180187519,inverted,,0.037985609342559956,0.02375885355200771,7647.2969008163309,0.22720845757006888,0.22621940738616955,0.22818941914451432,-3.6237679523765109e-13,7,355.34214613377964,0.8582541389258509,-0.2391542429931115,,converged,newton,,converged,,converged,,compared_not_calibrated
SPX,SPX261016P06950000,2026-10-16,AM,2026-10-16T09:30:00-04:00,put,6950,20.899999999999999,21.5,339,489,54,7385,0.22620000000000001,18.620000000000001,2026-09-09T15:29:02,7636.3599000000004,2026-09-09T16:14:59,2026-09-09T16:14:59-04:00,2026-09-10 12:42:18,2026-09-10T12:42:45.552283+00:00,https://cdn.cboe.com/api/global/delayed_quotes/options/_SPX.json,671,0.10059934677828514,21.199999999999999,0.028301886792452897,0.91011949292751371,inverted,,0.037985609342559956,0.02375885355200771,7647.2969008163309,0.22376194452384776,0.22294981198826863,0.22456876606315554,-2.9487523534044158e-13,7,370.61936837962895,0.91247968198210927,-0.2438055476152251,,converged,newton,,converged,,converged,,compared_not_calibrated
SPX,SPX261016P06980000,2026-10-16,AM,2026-10-16T09:30:00-04:00,put,6980,22.199999999999999,22.800000000000001,373,185,1,464,0.2218,20.899999999999999,2026-09-09T11:30:37,7636.3599000000004,2026-09-09T16:14:59,2026-09-09T16:14:59-04:00,2026-09-10 12:42:18,2026-09-10T12:42:45.552283+00:00,https://cdn.cboe.com/api/global/delayed_quotes/options/_SPX.json,675,0.10059934677828514,22.5,0.026666666666666731,0.91404806627828006,inverted,,0.037985609342559956,0.02375885355200771,7647.2969008163309,0.21949128744187577,0.21871864494373805,0.22025928295830363,4.5474735088646412e-13,7,389.45789355662555,0.90723782736870362,-0.23087125581242318,,converged,newton,,converged,,converged,,compared_not_calibrated
SPX,SPX261016P07000000,2026-10-16,AM,2026-10-16T09:30:00-04:00,put,7000,23.199999999999999,23.800000000000001,314,441,2830,151319,0.21909999999999999,21.440000000000001,2026-09-09T16:12:09,7636.3599000000004,2026-09-09T16:14:59,2026-09-09T16:14:59-04:00,2026-09-10 12:42:18,2026-09-10T12:42:45.552283+00:00,https://cdn.cboe.com/api/global/delayed_quotes/options/_SPX.json,677,0.10059934677828514,23.5,0.025531914893617082,0.91666711517879085,inverted,,0.037985609342559956,0.02375885355200771,7647.2969008163309,0.21683186280711086,0.2160856228261672,0.21757388242869891,-1.1368683772161603e-13,7,403.16372025291957,0.92229715562132242,-0.22681371928891247,-0.32808745352394908,converged,newton,,converged,,converged,,compared_not_calibrated
SPX,SPX261016P07020000,2026-10-16,AM,2026-10-16T09:30:00-04:00,put,7020,24.199999999999999,24.800000000000001,306,315,315,1534,0.21629999999999999,22.399999999999999,2026-09-09T16:12:29,7636.3599000000004,2026-09-09T16:14:59,2026-09-09T16:14:59-04:00,2026-09-10 12:42:18,2026-09-10T12:42:45.552283+00:00,https://cdn.cboe.com/api/global/delayed_quotes/options/_SPX.json,679,0.10059934677828514,24.5,0.024489795918367405,0.91928616407930164,inverted,,0.037985609342559956,0.02375885355200771,7647.2969008163309,0.21404057964327725,0.21331911849140112,0.21475819880330341,5.5479176808148623e-11,6,416.94065809063449,0.94990217281849709,-0.22594203567227467,,converged,newton,,converged,,converged,,compared_not_calibrated
SPX,SPX261016P07025000,2026-10-16,AM,2026-10-16T09:30:00-04:00,put,7025,24.399999999999999,25.100000000000001,532,485,5,709,0.21560000000000001,21.43,2026-09-09T14:49:38,7636.3599000000004,2026-09-09T16:14:59,2026-09-09T16:14:59-04:00,2026-09-10 12:42:18,2026-09-10T12:42:45.552283+00:00,https://cdn.cboe.com/api/global/delayed_quotes/options/_SPX.json,680,0.10059934677828514,24.75,0.028282828282828399,0.91994092630442936,inverted,,0.037985609342559956,0.02375885355200771,7647.2969008163309,0.21332271503981104,0.21248759549622079,0.21415272476492306,4.3200998334214091e-11,6,420.39810025623399,0.96536108982627411,-0.22772849601889744,-0.073438341180349198,converged,newton,,converged,,converged,,compared_not_calibrated
SPX,SPX261016P07030000,2026-10-16,AM,2026-10-16T09:30:00-04:00,put,7030,24.699999999999999,25.300000000000001,492,10,5,786,0.215,23.899999999999999,2026-09-09T11:24:32,7636.3599000000004,2026-09-09T16:14:59,2026-09-09T16:14:59-04:00,2026-09-10 12:42:18,2026-09-10T12:42:45.552283+00:00,https://cdn.cboe.com/api/global/delayed_quotes/options/_SPX.json,681,0.10059934677828514,25,0.024000000000000056,0.92059568852955709,inverted,,0.037985609342559956,0.02375885355200771,7647.2969008163309,0.21259696793250404,0.21188734259830722,0.2133029246375438,3.3992364478763193e-11,6,423.86137890938124,1.0274655606174292,-0.24030320674959527,,converged,newton,,converged,,converged,,compared_not_calibrated
SPX,SPX261016P07050000,2026-10-16,AM,2026-10-16T09:30:00-04:00,put,7050,25.899999999999999,26.5,218,343,881,7248,0.21229999999999999,23.600000000000001,2026-09-09T16:01:54,7636.3599000000004,2026-09-09T16:14:59,2026-09-09T16:14:59-04:00,2026-09-10 12:42:18,2026-09-10T12:42:45.552283+00:00,https://cdn.cboe.com/api/global/delayed_quotes/options/_SPX.json,683,0.10059934677828514,26.199999999999999,0.022900763358778681,0.92321473743006788,inverted,,0.037985609342559956,0.02375885355200771,7647.2969008163309,0.21007248576427701,0.20938776211255969,0.21075390300548108,1.0846434861377929e-11,6,439.20024338551758,0.98600484288651913,-0.22275142357229827,,converged,newton,,converged,,converged,,compared_not_calibrated
SPX,SPX261016P07075000,2026-10-16,AM,2026-10-16T09:30:00-04:00,put,7075,27.399999999999999,28,202,275,2,1115,0.2089,23.879999999999999,2026-09-09T14:49:38,7636.3599000000004,2026-09-09T16:14:59,2026-09-09T16:14:59-04:00,2026-09-10 12:42:18,2026-09-10T12:42:45.552283+00:00,https://cdn.cboe.com/api/global/delayed_quotes/options/_SPX.json,686,0.10059934677828514,27.699999999999999,0.021660649819494636,0.9264885485557065,inverted,,0.037985609342559956,0.02375885355200771,7647.2969008163309,0.20670503661201378,0.2060491530648928,0.20735800583034328,2.7746693831431912e-12,6,458.42299163053724,1.0136938187361473,-0.21949633879862207,,converged,newton,,converged,,converged,,compared_not_calibrated
SPX,SPX261016P07090000,2026-10-16,AM,2026-10-16T09:30:00-04:00,put,7090,28.300000000000001,28.899999999999999,185,30,80,677,0.20669999999999999,25.109999999999999,2026-09-09T11:08:12,7636.3599000000004,2026-09-09T16:14:59,2026-09-09T16:14:59-04:00,2026-09-10 12:42:18,2026-09-10T12:42:45.552283+00:00,https://cdn.cboe.com/api/global/delayed_quotes/options/_SPX.json,688,0.10059934677828514,28.600000000000001,0.020979020979020904,0.92845283523108957,inverted,,0.037985609342559956,0.02375885355200771,7647.2969008163309,0.20457572151316208,0.20393606117018229,0.20521267550063677,8.1712414612411521e-13,6,469.99908578261119,1.0054127799164903,-0.21242784868379105,,converged,newton,,converged,,converged,,compared_not_calibrated
SPX,SPX261016P07100000,2026-10-16,AM,2026-10-16T09:30:00-04:00,put,7100,28.899999999999999,29.600000000000001,276,245,2480,17220,0.2054,26.5,2026-09-09T16:00:49,7636.3599000000004,2026-09-09T16:14:59,2026-09-09T16:14:59-04:00,2026-09-10 12:42:18,2026-09-10T12:42:45.552283+00:00,https://cdn.cboe.com/api/global/delayed_quotes/options/_SPX.json,689,0.10059934677828514,29.25,0.02393162393162403,0.92976235968134502,inverted,,0.037985609342559956,0.02375885355200771,7647.2969008163309,0.20321668388210826,0.20248280670566279,0.20394706281045671,3.4106051316484809e-13,6,478.06620464714644,1.0511614462490115,-0.21833161178917426,,converged,newton,,converged,,converged,,compared_not_calibrated
SPX,SPX261016P07110000,2026-10-16,AM,2026-10-16T09:30:00-04:00,put,7110,29.600000000000001,30.300000000000001,273,248,11,22314,0.20399999999999999,26.600000000000001,2026-09-09T11:55:36,7636.3599000000004,2026-09-09T16:14:59,2026-09-09T16:14:59-04:00,2026-09-10 12:42:18,2026-09-10T12:42:45.552283+00:00,https://cdn.cboe.com/api/global/delayed_quotes/options/_SPX.json,690,0.10059934677828514,29.950000000000003,0.023372287145242043,0.93107188413160036,inverted,,0.037985609342559956,0.02375885355200771,7647.2969008163309,0.20192235939567993,0.20120121392410548,0.20264019032908315,-2.9842794901924208e-13,6,486.46433734111866,1.0173812071714536,-0.20776406043200579,,converged,newton,,converged,,converged,,compared_not_calibrated
SPX,SPX261016P07120000,2026-10-16,AM,2026-10-16T09:30:00-04:00,put,7120,30.300000000000001,31,261,193,1,1558,0.20269999999999999,25.699999999999999,2026-09-09T10:32:47,7636.3599000000004,2026-09-09T16:14:59,2026-09-09T16:14:59-04:00,2026-09-10 12:42:18,2026-09-10T12:42:45.552283+00:00,https://cdn.cboe.com/api/global/delayed_quotes/options/_SPX.json,691,0.10059934677828514,30.649999999999999,0.022838499184339292,0.93238140858185581,inverted,,0.037985609342559956,0.02375885355200771,7647.2969008163309,0.20058711904143631,0.19987827299677485,0.20129282262199941,1.3429257705865894e-12,6,494.86428955112052,1.0524859162935414,-0.21128809585636843,,converged,newton,,converged,,converged,,compared_not_calibrated
SPX,SPX261016P07130000,2026-10-16,AM,2026-10-16T09:30:00-04:00,put,7130,31.100000000000001,31.699999999999999,200,192,4,1094,0.2014,28.48,2026-09-09T15:53:59,7636.3599000000004,2026-09-09T16:14:59,2026-09-09T16:14:59-04:00,2026-09-10 12:42:18,2026-09-10T12:42:45.552283+00:00,https://cdn.cboe.com/api/global/delayed_quotes/options/_SPX.json,693,0.10059934677828514,31.399999999999999,0.019108280254777003,0.93369093303211126,inverted,,0.037985609342559956,0.02375885355200771,7647.2969008163309,0.19931100513000324,0.19871416911781223,0.19990565696502771,1.1155520951433573e-12,6,503.57708720221547,1.0586900962302721,-0.2088994869996752,,converged,newton,,converged,,converged,,compared_not_calibrated
SPX,SPX261016P07150000,2026-10-16,AM,2026-10-16T09:30:00-04:00,put,7150,32.600000000000001,33.200000000000003,211,160,123,7503,0.19869999999999999,28.829999999999998,2026-09-09T14:20:02,7636.3599000000004,2026-09-09T16:14:59,2026-09-09T16:14:59-04:00,2026-09-10 12:42:18,2026-09-10T12:42:45.552283+00:00,https://cdn.cboe.com/api/global/delayed_quotes/options/_SPX.json,695,0.10059934677828514,32.900000000000006,0.018237082066869342,0.93630998193262205,inverted,,0.037985609342559956,0.02375885355200771,7647.2969008163309,0.19663095918967724,0.19605415196156065,0.19720580788332631,5.4001247917767614e-13,6,520.99354837668,1.084501419727161,-0.20690408103227476,,converged,newton,,converged,,converged,,compared_not_calibrated
SPX,SPX261016P07160000,2026-10-16,AM,2026-10-16T09:30:00-04:00,put,7160,33.399999999999999,34,215,135,36,20265,0.19739999999999999,29.600000000000001,2026-09-09T14:10:17,7636.3599000000004,2026-09-09T16:14:59,2026-09-09T16:14:59-04:00,2026-09-10 12:42:18,2026-09-10T12:42:45.552283+00:00,https://cdn.cboe.com/api/global/delayed_quotes/options/_SPX.json,696,0.10059934677828514,33.700000000000003,0.017804154302670665,0.9376195063828775,inverted,,0.037985609342559956,0.02375885355200771,7647.2969008163309,0.19532283518693241,0.19475585935138523,0.19588795961544514,-6.3948846218409017e-13,6,529.99279785934868,1.107445127839398,-0.20771648130675779,,converged,newton,,converged,,converged,,compared_not_calibrated
SPX,SPX261016P07175000,2026-10-16,AM,2026-10-16T09:30:00-04:00,put,7175,34.600000000000001,35.299999999999997,230,163,33,3105,0.19539999999999999,30.5,2026-09-09T13:13:53,7636.3599000000004,2026-09-09T16:14:59,2026-09-09T16:14:59-04:00,2026-09-10 12:42:18,2026-09-10T12:42:45.552283+00:00,https://cdn.cboe.com/api/global/delayed_quotes/options/_SPX.json,698,0.10059934677828514,34.950000000000003,0.02002861230329029,0.93958379305826056,inverted,,0.037985609342559956,0.02375885355200771,7647.2969008163309,0.19337053430491277,0.19272570414589885,0.19401305160912821,4.2632564145606011e-14,6,543.75933750945899,1.1097500393066611,-0.20294656950872181,,converged,newton,,converged,,converged,,compared_not_calibrated
SPX,SPX261016P07180000,2026-10-16,AM,2026-10-16T09:30:00-04:00,put,7180,35.100000000000001,35.700000000000003,188,183,8,1320,0.1948,30.5,2026-09-09T14:01:06,7636.3599000000004,2026-09-09T16:14:59,2026-09-09T16:14:59-04:00,2026-09-10 12:42:18,2026-09-10T12:42:45.552283+00:00,https://cdn.cboe.com/api/global/delayed_quotes/options/_SPX.json,699,0.10059934677828514,35.400000000000006,0.016949152542372919,0.94023855528338829,inverted,,0.037985609342559956,0.02375885355200771,7647.2969008163309,0.19275798730765109,0.19221023886698188,0.19330408661831749,3.1263880373444408e-13,6,548.52641723397414,1.1263598306250913,-0.20420126923489101,,converged,newton,,converged,,converged,,compared_not_calibrated
SPX,SPX261016P07190000,2026-10-16,AM,2026-10-16T09:30:00-04:00,put,7190,36,36.600000000000001,136,166,16,1054,0.19350000000000001,34.299999999999997,2026-09-09T12:22:26,7636.3599000000004,2026-09-09T16:14:59,2026-09-09T16:14:59-04:00,2026-09-10 12:42:18,2026-09-10T12:42:45.552283+00:00,https://cdn.cboe.com/api/global/delayed_quotes/options/_SPX.json,700,0.10059934677828514,36.299999999999997,0.016528925619834753,0.94154807973364374,inverted,,0.037985609342559956,0.02375885355200771,7647.2969008163309,0.19149654446350284,0.19095816943320756,0.19203336540431942,-4.2632564145606011e-14,6,558.04162686068855,1.1239924874088985,-0.20034555364971673,,converged,newton,,converged,,converged,,compared_not_calibrated
SPX,SPX261016P07200000,2026-10-16,AM,2026-10-16T09:30:00-04:00,put,7200,36.899999999999999,37.5,183,169,2079,23396,0.19220000000000001,33.600000000000001,2026-09-09T16:00:37,7636.3599000000004,2026-09-09T16:14:59,2026-09-09T16:14:59-04:00,2026-09-10 12:42:18,2026-09-10T12:42:45.552283+00:00,https://cdn.cboe.com/api/global/delayed_quotes/options/_SPX.json,701,0.10059934677828514,37.200000000000003,0.016129032258064554,0.94285760418389919,inverted,,0.037985609342559956,0.02375885355200771,7647.2969008163309,0.19018735036200701,0.18965801229754209,0.19071522303942967,4.2632564145606011e-14,6,567.53476627522878,1.1482343379205275,-0.2012649637992997,-0.19089455477620731,converged,newton,,converged,,converged,,compared_not_calibrated
SPX,SPX261016P07210000,2026-10-16,AM,2026-10-16T09:30:00-04:00,put,7210,37.799999999999997,38.399999999999999,194,145,2,1114,0.1908,33.560000000000002,2026-09-09T12:54:03,7636.3599000000004,2026-09-09T16:14:59,2026-09-09T16:14:59-04:00,2026-09-10 12:42:18,2026-09-10T12:42:45.552283+00:00,https://cdn.cboe.com/api/global/delayed_quotes/options/_SPX.json,702,0.10059934677828514,38.099999999999994,0.01574803149606303,0.94416712863415453,inverted,,0.037985609342559956,0.02375885355200771,7647.2969008163309,0.18883118377044203,0.18831056730321466,0.18935041778060513,1.4210854715202004e-13,6,577.00950869137898,1.1417045003978785,-0.19688162295579681,,converged,newton,,converged,,converged,,compared_not_calibrated
SPX,SPX261016P07215000,2026-10-16,AM,2026-10-16T09:30:00-04:00,put,7215,38.299999999999997,38.899999999999999,103,10,1,242,0.19020000000000001,33,2026-09-09T10:02:42,7636.3599000000004,2026-09-09T16:14:59,2026-09-09T16:14:59-04:00,2026-09-10 12:42:18,2026-09-10T12:42:45.552283+00:00,https://cdn.cboe.com/api/global/delayed_quotes/options/_SPX.json,703,0.10059934677828514,38.599999999999994,0.015544041450777242,0.94482189085928225,inverted,,0.037985609342559956,0.02375885355200771,7647.2969008163309,0.18822163618064658,0.18770549342442866,0.18873643894340525,-3.1263880373444408e-13,6,581.99340210474861,1.1570972061212217,-0.19783638193534292,,converged,newton,,converged,,converged,,compared_not_calibrated
SPX,SPX261016P07220000,2026-10-16,AM,2026-10-16T09:30:00-04:00,put,7220,38.799999999999997,39.399999999999999,167,141,18,1274,0.1895,35.799999999999997,2026-09-09T16:04:47,7636.3599000000004,2026-09-09T16:14:59,2026-09-09T16:14:59-04:00,2026-09-10 12:42:18,2026-09-10T12:42:45.552283+00:00,https://cdn.cboe.com/api/global/delayed_quotes/options/_SPX.json,704,0.10059934677828514,39.099999999999994,0.015345268542199527,0.94547665308440998,inverted,,0.037985609342559956,0.02375885355200771,7647.2969008163309,0.18759917848033922,0.18708742437074846,0.18810963355908478,5.9685589803848416e-13,6,586.96730453310806,1.1209564482861936,-0.19008215196607836,,converged,newton,,converged,,converged,,compared_not_calibrated
SPX,SPX261016P07225000,2026-10-16,AM,2026-10-16T09:30:00-04:00,put,7225,39.299999999999997,39.899999999999999,165,138,229,2050,0.18890000000000001,35.5,2026-09-09T16:00:02,7636.3599000000004,2026-09-09T16:14:59,2026-09-09T16:14:59-04:00,2026-09-10 12:42:18,2026-09-10T12:42:45.552283+00:00,https://cdn.cboe.com/api/global/delayed_quotes/options/_SPX.json,705,0.10059934677828514,39.599999999999994,0.01515151515151519,0.9461314153095377,inverted,,0.037985609342559956,0.02375885355200771,7647.2969008163309,0.18696392255909497,0.18645647485468786,0.1874701107661263,5.9685589803848416e-13,6,591.93173006679638,1.1514264087528829,-0.1936077440905043,,converged,newton,,converged,,converged,,compared_not_calibrated
SPX,SPX261016P07230000,2026-10-16,AM,2026-10-16T09:30:00-04:00,put,7230,39.799999999999997,40.399999999999999,120,32,65,700,0.18820000000000001,34.899999999999999,2026-09-09T14:59:46,7636.3599000000004,2026-09-09T16:14:59,2026-09-09T16:14:59-04:00,2026-09-10 12:42:18,2026-09-10T12:42:45.552283+00:00,https://cdn.cboe.com/api/global/delayed_quotes/options/_SPX.json,706,0.10059934677828514,40.099999999999994,0.014962593516209514,0.94678617753466543,inverted,,0.037985609342559956,0.02375885355200771,7647.2969008163309,0.18631597397295799,0.18581275312416309,0.18681797349630289,-8.5265128291212022e-14,6,596.88717684338019,1.1296364087246786,-0.18840260270420184,,converged,newton,,converged,,converged,,compared_not_calibrated
SPX,SPX261016P07235000,2026-10-16,AM,2026-10-16T09:30:00-04:00,put,7235,40.299999999999997,40.899999999999999,100,42,119,423,0.18759999999999999,34.109999999999999,2026-09-09T10:38:18,7636.3599000000004,2026-09-09T16:14:59,2026-09-09T16:14:59-04:00,2026-09-10 12:42:18,2026-09-10T12:42:45.552283+00:00,https://cdn.cboe.com/api/global/delayed_quotes/options/_SPX.json,707,0.10059934677828514,40.599999999999994,0.014778325123152747,0.94744093975979304,inverted,,0.037985609342559956,0.02375885355200771,7647.2969008163309,0.18565543213037053,0.18515636115590164,0.18615331865342902,-8.5265128291212022e-14,6,601.834127478097,1.1756913254925223,-0.19445678696294599,,converged,newton,,converged,,converged,,compared_not_calibrated
SPX,SPX261016P07240000,2026-10-16,AM,2026-10-16T09:30:00-04:00,put,7240,40.799999999999997,41.399999999999999,123,10,8,378,0.18690000000000001,36.299999999999997,2026-09-09T13:03:03,7636.3599000000004,2026-09-09T16:14:59,2026-09-09T16:14:59-04:00,2026-09-10 12:42:18,2026-09-10T12:42:45.552283+00:00,https://cdn.cboe.com/api/global/delayed_quotes/options/_SPX.json,708,0.10059934677828514,41.099999999999994,0.014598540145985437,0.94809570198492077,inverted,,0.037985609342559956,0.02375885355200771,7647.2969008163309,0.18498239046358536,0.18448739483379814,0.18547623727812382,-5.4001247917767614e-13,6,606.77304944824073,1.1687582001708563,-0.19176095364146495,,converged,newton,,converged,,converged,,compared_not_calibrated
SPX,SPX261016P07245000,2026-10-16,AM,2026-10-16T09:30:00-04:00,put,7245,41.299999999999997,42,132,42,17,239,0.18629999999999999,36.609999999999999,2026-09-09T11:08:28,7636.3599000000004,2026-09-09T16:14:59,2026-09-09T16:14:59-04:00,2026-09-10 12:42:18,2026-09-10T12:42:45.552283+00:00,https://cdn.cboe.com/api/global/delayed_quotes/options/_SPX.json,709,0.10059934677828514,41.649999999999999,0.016806722689075699,0.94875046421004849,inverted,,0.037985609342559956,0.02375885355200771,7647.2969008163309,0.18437865994759484,0.18380594411301648,0.18494986216737122,-3.6237679523765109e-13,6,611.93588869944222,1.180924055685729,-0.19213400524051572,,converged,newton,,converged,,converged,,compared_not_calibrated
SPX,SPX261016P07250000,2026-10-16,AM,2026-10-16T09:30:00-04:00,put,7250,41.899999999999999,42.5,138,153,410,7655,0.1857,38.270000000000003,2026-09-09T16:07:49,7636.3599000000004,2026-09-09T16:14:59,2026-09-09T16:14:59-04:00,2026-09-10 12:42:18,2026-09-10T12:42:45.552283+00:00,https://cdn.cboe.com/api/global/delayed_quotes/options/_SPX.json,710,0.10059934677828514,42.200000000000003,0.014218009478673018,0.94940522643517622,inverted,,0.037985609342559956,0.02375885355200771,7647.2969008163309,0.18376126463691919,0.18327456720513219,0.18424688549094009,2.7000623958883807e-13,6,617.08470309801316,1.2016063851281586,-0.19387353630808124,-0.18159633008906439,converged,newton,,converged,,converged,,compared_not_calibrated
SPX,SPX261016P07310000,2026-10-16,AM,2026-10-16T09:30:00-04:00,put,7310,49.100000000000001,49.700000000000003,116,76,18,1148,0.17799999999999999,44.840000000000003,2026-09-09T16:03:55,7636.3599000000004,2026-09-09T16:14:59,2026-09-09T16:14:59-04:00,2026-09-10 12:42:18,2026-09-10T12:42:45.552283+00:00,https://cdn.cboe.com/api/global/delayed_quotes/options/_SPX.json,722,0.10059934677828514,49.400000000000006,0.012145748987854279,0.9572623731367087,inverted,,0.037985609342559956,0.02375885355200771,7647.2969008163309,0.17620465207645988,0.17576323384498463,0.17664535192679306,-1.4210854715202004e-13,6,680.18303671405636,1.2251811601612133,-0.17953479235401082,,converged,newton,,converged,,converged,,compared_not_calibrated
SPX,SPX261016P07315000,2026-10-16,AM,2026-10-16T09:30:00-04:00,put,7315,49.700000000000003,50.299999999999997,78,10,1,165,0.1774,42.439999999999998,2026-09-09T09:32:01,7636.3599000000004,2026-09-09T16:14:59,2026-09-09T16:14:59-04:00,2026-09-10 12:42:18,2026-09-10T12:42:45.552283+00:00,https://cdn.cboe.com/api/global/delayed_quotes/options/_SPX.json,723,0.10059934677828514,50,0.011999999999999886,0.95791713536183642,inverted,,0.037985609342559956,0.02375885355200771,7647.2969008163309,0.17548403123902326,0.17504594016358152,0.17592142750426851,2.2737367544323206e-13,6,685.3345168312029,1.3176016343579704,-0.1915968760976744,,converged,newton,,converged,,converged,,compared_not_calibrated
SPX,SPX261016P07340000,2026-10-16,AM,2026-10-16T09:30:00-04:00,put,7340,53.100000000000001,54,123,129,154,3434,0.17419999999999999,47.229999999999997,2026-09-09T15:05:10,7636.3599000000004,2026-09-09T16:14:59,2026-09-09T16:14:59-04:00,2026-09-10 12:42:18,2026-09-10T12:42:45.552283+00:00,https://cdn.cboe.com/api/global/delayed_quotes/options/_SPX.json,728,0.10059934677828514,53.549999999999997,0.016806722689075605,0.96119094648747494,inverted,,0.037985609342559956,0.02375885355200771,7647.2969008163309,0.17245017444899943,0.17181810582075072,0.17308094490801351,6.8851591095153708e-11,5,712.68356410196509,1.2505953432450525,-0.17498255510005611,,converged,newton,,converged,,converged,,compared_not_calibrated
SPX,SPX261016P07350000,2026-10-16,AM,2026-10-16T09:30:00-04:00,put,7350,54.600000000000001,55.5,121,124,289,6323,0.17299999999999999,49.729999999999997,2026-09-09T16:13:20,7636.3599000000004,2026-09-09T16:14:59,2026-09-09T16:14:59-04:00,2026-09-10 12:42:18,2026-09-10T12:42:45.552283+00:00,https://cdn.cboe.com/api/global/delayed_quotes/options/_SPX.json,730,0.10059934677828514,55.049999999999997,0.016348773841961827,0.96250047093773039,inverted,,0.037985609342559956,0.02375885355200771,7647.2969008163309,0.17123732222064802,0.17061489223900783,0.17185855025187688,3.0880187296133954e-11,5,723.67505859896823,1.2790711092618068,-0.17626777793519621,,converged,newton,,converged,,converged,,compared_not_calibrated
SPX,SPX261016P07355000,2026-10-16,AM,2026-10-16T09:30:00-04:00,put,7355,55.299999999999997,56.299999999999997,77,107,69,585,0.1724,49.32,2026-09-09T11:08:12,7636.3599000000004,2026-09-09T16:14:59,2026-09-09T16:14:59-04:00,2026-09-10 12:42:18,2026-09-10T12:42:45.552283+00:00,https://cdn.cboe.com/api/global/delayed_quotes/options/_SPX.json,731,0.10059934677828514,55.799999999999997,0.017921146953405021,0.96315523316285812,inverted,,0.037985609342559956,0.02375885355200771,7647.2969008163309,0.17060646169788476,0.16991998737082598,0.17129150824199116,1.9738877199415583e-11,5,729.12170592167865,1.3112373204705392,-0.17935383021152329,,converged,newton,,converged,,converged,,compared_not_calibrated
SPX,SPX261016P07370000,2026-10-16,AM,2026-10-16T09:30:00-04:00,put,7370,57.700000000000003,58.600000000000001,92,121,112,491,0.17050000000000001,52.159999999999997,2026-09-09T13:00:39,7636.3599000000004,2026-09-09T16:14:59,2026-09-09T16:14:59-04:00,2026-09-10 12:42:18,2026-09-10T12:42:45.552283+00:00,https://cdn.cboe.com/api/global/delayed_quotes/options/_SPX.json,734,0.10059934677828514,58.150000000000006,0.01547721410146171,0.96511951983824118,inverted,,0.037985609342559956,0.02375885355200771,7647.2969008163309,0.1687513178198379,0.16814722261545376,0.16935438653426602,5.3148596634855494e-12,5,745.5521130453717,1.3069176190461747,-0.17486821801621089,,converged,newton,,converged,,converged,,compared_not_calibrated
SPX,SPX261016P07395000,2026-10-16,AM,2026-10-16T09:30:00-04:00,put,7395,61.700000000000003,62.700000000000003,81,16,5,345,0.1673,56.920000000000002,2026-09-09T11:35:56,7636.3599000000004,2026-09-09T16:14:59,2026-09-09T16:14:59-04:00,2026-09-10 12:42:18,2026-09-10T12:42:45.552283+00:00,https://cdn.cboe.com/api/global/delayed_quotes/options/_SPX.json,739,0.10059934677828514,62.200000000000003,0.01607717041800643,0.96839333096387969,inverted,,0.037985609342559956,0.02375885355200771,7647.2969008163309,0.16550100569242543,0.16485328101802815,0.1661476983091921,4.9737991503207013e-13,5,772.55146346391291,1.3928670286993992,-0.17989943075745751,,converged,newton,,converged,,converged,,compared_not_calibrated
SPX,SPX261016P07415000,2026-10-16,AM,2026-10-16T09:30:00-04:00,put,7415,65.299999999999997,66.400000000000006,69,94,49,527,0.1648,59.799999999999997,2026-09-09T15:55:00,7636.3599000000004,2026-09-09T16:14:59,2026-09-09T16:14:59-04:00,2026-09-10 12:42:18,2026-09-10T12:42:45.552283+00:00,https://cdn.cboe.com/api/global/delayed_quotes/options/_SPX.json,743,0.10059934677828514,65.849999999999994,0.016704631738800435,0.9710123798643906,inverted,,0.037985609342559956,0.02375885355200771,7647.2969008163309,0.16311470056817129,0.16242179015896779,0.16380656805825325,5.9685589803848416e-13,5,794.35435667782497,1.3411567453307782,-0.16852994318287129,-0.11091218862222263,converged,newton,,converged,,converged,,compared_not_calibrated
SPX,SPX261016P07420000,2026-10-16,AM,2026-10-16T09:30:00-04:00,put,7420,66.299999999999997,67.299999999999997,92,95,57,1397,0.16420000000000001,61.600000000000001,2026-09-09T16:04:57,7636.3599000000004,2026-09-09T16:14:59,2026-09-09T16:14:59-04:00,2026-09-10 12:42:18,2026-09-10T12:42:45.552283+00:00,https://cdn.cboe.com/api/global/delayed_quotes/options/_SPX.json,744,0.10059934677828514,66.799999999999997,0.014970059880239521,0.97166714208951832,inverted,,0.037985609342559956,0.02375885355200771,7647.2969008163309,0.16251906130235924,0.16189345576551895,0.16314384435162066,-2.7000623958883807e-13,5,799.75387252832923,1.3466930773131054,-0.16809386976407714,,converged,newton,,converged,,converged,,compared_not_calibrated
SPX,SPX261016P07425000,2026-10-16,AM,2026-10-16T09:30:00-04:00,put,7425,67.200000000000003,68.299999999999997,95,94,180,4599,0.1636,61.799999999999997,2026-09-09T15:55:36,7636.3599000000004,2026-09-09T16:14:59,2026-09-09T16:14:59-04:00,2026-09-10 12:42:18,2026-09-10T12:42:45.552283+00:00,https://cdn.cboe.com/api/global/delayed_quotes/options/_SPX.json,745,0.10059934677828514,67.75,0.016236162361623532,0.97232190431464605,inverted,,0.037985609342559956,0.02375885355200771,7647.2969008163309,0.1619045451637702,0.16122092006733493,0.16258722089708835,0,5,805.09644568663794,1.3673367080723438,-0.16954548362297928,-0.09905254368493388,converged,newton,,converged,,converged,,compared_not_calibrated
SPX,SPX261016P07430000,2026-10-16,AM,2026-10-16T09:30:00-04:00,put,7430,68.200000000000003,69.200000000000003,109,5,49,691,0.16300000000000001,62.299999999999997,2026-09-09T15:56:24,7636.3599000000004,2026-09-09T16:14:59,2026-09-09T16:14:59-04:00,2026-09-10 12:42:18,2026-09-10T12:42:45.552283+00:00,https://cdn.cboe.com/api/global/delayed_quotes/options/_SPX.json,746,0.10059934677828514,68.700000000000003,0.014556040756914119,0.97297666653977366,inverted,,0.037985609342559956,0.02375885355200771,7647.2969008163309,0.16127121510069162,0.16065384647342218,0.16188783557647457,2.7000623958883807e-13,5,810.38220967070788,1.4033337612420809,-0.17287848993083887,,converged,newton,,converged,,converged,,compared_not_calibrated
SPX,SPX261016P07435000,2026-10-16,AM,2026-10-16T09:30:00-04:00,put,7435,69.099999999999994,70.200000000000003,79,90,18,193,0.1623,60.549999999999997,2026-09-09T13:56:07,7636.3599000000004,2026-09-09T16:14:59,2026-09-09T16:14:59-04:00,2026-09-10 12:42:18,2026-09-10T12:42:45.552283+00:00,https://cdn.cboe.com/api/global/delayed_quotes/options/_SPX.json,747,0.10059934677828514,69.650000000000006,0.015793251974156618,0.97363142876490139,inverted,,0.037985609342559956,0.02375885355200771,7647.2969008163309,0.16061912193519487,0.15994434742907759,0.16129303360126099,-3.694822225952521e-13,5,815.61121182991963,1.3731087358306411,-0.16808780648051302,,converged,newton,,converged,,converged,,compared_not_calibrated
SPX,SPX261016P07440000,2026-10-16,AM,2026-10-16T09:30:00-04:00,put,7440,70.099999999999994,71.200000000000003,106,122,1,553,0.16170000000000001,63.140000000000001,2026-09-09T13:32:06,7636.3599000000004,2026-09-09T16:14:59,2026-09-09T16:14:59-04:00,2026-09-10 12:42:18,2026-09-10T12:42:45.552283+00:00,https://cdn.cboe.com/api/global/delayed_quotes/options/_SPX.json,748,0.10059934677828514,70.650000000000006,0.01556970983722588,0.97428619099002911,inverted,,0.037985609342559956,0.02375885355200771,7647.2969008163309,0.16000921846785032,0.15933878913128818,0.16067882693178998,-3.694822225952521e-13,5,820.87488861965903,1.3900451938121421,-0.16907815321496877,,converged,newton,,converged,,converged,,compared_not_calibrated
SPX,SPX261016P07450000,2026-10-16,AM,2026-10-16T09:30:00-04:00,put,7450,72.200000000000003,73.200000000000003,77,5,96,10623,0.1605,66.299999999999997,2026-09-09T16:10:41,7636.3599000000004,2026-09-09T16:14:59,2026-09-09T16:14:59-04:00,2026-09-10 12:42:18,2026-09-10T12:42:45.552283+00:00,https://cdn.cboe.com/api/global/delayed_quotes/options/_SPX.json,750,0.10059934677828514,72.700000000000003,0.013755158184319119,0.97559571544028456,inverted,,0.037985609342559956,0.02375885355200771,7647.2969008163309,0.15879122901966009,0.15818945108030058,0.15939239476202074,-1.8474111129762605e-13,5,831.29600684509751,1.4225282372706687,-0.17087709803399187,-0.094403431341390842,converged,newton,,converged,,converged,,compared_not_calibrated
SPX,SPX261016P07455000,2026-10-16,AM,2026-10-16T09:30:00-04:00,put,7455,73.200000000000003,74.299999999999997,54,50,33,395,0.1598,65.650000000000006,2026-09-09T15:39:22,7636.3599000000004,2026-09-09T16:14:59,2026-09-09T16:14:59-04:00,2026-09-10 12:42:18,2026-09-10T12:42:45.552283+00:00,https://cdn.cboe.com/api/global/delayed_quotes/options/_SPX.json,751,0.10059934677828514,73.75,0.014915254237288058,0.97625047766541229,inverted,,0.037985609342559956,0.02375885355200771,7647.2969008163309,0.15818247911801522,0.15752458262895991,0.15883967303101096,-4.5474735088646412e-13,5,836.44658019196822,1.3547313158483121,-0.16175208819847742,,converged,newton,,converged,,converged,,compared_not_calibrated
SPX,SPX261016P07460000,2026-10-16,AM,2026-10-16T09:30:00-04:00,put,7460,74.299999999999997,75.299999999999997,77,5,3,602,0.15920000000000001,66.25,2026-09-09T15:33:08,7636.3599000000004,2026-09-09T16:14:59,2026-09-09T16:14:59-04:00,2026-09-10 12:42:18,2026-09-10T12:42:45.552283+00:00,https://cdn.cboe.com/api/global/delayed_quotes/options/_SPX.json,752,0.10059934677828514,74.799999999999997,0.013368983957219251,0.9769052398905399,inverted,,0.037985609342559956,0.02375885355200771,7647.2969008163309,0.1575536510321798,0.15695921635883078,0.15814753537649323,-2.7000623958883807e-13,5,841.52657956880375,1.387207286380729,-0.16463489678202048,-0.082543786404130515,converged,newton,,converged,,converged,,compared_not_calibrated
SPX,SPX261016P07470000,2026-10-16,AM,2026-10-16T09:30:00-04:00,put,7470,76.5,77.5,33,76,3,480,0.158,69.049999999999997,2026-09-09T14:18:45,7636.3599000000004,2026-09-09T16:14:59,2026-09-09T16:14:59-04:00,2026-09-10 12:42:18,2026-09-10T12:42:45.552283+00:00,https://cdn.cboe.com/api/global/delayed_quotes/options/_SPX.json,754,0.10059934677828514,77,0.012987012987012988,0.97821476434079535,inverted,,0.037985609342559956,0.02375885355200771,7647.2969008163309,0.15635330069559206,0.15576593512455658,0.15694017433728077,-4.5474735088646412e-13,5,851.61677628103666,1.4039885052843601,-0.16466993044079448,-0.070684141466870187,converged,newton,,converged,,converged,,compared_not_calibrated
SPX,SPX261016P07480000,2026-10-16,AM,2026-10-16T09:30:00-04:00,put,7480,78.700000000000003,79.799999999999997,50,53,5,193,0.15670000000000001,70.700000000000003,2026-09-09T13:36:52,7636.3599000000004,2026-09-09T16:14:59,2026-09-09T16:14:59-04:00,2026-09-10 12:42:18,2026-09-10T12:42:45.552283+00:00,https://cdn.cboe.com/api/global/delayed_quotes/options/_SPX.json,756,0.10059934677828514,79.25,0.013880126182965228,0.9795242887910508,inverted,,0.037985609342559956,0.02375885355200771,7647.2969008163309,0.15512821247349406,0.15448949591913325,0.15576639955560453,4.5474735088646412e-13,5,861.46057188268514,1.355402183698061,-0.15717875265059411,,converged,newton,,converged,,converged,,compared_not_calibrated
SPX,SPX261016P07490000,2026-10-16,AM,2026-10-16T09:30:00-04:00,put,7490,81,82.099999999999994,35,52,1,308,0.1555,72.900000000000006,2026-09-09T13:43:36,7636.3599000000004,2026-09-09T16:14:59,2026-09-09T16:14:59-04:00,2026-09-10 12:42:18,2026-09-10T12:42:45.552283+00:00,https://cdn.cboe.com/api/global/delayed_quotes/options/_SPX.json,758,0.10059934677828514,81.549999999999997,0.01348865726548123,0.98083381324130614,inverted,,0.037985609342559956,0.02375885355200771,7647.2969008163309,0.15387654472802653,0.15324487738875128,0.15450774373182039,1.8474111129762605e-13,5,871.0358693715707,1.4154227550086063,-0.16234552719734674,,converged,newton,,converged,,converged,,compared_not_calibrated
SPX,SPX261016P07495000,2026-10-16,AM,2026-10-16T09:30:00-04:00,put,7495,82.200000000000003,83.299999999999997,48,67,1,145,0.15490000000000001,74.400000000000006,2026-09-09T14:18:45,7636.3599000000004,2026-09-09T16:14:59,2026-09-09T16:14:59-04:00,2026-09-10 12:42:18,2026-09-10T12:42:45.552283+00:00,https://cdn.cboe.com/api/global/delayed_quotes/options/_SPX.json,759,0.10059934677828514,82.75,0.013293051359516547,0.98148857546643387,inverted,,0.037985609342559956,0.02375885355200771,7647.2969008163309,0.15327584261718855,0.15264758931128403,0.15390365684224938,0,5,875.75049504471338,1.4236296549538565,-0.16241573828114642,,converged,newton,,converged,,converged,,compared_not_calibrated
SPX,SPX261016P07500000,2026-10-16,AM,2026-10-16T09:30:00-04:00,put,7500,83.400000000000006,84.5,48,90,3597,23808,0.1542,76.879999999999995,2026-09-09T16:07:46,7636.3599000000004,2026-09-09T16:14:59,2026-09-09T16:14:59-04:00,2026-09-10 12:42:18,2026-09-10T12:42:45.552283+00:00,https://cdn.cboe.com/api/global/delayed_quotes/options/_SPX.json,760,0.10059934677828514,83.950000000000003,0.013103037522334654,0.98214333769156159,inverted,,0.037985609342559956,0.02375885355200771,7647.2969008163309,0.15265321472246532,0.15202827263346122,0.15327774574407238,-1.0942358130705543e-12,5,880.37240469841606,1.3628456767940378,-0.15467852775346846,-0.085105206655100574,converged,newton,,converged,,converged,,compared_not_calibrated
SPX,SPX261016P07515000,2026-10-16,AM,2026-10-16T09:30:00-04:00,put,7515,87.200000000000003,88.299999999999997,27,44,41,254,0.15240000000000001,77.5,2026-09-09T15:29:03,7636.3599000000004,2026-09-09T16:14:59,2026-09-09T16:14:59-04:00,2026-09-10 12:42:18,2026-09-10T12:42:45.552283+00:00,https://cdn.cboe.com/api/global/delayed_quotes/options/_SPX.json,763,0.10059934677828514,87.75,0.012535612535612471,0.98410762436694477,inverted,,0.037985609342559956,0.02375885355200771,7647.2969008163309,0.15087738124474809,0.15026189843720558,0.15149253176369815,-9.0949470177292824e-13,5,893.84977762303686,1.3618930356983583,-0.15226187552519199,,converged,newton,,converged,,converged,,compared_not_calibrated
SPX,SPX261016P07520000,2026-10-16,AM,2026-10-16T09:30:00-04:00,put,7520,88.5,89.599999999999994,64,92,18,947,0.15179999999999999,80.950000000000003,2026-09-09T15:50:20,7636.3599000000004,2026-09-09T16:14:59,2026-09-09T16:14:59-04:00,2026-09-10 12:42:18,2026-09-10T12:42:45.552283+00:00,https://cdn.cboe.com/api/global/delayed_quotes/options/_SPX.json,764,0.10059934677828514,89.049999999999997,0.012352610892756815,0.98476238659207249,inverted,,0.037985609342559956,0.02375885355200771,7647.2969008163309,0.15027708464595338,0.14966456916762386,0.15088929204928608,-2.7000623958883807e-13,5,898.1633671723348,1.3686741707562788,-0.15229153540466112,,converged,newton,,converged,,converged,,compared_not_calibrated
SPX,SPX261016P07525000,2026-10-16,AM,2026-10-16T09:30:00-04:00,put,7525,89.799999999999997,90.900000000000006,61,85,68,1727,0.1512,79.900000000000006,2026-09-09T15:29:03,7636.3599000000004,2026-09-09T16:14:59,2026-09-09T16:14:59-04:00,2026-09-10 12:42:18,2026-09-10T12:42:45.552283+00:00,https://cdn.cboe.com/api/global/delayed_quotes/options/_SPX.json,765,0.10059934677828514,90.349999999999994,0.012174875484228097,0.98541714881720011,inverted,,0.037985609342559956,0.02375885355200771,7647.2969008163309,0.14965365486203902,0.14904400464492909,0.15026302011488238,8.2422957348171622e-13,5,902.36847800531996,1.3961924530703129,-0.15463451379609805,-0.080456094311529114,converged,newton,,converged,,converged,,compared_not_calibrated
SPX,SPX261016P07530000,2026-10-16,AM,2026-10-16T09:30:00-04:00,put,7530,91.099999999999994,92.299999999999997,44,81,7,3144,0.15060000000000001,82.200000000000003,2026-09-09T12:51:57,7636.3599000000004,2026-09-09T16:14:59,2026-09-09T16:14:59-04:00,2026-09-10 12:42:18,2026-09-10T12:42:45.552283+00:00,https://cdn.cboe.com/api/global/delayed_quotes/options/_SPX.json,766,0.10059934677828514,91.699999999999989,0.013086150490730676,0.98607191104232783,inverted,,0.037985609342559956,0.02375885355200771,7647.2969008163309,0.14906220717504601,0.14840016351779906,0.14972393832170339,2.8421709430404007e-13,5,906.49961938618571,1.3947655974723716,-0.1537792824954004,,converged,newton,,converged,,converged,,compared_not_calibrated
SPX,SPX261016P07535000,2026-10-16,AM,2026-10-16T09:30:00-04:00,put,7535,92.5,93.599999999999994,30,36,1,191,0.14999999999999999,82.400000000000006,2026-09-09T15:29:03,7636.3599000000004,2026-09-09T16:14:59,2026-09-09T16:14:59-04:00,2026-09-10 12:42:18,2026-09-10T12:42:45.552283+00:00,https://cdn.cboe.com/api/global/delayed_quotes/options/_SPX.json,767,0.10059934677828514,93.049999999999997,0.011821601289629171,0.98672667326745556,inverted,,0.037985609342559956,0.02375885355200771,7647.2969008163309,0.14844703646584415,0.14784286124550994,0.14905097039484444,1.8474111129762605e-13,5,910.51455063735034,1.4147146045590517,-0.1552963534155849,,converged,newton,,converged,,converged,,compared_not_calibrated
SPX,SPX261016P07540000,2026-10-16,AM,2026-10-16T09:30:00-04:00,put,7540,93.900000000000006,95,29,35,3,373,0.14940000000000001,83.599999999999994,2026-09-09T15:29:06,7636.3599000000004,2026-09-09T16:14:59,2026-09-09T16:14:59-04:00,2026-09-10 12:42:18,2026-09-10T12:42:45.552283+00:00,https://cdn.cboe.com/api/global/delayed_quotes/options/_SPX.json,768,0.10059934677828514,94.450000000000003,0.011646373742720956,0.98738143549258328,inverted,,0.037985609342559956,0.02375885355200771,7647.2969008163309,0.14786276706108648,0.14726119680945787,0.14846411656380398,6.3025140661920886e-11,4,914.44244155902402,1.4063637046436241,-0.15372329389135297,,converged,newton,,converged,,converged,,compared_not_calibrated
SPX,SPX261016P07565000,2026-10-16,AM,2026-10-16T09:30:00-04:00,put,7565,101.3,102.3,26,10,1,58,0.14660000000000001,90.299999999999997,2026-09-09T15:29:02,7636.3599000000004,2026-09-09T16:14:59,2026-09-09T16:14:59-04:00,2026-09-10 12:42:18,2026-09-10T12:42:45.552283+00:00,https://cdn.cboe.com/api/global/delayed_quotes/options/_SPX.json,773,0.10059934677828514,101.8,0.009823182711198428,0.9906552466182218,inverted,,0.037985609342559956,0.02375885355200771,7647.2969008163309,0.14495059329851009,0.14441424155289823,0.14548683618997665,2.5650592760939617e-11,4,932.31903225184328,1.538247861131552,-0.16494067014899139,,converged,newton,,converged,,converged,,compared_not_calibrated
SPX,SPX261016P07570000,2026-10-16,AM,2026-10-16T09:30:00-04:00,put,7570,102.8,103.8,45,10,2,675,0.1459,91.700000000000003,2026-09-09T15:28:57,7636.3599000000004,2026-09-09T16:14:59,2026-09-09T16:14:59-04:00,2026-09-10 12:42:18,2026-09-10T12:42:45.552283+00:00,https://cdn.cboe.com/api/global/delayed_quotes/options/_SPX.json,774,0.10059934677828514,103.3,0.0096805421103581795,0.99131000884334952,inverted,,0.037985609342559956,0.02375885355200771,7647.2969008163309,0.14432466469337044,0.14379013915754457,0.14485909377509984,1.0189182830799837e-11,4,935.49373694447956,1.4741040219416419,-0.15753353066295661,,converged,newton,,converged,,converged,,compared_not_calibrated
SPX,SPX261016P07580000,2026-10-16,AM,2026-10-16T09:30:00-04:00,put,7580,105.90000000000001,107.09999999999999,24,46,3,490,0.1447,94.599999999999994,2026-09-09T15:29:03,7636.3599000000004,2026-09-09T16:14:59,2026-09-09T16:14:59-04:00,2026-09-10 12:42:18,2026-09-10T12:42:45.552283+00:00,https://cdn.cboe.com/api/global/delayed_quotes/options/_SPX.json,776,0.10059934677828514,106.5,0.01126760563380271,0.99261953329360497,inverted,,0.037985609342559956,0.02375885355200771,7647.2969008163309,0.14320807267949673,0.14257071100151295,0.14384532841619715,1.3642420526593924e-12,4,941.45933459232867,1.4048593571046695,-0.14919273205032668,-0.090228047155335389,converged,newton,,converged,,converged,,compared_not_calibrated
SPX,SPX261016P07585000,2026-10-16,AM,2026-10-16T09:30:00-04:00,put,7585,107.59999999999999,108.59999999999999,23,10,9,253,0.14419999999999999,92.209999999999994,2026-09-09T10:06:28,7636.3599000000004,2026-09-09T16:14:59,2026-09-09T16:14:59-04:00,2026-09-10 12:42:18,2026-09-10T12:42:45.552283+00:00,https://cdn.cboe.com/api/global/delayed_quotes/options/_SPX.json,777,0.10059934677828514,108.09999999999999,0.0092506938020351526,0.99327429551873259,inverted,,0.037985609342559956,0.02375885355200771,7647.2969008163309,0.14260993309187739,0.14208035695197146,0.14313944593420128,3.694822225952521e-13,4,944.20794491138304,1.5016202340147231,-0.1590066908122606,-0.059298224687125867,converged,newton,,converged,,converged,,compared_not_calibrated
SPX,SPX261016P07590000,2026-10-16,AM,2026-10-16T09:30:00-04:00,put,7590,109.2,110.3,24,43,3,463,0.14360000000000001,99.930000000000007,2026-09-09T15:54:37,7636.3599000000004,2026-09-09T16:14:59,2026-09-09T16:14:59-04:00,2026-09-10 12:42:18,2026-09-10T12:42:45.552283+00:00,https://cdn.cboe.com/api/global/delayed_quotes/options/_SPX.json,778,0.10059934677828514,109.75,0.01002277904328013,0.99392905774386031,inverted,,0.037985609342559956,0.02375885355200771,7647.2969008163309,0.14203785341649286,0.14145692072153582,0.14261872110842186,0,4,946.80658995857459,1.4792707554079243,-0.15621465835071457,-0.078368402218075062,converged,newton,,converged,,converged,,compared_not_calibrated
SPX,SPX261016P07600000,2026-10-16,AM,2026-10-16T09:30:00-04:00,put,7600,112.7,113.59999999999999,26,9,2123,10797,0.14249999999999999,103.3,2026-09-09T16:14:53,7636.3599000000004,2026-09-09T16:14:59,2026-09-09T16:14:59-04:00,2026-09-10 12:42:18,2026-09-10T12:42:45.552283+00:00,https://cdn.cboe.com/api/global/delayed_quotes/options/_SPX.json,780,0.10059934677828514,113.15000000000001,0.0079540433053468095,0.99523858219411576,inverted,,0.037985609342559956,0.02375885355200771,7647.2969008163309,0.14091703418146742,0.14044409022015369,0.14138994835430224,-3.694822225952521e-13,4,951.51700577287522,1.5063758547968007,-0.15829658185325668,-0.16650875728080905,converged,newton,,converged,,converged,,compared_not_calibrated
SPX,SPX261016P07605000,2026-10-16,AM,2026-10-16T09:30:00-04:00,put,7605,114.40000000000001,115.40000000000001,23,9,6,238,0.14199999999999999,103,2026-09-09T15:37:02,7636.3599000000004,2026-09-09T16:14:59,2026-09-09T16:14:59-04:00,2026-09-10 12:42:18,2026-09-10T12:42:45.552283+00:00,https://cdn.cboe.com/api/global/delayed_quotes/options/_SPX.json,781,0.10059934677828514,114.90000000000001,0.0087032201914708437,0.99589334441924349,inverted,,0.037985609342559956,0.02375885355200771,7647.2969008163309,0.14036745697519754,0.13984312271972438,0.14089176180543703,-8.2422957348171622e-13,4,953.61704908714637,1.5569552542966392,-0.16325430248024519,,converged,newton,,converged,,converged,,compared_not_calibrated
SPX,SPX261016P07610000,2026-10-16,AM,2026-10-16T09:30:00-04:00,put,7610,116,117.3,32,47,22,712,0.14130000000000001,107.5,2026-09-09T15:59:10,7636.3599000000004,2026-09-09T16:14:59,2026-09-09T16:14:59-04:00,2026-09-10 12:42:18,2026-09-10T12:42:45.552283+00:00,https://cdn.cboe.com/api/global/delayed_quotes/options/_SPX.json,782,0.10059934677828514,116.65000000000001,0.01114444920702955,0.99654810664437121,inverted,,0.037985609342559956,0.02375885355200771,7647.2969008163309,0.1397896764653962,0.13910941096533436,0.1404699033415224,-3.694822225952521e-13,4,955.53654973168955,1.4432592801673252,-0.15103235346038135,-0.25464911234357146,converged,newton,,converged,,converged,,compared_not_calibrated
SPX,SPX261016P07615000,2026-10-16,AM,2026-10-16T09:30:00-04:00,put,7615,117.90000000000001,118.90000000000001,22,9,6,347,0.14069999999999999,104.95999999999999,2026-09-09T15:24:55,7636.3599000000004,2026-09-09T16:14:59,2026-09-09T16:14:59-04:00,2026-09-10 12:42:18,2026-09-10T12:42:45.552283+00:00,https://cdn.cboe.com/api/global/delayed_quotes/options/_SPX.json,783,0.10059934677828514,118.40000000000001,0.0084459459459459447,0.99720286886949894,inverted,,0.037985609342559956,0.02375885355200771,7647.2969008163309,0.13918349017531437,0.13866116402193268,0.13970579926758875,-3.694822225952521e-13,4,957.27199553970411,1.451780428601154,-0.15165098246856246,,converged,newton,,converged,,converged,,compared_not_calibrated
SPX,SPX261016P07625000,2026-10-16,AM,2026-10-16T09:30:00-04:00,put,7625,121.5,122.59999999999999,23,9,98,1058,0.1396,109.40000000000001,2026-09-09T14:23:47,7636.3599000000004,2026-09-09T16:14:59,2026-09-09T16:14:59-04:00,2026-09-10 12:42:18,2026-09-10T12:42:45.552283+00:00,https://cdn.cboe.com/api/global/delayed_quotes/options/_SPX.json,785,0.10059934677828514,122.05,0.0090126997132322362,0.99851239331975428,inverted,,0.037985609342559956,0.02375885355200771,7647.2969008163309,0.13804114885599864,0.13746833413053156,0.13861395414877856,-2.7000623958883807e-13,4,960.17879071036646,1.4968089098599222,-0.15588511440013664,-0.16185964493722338,converged,newton,,converged,,converged,,compared_not_calibrated
SPX,SPX261016P07630000,2026-10-16,AM,2026-10-16T09:30:00-04:00,put,7630,123.40000000000001,124.5,22,42,43,176,0.13900000000000001,114.73,2026-09-09T15:55:04,7636.3599000000004,2026-09-09T16:14:59,2026-09-09T16:14:59-04:00,2026-09-10 12:42:18,2026-09-10T12:42:45.552283+00:00,https://cdn.cboe.com/api/global/delayed_quotes/options/_SPX.json,786,0.10059934677828514,123.95,0.0088745461879789784,0.999167155544882,inverted,,0.037985609342559956,0.02375885355200771,7647.2969008163309,0.13750404541883479,0.13693192292091563,0.13807616263152175,2.7000623958883807e-13,4,961.33704940640155,1.4381336913309468,-0.14959545811652208,,converged,newton,,converged,,converged,,compared_not_calibrated
SPX,SPX261016P07635000,2026-10-16,AM,2026-10-16T09:30:00-04:00,put,7635,125.3,126.40000000000001,22,8,30,376,0.13850000000000001,115.81,2026-09-09T15:56:59,7636.3599000000004,2026-09-09T16:14:59,2026-09-09T16:14:59-04:00,2026-09-10 12:42:18,2026-09-10T12:42:45.552283+00:00,https://cdn.cboe.com/api/global/delayed_quotes/options/_SPX.json,787,0.10059934677828514,125.84999999999999,0.0087405641636869973,0.99982191777000973,inverted,,0.037985609342559956,0.02375885355200771,7647.2969008163309,0.13693711278078727,0.13636555850456139,0.13750866490686722,7.1906924858922139e-12,3,962.29013541180586,1.5039585407324978,-0.15628872192127441,,converged,newton,,converged,,converged,,compared_not_calibrated
SPX,SPX261016P07640000,2026-10-16,AM,2026-10-16T09:30:00-04:00,put,7640,127.2,128.30000000000001,22,8,26,637,0.1381,117.70999999999999,2026-09-09T15:56:59,7636.3599000000004,2026-09-09T16:14:59,2026-09-09T16:14:59-04:00,2026-09-10 12:42:18,2026-09-10T12:42:45.552283+00:00,https://cdn.cboe.com/api/global/delayed_quotes/options/_SPX.json,788,0.10059934677828514,127.75,0.0086105675146771702,1.0004766799951375,inverted,,0.037985609342559956,0.02375885355200771,7647.2969008163309,0.1363400741590361,0.13576896209861217,0.13691118617197484,4.5474735088646412e-13,3,963.03346415132637,1.6948676063680068,-0.17599258409639051,,converged,newton,,converged,,converged,,compared_not_calibrated
SPX,SPX261016P07645000,2026-10-16,AM,2026-10-16T09:30:00-04:00,put,7645,129.30000000000001,130.30000000000001,22,8,101,223,0.13739999999999999,117.93000000000001,2026-09-09T15:47:51,7636.3599000000004,2026-09-09T16:14:59,2026-09-09T16:14:59-04:00,2026-09-10 12:42:18,2026-09-10T12:42:45.552283+00:00,https://cdn.cboe.com/api/global/delayed_quotes/options/_SPX.json,789,0.10059934677828514,129.80000000000001,0.0077041602465331271,1.0011314422202651,inverted,,0.037985609342559956,0.02375885355200771,7647.2969008163309,0.13586828697815651,0.13534937912710535,0.13638719565300261,6.2527760746888816e-13,3,963.56145477624227,1.4758961504637114,-0.15317130218434893,,converged,newton,,converged,,converged,,compared_not_calibrated
SPX,SPX261016C07650000,2026-10-16,AM,2026-10-16T09:30:00-04:00,call,7650,128.30000000000001,129.69999999999999,55,3,298,5235,0.1363,137.02000000000001,2026-09-09T16:00:37,7636.3599000000004,2026-09-09T16:14:59,2026-09-09T16:14:59-04:00,2026-09-10 12:42:18,2026-09-10T12:42:45.552283+00:00,https://cdn.cboe.com/api/global/delayed_quotes/options/_SPX.json,319,0.10059934677828514,129,0.010852713178294397,1.0017862044453929,inverted,,0.037985609342559956,0.02375885355200771,7647.2969008163309,0.13520252058190962,0.13447628185490967,0.13592876083736144,0,3,963.86937186881403,1.0578251074757645,-0.10974794180903802,-0.15721053259369455,converged,newton,,converged,,converged,,compared_not_calibrated
SPX,SPX261016C07655000,2026-10-16,AM,2026-10-16T09:30:00-04:00,call,7655,125.40000000000001,126.90000000000001,24,53,15,124,0.13569999999999999,136.94999999999999,2026-09-09T13:51:00,7636.3599000000004,2026-09-09T16:14:59,2026-09-09T16:14:59-04:00,2026-09-10 12:42:18,2026-09-10T12:42:45.552283+00:00,https://cdn.cboe.com/api/global/delayed_quotes/options/_SPX.json,320,0.10059934677828514,126.15000000000001,0.011890606420927466,1.0024409666705205,inverted,,0.037985609342559956,0.02375885355200771,7647.2969008163309,0.13475266425444304,0.13397461621444776,0.13553071185314336,5.4001247917767614e-13,3,963.95104541161822,0.91318558167458264,-0.094733574555694311,,converged,newton,,converged,,converged,,compared_not_calibrated
SPX,SPX261016C07680000,2026-10-16,AM,2026-10-16T09:30:00-04:00,call,7680,111.2,112.7,53,69,101,330,0.1331,120.8,2026-09-09T14:37:15,7636.3599000000004,2026-09-09T16:14:59,2026-09-09T16:14:59-04:00,2026-09-10 12:42:18,2026-09-10T12:42:45.552283+00:00,https://cdn.cboe.com/api/global/delayed_quotes/options/_SPX.json,325,0.10059934677828514,111.95,0.013398838767306832,1.005714777796159,inverted,,0.037985609342559956,0.02375885355200771,7647.2969008163309,0.1320759219869363,0.13129530136875689,0.13285649675380939,2.7000623958883807e-13,4,960.80240294080943,0.98397421761710291,-0.10240780130637006,,converged,newton,,converged,,converged,,compared_not_calibrated
SPX,SPX261016C07685000,2026-10-16,AM,2026-10-16T09:30:00-04:00,call,7685,108.5,110,54,53,174,418,0.1326,119.2,2026-09-09T15:15:04,7636.3599000000004,2026-09-09T16:14:59,2026-09-09T16:14:59-04:00,2026-09-10 12:42:18,2026-09-10T12:42:45.552283+00:00,https://cdn.cboe.com/api/global/delayed_quotes/options/_SPX.json,326,0.10059934677828514,109.25,0.013729977116704805,1.0063695400212869,inverted,,0.037985609342559956,0.02375885355200771,7647.2969008163309,0.13158785821261129,0.13080611413754406,0.13236953982348526,-4.5474735088646412e-13,4,959.43183489340595,0.97113088674814207,-0.1012141787388704,0.0092982246871429197,converged,newton,,converged,,converged,,compared_not_calibrated
SPX,SPX261016C07690000,2026-10-16,AM,2026-10-16T09:30:00-04:00,call,7690,105.8,107.3,54,34,1,318,0.1321,117.40000000000001,2026-09-09T13:55:42,7636.3599000000004,2026-09-09T16:14:59,2026-09-09T16:14:59-04:00,2026-09-10 12:42:18,2026-09-10T12:42:45.552283+00:00,https://cdn.cboe.com/api/global/delayed_quotes/options/_SPX.json,327,0.10059934677828514,106.55,0.014077897700610043,1.0070243022464145,inverted,,0.037985609342559956,0.02375885355200771,7647.2969008163309,0.13106626074275193,0.13028317538691137,0.13184926417298057,-2.7000623958883807e-13,4,957.80041530183416,0.99018371538222993,-0.10337392572480619,-0.0097719528446731374,converged,newton,,converged,,converged,,compared_not_calibrated
SPX,SPX261016C07695000,2026-10-16,AM,2026-10-16T09:30:00-04:00,call,7695,103.2,104.59999999999999,13,34,3,86,0.13159999999999999,113.7,2026-09-09T14:00:34,7636.3599000000004,2026-09-09T16:14:59,2026-09-09T16:14:59-04:00,2026-09-10 12:42:18,2026-09-10T12:42:45.552283+00:00,https://cdn.cboe.com/api/global/delayed_quotes/options/_SPX.json,328,0.10059934677828514,103.90000000000001,0.013474494706448426,1.0076790644715423,inverted,,0.037985609342559956,0.02375885355200771,7647.2969008163309,0.13056295716308131,0.12983062437434612,0.1312951990942901,8.5265128291212022e-14,4,955.90923961065812,0.99140521972194051,-0.1037042836918689,,converged,newton,,converged,,converged,,compared_not_calibrated
SPX,SPX261016C07700000,2026-10-16,AM,2026-10-16T09:30:00-04:00,call,7700,100.59999999999999,101.90000000000001,79,10,1972,13187,0.13109999999999999,108.09999999999999,2026-09-09T16:02:23,7636.3599000000004,2026-09-09T16:14:59,2026-09-09T16:14:59-04:00,2026-09-10 12:42:18,2026-09-10T12:42:45.552283+00:00,https://cdn.cboe.com/api/global/delayed_quotes/options/_SPX.json,329,0.10059934677828514,101.25,0.012839506172839618,1.0083338266966699,inverted,,0.037985609342559956,0.02375885355200771,7647.2969008163309,0.13002534428810661,0.12934377186316093,0.1307068191563257,0,4,953.74570875918187,1.0250629851962003,-0.10746557118933853,-0.04791230790743839,converged,newton,,converged,,converged,,compared_not_calibrated
SPX,SPX261016C07705000,2026-10-16,AM,2026-10-16T09:30:00-04:00,call,7705,98,99.299999999999997,57,10,2,718,0.13059999999999999,109,2026-09-09T13:56:07,7636.3599000000004,2026-09-09T16:14:59,2026-09-09T16:14:59-04:00,2026-09-10 12:42:18,2026-09-10T12:42:45.552283+00:00,https://cdn.cboe.com/api/global/delayed_quotes/options/_SPX.json,330,0.10059934677828514,98.650000000000006,0.013177901672579798,1.0089885889217975,inverted,,0.037985609342559956,0.02375885355200771,7647.2969008163309,0.12950543529096037,0.12882211009393155,0.13018864126943405,8.5265128291212022e-14,4,951.31428030516554,1.0414193334705431,-0.10945647090396249,,converged,newton,,converged,,converged,,compared_not_calibrated
SPX,SPX261016C07710000,2026-10-16,AM,2026-10-16T09:30:00-04:00,call,7710,95.5,96.900000000000006,74,30,1,297,0.13009999999999999,105.34,2026-09-09T15:34:45,7636.3599000000004,2026-09-09T16:14:59,2026-09-09T16:14:59-04:00,2026-09-10 12:42:18,2026-09-10T12:42:45.552283+00:00,https://cdn.cboe.com/api/global/delayed_quotes/options/_SPX.json,331,0.10059934677828514,96.200000000000003,0.014553014553014611,1.0096433511469254,inverted,,0.037985609342559956,0.02375885355200771,7647.2969008163309,0.1291084898804368,0.12837051093111879,0.12984630288788748,1.6342482922482304e-12,4,948.64383131000841,0.94073098219978135,-0.099151011956319368,0.01394733703072859,converged,newton,,converged,,converged,,compared_not_calibrated
SPX,SPX261016C07730000,2026-10-16,AM,2026-10-16T09:30:00-04:00,call,7730,85.799999999999997,87.099999999999994,15,55,13,1934,0.12820000000000001,93.950000000000003,2026-09-09T15:46:18,7636.3599000000004,2026-09-09T16:14:59,2026-09-09T16:14:59-04:00,2026-09-10 12:42:18,2026-09-10T12:42:45.552283+00:00,https://cdn.cboe.com/api/global/delayed_quotes/options/_SPX.json,335,0.10059934677828514,86.449999999999989,0.015037593984962376,1.0122624000474361,inverted,,0.037985609342559956,0.02375885355200771,7647.2969008163309,0.12722071148803754,0.12652548659612087,0.12791566804009297,2.8421709430404007e-13,5,935.1307714258154,0.9160099793737686,-0.097928851196246725,,converged,newton,,converged,,converged,,compared_not_calibrated
SPX,SPX261016C07750000,2026-10-16,AM,2026-10-16T09:30:00-04:00,call,7750,76.599999999999994,77.799999999999997,104,10,1606,7852,0.12640000000000001,84.299999999999997,2026-09-09T16:13:28,7636.3599000000004,2026-09-09T16:14:59,2026-09-09T16:14:59-04:00,2026-09-10 12:42:18,2026-09-10T12:42:45.552283+00:00,https://cdn.cboe.com/api/global/delayed_quotes/options/_SPX.json,339,0.10059934677828514,77.199999999999989,0.015544041450777242,1.014881448947947,inverted,,0.037985609342559956,0.02375885355200771,7647.2969008163309,0.12528213868501342,0.12462767181383839,0.12593622176216107,-1.7053025658242404e-13,5,917.04713744596552,1.0256408142111582,-0.11178613149865901,-0.088614083220278417,converged,newton,,converged,,converged,,compared_not_calibrated
SPX,SPX261016C07755000,2026-10-16,AM,2026-10-16T09:30:00-04:00,call,7755,74.5,75.799999999999997,17,75,9,356,0.126,82.299999999999997,2026-09-09T14:28:43,7636.3599000000004,2026-09-09T16:14:59,2026-09-09T16:14:59-04:00,2026-09-10 12:42:18,2026-09-10T12:42:45.552283+00:00,https://cdn.cboe.com/api/global/delayed_quotes/options/_SPX.json,340,0.10059934677828514,75.150000000000006,0.017298735861610074,1.0155362111730748,inverted,,0.037985609342559956,0.02375885355200771,7647.2969008163309,0.12498980398111054,0.12427681055677707,0.12570229315449263,-3.694822225952521e-13,5,911.97384827631492,0.92173066580753016,-0.10101960188894643,,converged,newton,,converged,,converged,,compared_not_calibrated
SPX,SPX261016C07785000,2026-10-16,AM,2026-10-16T09:30:00-04:00,call,7785,62.200000000000003,63.5,94,33,14,299,0.1234,68.599999999999994,2026-09-09T15:48:00,7636.3599000000004,2026-09-09T16:14:59,2026-09-09T16:14:59-04:00,2026-09-10 12:42:18,2026-09-10T12:42:45.552283+00:00,https://cdn.cboe.com/api/global/delayed_quotes/options/_SPX.json,346,0.10059934677828514,62.850000000000001,0.020684168655528992,1.0194647845238409,inverted,,0.037985609342559956,0.02375885355200771,7647.2969008163309,0.12244201189004697,0.12169864935943885,0.12318442422910496,8.1712414612411521e-13,5,874.96820125354634,0.83889536840288059,-0.095798810995302575,,converged,newton,,converged,,converged,,compared_not_calibrated
SPX,SPX261016C07790000,2026-10-16,AM,2026-10-16T09:30:00-04:00,call,7790,60.299999999999997,61.5,122,11,96,5359,0.123,65.340000000000003,2026-09-09T15:54:04,7636.3599000000004,2026-09-09T16:14:59,2026-09-09T16:14:59-04:00,2026-09-10 12:42:18,2026-09-10T12:42:45.552283+00:00,https://cdn.cboe.com/api/global/delayed_quotes/options/_SPX.json,347,0.10059934677828514,60.899999999999999,0.019704433497536995,1.0201195467489688,inverted,,0.037985609342559956,0.02375885355200771,7647.2969008163309,0.12199194923246252,0.12130008006087578,0.12268292507568491,-3.6237679523765109e-13,5,867.77987280203831,0.87558376583601927,-0.10080507675374745,,converged,newton,,converged,,converged,,compared_not_calibrated
SPX,SPX261016C07795000,2026-10-16,AM,2026-10-16T09:30:00-04:00,call,7795,58.399999999999999,59.700000000000003,76,56,14,185,0.1226,64.599999999999994,2026-09-09T15:48:00,7636.3599000000004,2026-09-09T16:14:59,2026-09-09T16:14:59-04:00,2026-09-10 12:42:18,2026-09-10T12:42:45.552283+00:00,https://cdn.cboe.com/api/global/delayed_quotes/options/_SPX.json,348,0.10059934677828514,59.049999999999997,0.022015241320914553,1.0207743089740964,inverted,,0.037985609342559956,0.02375885355200771,7647.2969008163309,0.12161697164283942,0.12086096370981654,0.12237182713938355,6.3948846218409017e-13,5,860.43990135403499,0.84667014043334632,-0.098302835716057579,,converged,newton,,converged,,converged,,compared_not_calibrated
SPX,SPX261016C07820000,2026-10-16,AM,2026-10-16T09:30:00-04:00,call,7820,50.100000000000001,50.899999999999999,49,68,26,556,0.1208,55.399999999999999,2026-09-09T15:40:12,7636.3599000000004,2026-09-09T16:14:59,2026-09-09T16:14:59-04:00,2026-09-10 12:42:18,2026-09-10T12:42:45.552283+00:00,https://cdn.cboe.com/api/global/delayed_quotes/options/_SPX.json,353,0.10059934677828514,50.5,0.015841584158415786,1.0240481200997349,inverted,,0.037985609342559956,0.02375885355200771,7647.2969008163309,0.11996920672095668,0.11948130116994508,0.12045643043640318,-4.5474735088646412e-13,5,820.40691997355441,0.68239566443298827,-0.083079327904332645,,converged,newton,,converged,,converged,,compared_not_calibrated
SPX,SPX261016C07825000,2026-10-16,AM,2026-10-16T09:30:00-04:00,call,7825,48.399999999999999,49.200000000000003,113,20,645,1891,0.1206,53.5,2026-09-09T15:41:29,7636.3599000000004,2026-09-09T16:14:59,2026-09-09T16:14:59-04:00,2026-09-10 12:42:18,2026-09-10T12:42:45.552283+00:00,https://cdn.cboe.com/api/global/delayed_quotes/options/_SPX.json,354,0.10059934677828514,48.799999999999997,0.016393442622950907,1.0247028823248625,inverted,,0.037985609342559956,0.02375885355200771,7647.2969008163309,0.11952875096873297,0.1190354084143786,0.12002134777741182,-2.7000623958883807e-13,5,811.41207982014134,0.87064190789597262,-0.1071249031267027,0.22533325381044733,converged,newton,,converged,,converged,,compared_not_calibrated
SPX,SPX261016C07830000,2026-10-16,AM,2026-10-16T09:30:00-04:00,call,7830,46.899999999999999,47.700000000000003,10,111,20,324,0.1202,50.399999999999999,2026-09-09T15:59:30,7636.3599000000004,2026-09-09T16:14:59,2026-09-09T16:14:59-04:00,2026-09-10 12:42:18,2026-09-10T12:42:45.552283+00:00,https://cdn.cboe.com/api/global/delayed_quotes/options/_SPX.json,355,0.10059934677828514,47.299999999999997,0.016913319238900725,1.0253576445499903,inverted,,0.037985609342559956,0.02375885355200771,7647.2969008163309,0.11929379005289831,0.11879506442903848,0.11979170587000909,8.6686213762732223e-13,5,802.69933600207685,0.72848186805272519,-0.090620994710169378,,converged,newton,,converged,,converged,,compared_not_calibrated
SPX,SPX261016C07850000,2026-10-16,AM,2026-10-16T09:30:00-04:00,call,7850,40.899999999999999,41.700000000000003,56,154,1951,9458,0.11890000000000001,44.299999999999997,2026-09-09T16:04:43,7636.3599000000004,2026-09-09T16:14:59,2026-09-09T16:14:59-04:00,2026-09-10 12:42:18,2026-09-10T12:42:45.552283+00:00,https://cdn.cboe.com/api/global/delayed_quotes/options/_SPX.json,359,0.10059934677828514,41.299999999999997,0.019370460048426255,1.0279766934505012,inverted,,0.037985609342559956,0.02375885355200771,7647.2969008163309,0.11794802217020051,0.11742434294174874,0.11847056758503367,2.5650592760939617e-11,5,764.65901150559296,0.72936437152152678,-0.095197782979949963,0.27998236615405858,converged,newton,,converged,,converged,,compared_not_calibrated
SPX,SPX261016C07855000,2026-10-16,AM,2026-10-16T09:30:00-04:00,call,7855,39.5,40.299999999999997,44,116,9,417,0.1186,44.5,2026-09-09T14:26:38,7636.3599000000004,2026-09-09T16:14:59,2026-09-09T16:14:59-04:00,2026-09-10 12:42:18,2026-09-10T12:42:45.552283+00:00,https://cdn.cboe.com/api/global/delayed_quotes/options/_SPX.json,360,0.10059934677828514,39.899999999999999,0.020050125313283138,1.0286314556756289,inverted,,0.037985609342559956,0.02375885355200771,7647.2969008163309,0.11763598854611394,0.11710536719906731,0.11816537885907463,5.8527405144559452e-11,5,754.71398898799475,0.72907934127361074,-0.096401145388605447,,converged,newton,,converged,,converged,,compared_not_calibrated
SPX,SPX261016C07860000,2026-10-16,AM,2026-10-16T09:30:00-04:00,call,7860,38.100000000000001,38.899999999999999,41,44,2,227,0.1183,41.950000000000003,2026-09-09T15:54:37,7636.3599000000004,2026-09-09T16:14:59,2026-09-09T16:14:59-04:00,2026-09-10 12:42:18,2026-09-10T12:42:45.552283+00:00,https://cdn.cboe.com/api/global/delayed_quotes/options/_SPX.json,361,0.10059934677828514,38.5,0.020779220779220706,1.0292862179007565,inverted,,0.037985609342559956,0.02375885355200771,7647.2969008163309,0.11728126571851039,0.11674327222647915,0.11781792101980396,4.5474735088646412e-13,6,744.43504415740392,0.76015924002945212,-0.10187342814896166,,converged,newton,,converged,,converged,,compared_not_calibrated
SPX,SPX261016C07865000,2026-10-16,AM,2026-10-16T09:30:00-04:00,call,7865,36.799999999999997,37.600000000000001,43,118,1,107,0.1181,40.5,2026-09-09T10:23:46,7636.3599000000004,2026-09-09T16:14:59,2026-09-09T16:14:59-04:00,2026-09-10 12:42:18,2026-09-10T12:42:45.552283+00:00,https://cdn.cboe.com/api/global/delayed_quotes/options/_SPX.json,362,0.10059934677828514,37.200000000000003,0.021505376344086134,1.0299409801258843,inverted,,0.037985609342559956,0.02375885355200771,7647.2969008163309,0.11701854460566868,0.11647307453331032,0.11756256499502246,4.2632564145606011e-14,6,734.29449458925922,0.79618878029445739,-0.10814553943313127,,converged,newton,,converged,,converged,,compared_not_calibrated
SPX,SPX261016C07870000,2026-10-16,AM,2026-10-16T09:30:00-04:00,call,7870,35.5,36.299999999999997,70,111,120,5490,0.1178,39.399999999999999,2026-09-09T16:10:41,7636.3599000000004,2026-09-09T16:14:59,2026-09-09T16:14:59-04:00,2026-09-10 12:42:18,2026-09-10T12:42:45.552283+00:00,https://cdn.cboe.com/api/global/delayed_quotes/options/_SPX.json,363,0.10059934677828514,35.899999999999999,0.022284122562674015,1.0305957423510119,inverted,,0.037985609342559956,0.02375885355200771,7647.2969008163309,0.11671392406068389,0.11616052339808772,0.11726575223540162,5.4711790653527714e-13,6,723.83883368182057,0.78832584962751895,-0.10860759393161168,,converged,newton,,converged,,converged,,compared_not_calibrated
SPX,SPX261016C07875000,2026-10-16,AM,2026-10-16T09:30:00-04:00,call,7875,34.200000000000003,35,128,68,425,3523,0.1174,39.600000000000001,2026-09-09T15:26:39,7636.3599000000004,2026-09-09T16:14:59,2026-09-09T16:14:59-04:00,2026-09-10 12:42:18,2026-09-10T12:42:45.552283+00:00,https://cdn.cboe.com/api/global/delayed_quotes/options/_SPX.json,364,0.10059934677828514,34.600000000000001,0.02312138728323691,1.0312505045761398,inverted,,0.037985609342559956,0.02375885355200771,7647.2969008163309,0.11636589324726138,0.11580406436948404,0.11692601390934196,1.3500311979441904e-13,6,713.05198708464661,0.7394269260452333,-0.10341067527386283,0.33463147849758457,converged,newton,,converged,,converged,,compared_not_calibrated
SPX,SPX261016C07880000,2026-10-16,AM,2026-10-16T09:30:00-04:00,call,7880,33,33.799999999999997,83,75,11,385,0.1172,36.020000000000003,2026-09-09T16:03:55,7636.3599000000004,2026-09-09T16:14:59,2026-09-09T16:14:59-04:00,2026-09-10 12:42:18,2026-09-10T12:42:45.552283+00:00,https://cdn.cboe.com/api/global/delayed_quotes/options/_SPX.json,365,0.10059934677828514,33.399999999999999,0.023952095808383148,1.0319052668012674,inverted,,0.037985609342559956,0.02375885355200771,7647.2969008163309,0.11611518259845675,0.11554484639696744,0.11668366986850458,3.1974423109204508e-13,6,702.48744015563614,0.76441061742648486,-0.10848174015432449,,converged,newton,,converged,,converged,,compared_not_calibrated
SPX,SPX261016C07885000,2026-10-16,AM,2026-10-16T09:30:00-04:00,call,7885,31.800000000000001,32.600000000000001,95,78,22,57,0.1169,35.299999999999997,2026-09-09T16:10:22,7636.3599000000004,2026-09-09T16:14:59,2026-09-09T16:14:59-04:00,2026-09-10 12:42:18,2026-09-10T12:42:45.552283+00:00,https://cdn.cboe.com/api/global/delayed_quotes/options/_SPX.json,366,0.10059934677828514,32.200000000000003,0.024844720496894429,1.0325600290263952,inverted,,0.037985609342559956,0.02375885355200771,7647.2969008163309,0.11582212511448441,0.11524275869986447,0.11639948722414986,2.7000623958883807e-13,6,691.61442142604835,0.74786390991202722,-0.10778748855155978,,converged,newton,,converged,,converged,,compared_not_calibrated
SPX,SPX261016C07895000,2026-10-16,AM,2026-10-16T09:30:00-04:00,call,7895,29.600000000000001,30.300000000000001,224,25,1271,1325,0.1164,34.329999999999998,2026-09-09T15:20:00,7636.3599000000004,2026-09-09T16:14:59,2026-09-09T16:14:59-04:00,2026-09-10 12:42:18,2026-09-10T12:42:45.552283+00:00,https://cdn.cboe.com/api/global/delayed_quotes/options/_SPX.json,368,0.10059934677828514,29.950000000000003,0.023372287145242043,1.0338695534766504,inverted,,0.037985609342559956,0.02375885355200771,7647.2969008163309,0.11532636826053727,0.11480297050378301,0.11584796889313319,-4.1211478674085811e-13,6,669.86535552070825,0.72171246098791642,-0.10736317394627326,,converged,newton,,converged,,converged,,compared_not_calibrated
SPX,SPX261016C07900000,2026-10-16,AM,2026-10-16T09:30:00-04:00,call,7900,28.5,29.199999999999999,249,15,4602,16490,0.11609999999999999,31.719999999999999,2026-09-09T16:13:39,7636.3599000000004,2026-09-09T16:14:59,2026-09-09T16:14:59-04:00,2026-09-10 12:42:18,2026-09-10T12:42:45.552283+00:00,https://cdn.cboe.com/api/global/delayed_quotes/options/_SPX.json,369,0.10059934677828514,28.850000000000001,0.024263431542460981,1.0345243157017783,inverted,,0.037985609342559956,0.02375885355200771,7647.2969008163309,0.1150516888731874,0.11451936102707033,0.11558206968433687,3.6237679523765109e-13,6,658.70269770507218,0.69300464524248895,-0.10483111268125983,0.23928059084025222,converged,newton,,converged,,converged,,compared_not_calibrated
SPX,SPX261016C07905000,2026-10-16,AM,2026-10-16T09:30:00-04:00,call,7905,27.399999999999999,28.199999999999999,189,189,11,368,0.1159,31.100000000000001,2026-09-09T15:33:08,7636.3599000000004,2026-09-09T16:14:59,2026-09-09T16:14:59-04:00,2026-09-10 12:42:18,2026-09-10T12:42:45.552283+00:00,https://cdn.cboe.com/api/global/delayed_quotes/options/_SPX.json,370,0.10059934677828514,27.799999999999997,0.028776978417266216,1.0351790779269059,inverted,,0.037985609342559956,0.02375885355200771,7647.2969008163309,0.11481003369063926,0.11419096897689474,0.1154263464609751,-4.9737991503207013e-13,6,647.58739447053085,0.7086039100294812,-0.10899663093607431,,converged,newton,,converged,,converged,,compared_not_calibrated
SPX,SPX261016C07910000,2026-10-16,AM,2026-10-16T09:30:00-04:00,call,7910,26.399999999999999,27.199999999999999,267,262,3,780,0.11559999999999999,29.390000000000001,2026-09-09T15:05:10,7636.3599000000004,2026-09-09T16:14:59,2026-09-09T16:14:59-04:00,2026-09-10 12:42:18,2026-09-10T12:42:45.552283+00:00,https://cdn.cboe.com/api/global/delayed_quotes/options/_SPX.json,371,0.10059934677828514,26.799999999999997,0.029850746268656747,1.0358338401520337,inverted,,0.037985609342559956,0.02375885355200771,7647.2969008163309,0.11460364705867249,0.11397376104564041,0.11523055908577774,4.1211478674085811e-13,6,636.55124586458203,0.63659449126221546,-0.099635294132750796,,converged,newton,,converged,,converged,,compared_not_calibrated
SPX,SPX261016C07915000,2026-10-16,AM,2026-10-16T09:30:00-04:00,call,7915,25.399999999999999,26.199999999999999,213,193,8,430,0.1153,28.399999999999999,2026-09-09T16:13:20,7636.3599000000004,2026-09-09T16:14:59,2026-09-09T16:14:59-04:00,2026-09-10 12:42:18,2026-09-10T12:42:45.552283+00:00,https://cdn.cboe.com/api/global/delayed_quotes/options/_SPX.json,372,0.10059934677828514,25.799999999999997,0.031007751937984527,1.0364886023771613,inverted,,0.037985609342559956,0.02375885355200771,7647.2969008163309,0.11435499943648704,0.11371361495054766,0.11499316388843771,1.8474111129762605e-13,6,625.23440908757811,0.59303036601404813,-0.094500056351295991,,converged,newton,,converged,,converged,,compared_not_calibrated
SPX,SPX261016C07920000,2026-10-16,AM,2026-10-16T09:30:00-04:00,call,7920,24.399999999999999,25.199999999999999,185,188,13,571,0.11509999999999999,26.93,2026-09-09T15:51:11,7636.3599000000004,2026-09-09T16:14:59,2026-09-09T16:14:59-04:00,2026-09-10 12:42:18,2026-09-10T12:42:45.552283+00:00,https://cdn.cboe.com/api/global/delayed_quotes/options/_SPX.json,373,0.10059934677828514,24.799999999999997,0.032258064516129066,1.037143364602289,inverted,,0.037985609342559956,0.02375885355200771,7647.2969008163309,0.11406230814824457,0.11340867648463103,0.11471244605065313,-9.5212726591853425e-13,6,613.62064168555708,0.63944826586653392,-0.10376918517554234,0.31299988071572216,converged,newton,,converged,,converged,,compared_not_calibrated
SPX,SPX261016C07925000,2026-10-16,AM,2026-10-16T09:30:00-04:00,call,7925,23.5,24.300000000000001,279,282,21,2556,0.1149,26.32,2026-09-09T16:13:39,7636.3599000000004,2026-09-09T16:14:59,2026-09-09T16:14:59-04:00,2026-09-10 12:42:18,2026-09-10T12:42:45.552283+00:00,https://cdn.cboe.com/api/global/delayed_quotes/options/_SPX.json,374,0.10059934677828514,23.899999999999999,0.033472803347280367,1.0377981268274168,inverted,,0.037985609342559956,0.02375885355200771,7647.2969008163309,0.11388966471066538,0.11322391482618982,0.11455164238457592,-1.2718714970105793e-12,6,602.54971714791861,0.61139367946348244,-0.10103352893346268,,converged,newton,,converged,,converged,,compared_not_calibrated
SPX,SPX261016C07930000,2026-10-16,AM,2026-10-16T09:30:00-04:00,call,7930,22.600000000000001,23.399999999999999,192,196,3,185,0.11459999999999999,24.73,2026-09-09T15:55:10,7636.3599000000004,2026-09-09T16:14:59,2026-09-09T16:14:59-04:00,2026-09-10 12:42:18,2026-09-10T12:42:45.552283+00:00,https://cdn.cboe.com/api/global/delayed_quotes/options/_SPX.json,375,0.10059934677828514,23,0.034782608695652049,1.0384528890525444,inverted,,0.037985609342559956,0.02375885355200771,7647.2969008163309,0.11367540294966394,0.11299677415526908,0.11434995069544045,-1.3642420526593924e-12,6,591.21928665228427,0.5488803117932548,-0.092459705033605399,,converged,newton,,converged,,converged,,compared_not_calibrated
SPX,SPX261016C07935000,2026-10-16,AM,2026-10-16T09:30:00-04:00,call,7935,21.699999999999999,22.5,191,195,4,289,0.1145,23.300000000000001,2026-09-09T11:13:42,7636.3599000000004,2026-09-09T16:14:59,2026-09-09T16:14:59-04:00,2026-09-10 12:42:18,2026-09-10T12:42:45.552283+00:00,https://cdn.cboe.com/api/global/delayed_quotes/options/_SPX.json,376,0.10059934677828514,22.100000000000001,0.036199095022624465,1.0391076512776722,inverted,,0.037985609342559956,0.02375885355200771,7647.2969008163309,0.11341771473729485,0.11272536470991967,0.11410563978991509,-9.2370555648813024e-14,6,579.61386608200644,0.63044169096010449,-0.10822852627051516,,converged,newton,,converged,,converged,,compared_not_calibrated
SPX,SPX261016C07940000,2026-10-16,AM,2026-10-16T09:30:00-04:00,call,7940,20.899999999999999,21.600000000000001,191,170,97,298,0.1143,23.59,2026-09-09T15:40:30,7636.3599000000004,2026-09-09T16:14:59,2026-09-09T16:14:59-04:00,2026-09-10 12:42:18,2026-09-10T12:42:45.552283+00:00,https://cdn.cboe.com/api/global/delayed_quotes/options/_SPX.json,377,0.10059934677828514,21.25,0.032941176470588369,1.0397624135027999,inverted,,0.037985609342559956,0.02375885355200771,7647.2969008163309,0.11320261736436588,0.11258478623242545,0.11381678107093149,2.2737367544323206e-13,6,568.20011935474906,0.62681916715678199,-0.10973826356341226,,converged,newton,,converged,,converged,,compared_not_calibrated
SPX,SPX261016C07945000,2026-10-16,AM,2026-10-16T09:30:00-04:00,call,7945,20.100000000000001,20.800000000000001,193,169,50,232,0.11409999999999999,22.649999999999999,2026-09-09T15:40:30,7636.3599000000004,2026-09-09T16:14:59,2026-09-09T16:14:59-04:00,2026-09-10 12:42:18,2026-09-10T12:42:45.552283+00:00,https://cdn.cboe.com/api/global/delayed_quotes/options/_SPX.json,378,0.10059934677828514,20.450000000000003,0.034229828850855709,1.0404171757279277,inverted,,0.037985609342559956,0.02375885355200771,7647.2969008163309,0.11303340495302756,0.11240305875545063,0.11365978819649436,4.2632564145606011e-14,6,557.01850688222476,0.59727447373488474,-0.10665950469724295,,converged,newton,,converged,,converged,,compared_not_calibrated
SPX,SPX261016C07950000,2026-10-16,AM,2026-10-16T09:30:00-04:00,call,7950,19.300000000000001,20,321,253,1259,15348,0.1139,21.199999999999999,2026-09-09T15:59:30,7636.3599000000004,2026-09-09T16:14:59,2026-09-09T16:14:59-04:00,2026-09-10 12:42:18,2026-09-10T12:42:45.552283+00:00,https://cdn.cboe.com/api/global/delayed_quotes/options/_SPX.json,379,0.10059934677828514,19.649999999999999,0.03562340966921116,1.0410719379530553,inverted,,0.037985609342559956,0.02375885355200771,7647.2969008163309,0.11282199742469907,0.11217832195567366,0.1134613808332564,-1.3500311979441904e-13,6,545.58974378984908,0.59143387450863116,-0.10780025753009265,-0.051421184472587811,converged,newton,,converged,,converged,,compared_not_calibrated
SPX,SPX261016C07955000,2026-10-16,AM,2026-10-16T09:30:00-04:00,call,7955,18.5,19.300000000000001,256,138,42,252,0.11360000000000001,22.399999999999999,2026-09-09T10:29:14,7636.3599000000004,2026-09-09T16:14:59,2026-09-09T16:14:59-04:00,2026-09-10 12:42:18,2026-09-10T12:42:45.552283+00:00,https://cdn.cboe.com/api/global/delayed_quotes/options/_SPX.json,380,0.10059934677828514,18.899999999999999,0.042328042328042367,1.0417267001781829,inverted,,0.037985609342559956,0.02375885355200771,7647.2969008163309,0.11266001156704482,0.11190849769493207,0.11340546592059954,3.1974423109204508e-13,6,534.4395334229697,0.50490796699487106,-0.09399884329551883,,converged,newton,,converged,,converged,,compared_not_calibrated
SPX,SPX261016C07960000,2026-10-16,AM,2026-10-16T09:30:00-04:00,call,7960,17.800000000000001,18.5,221,195,2,468,0.1135,19.399999999999999,2026-09-09T11:19:27,7636.3599000000004,2026-09-09T16:14:59,2026-09-09T16:14:59-04:00,2026-09-10 12:42:18,2026-09-10T12:42:45.552283+00:00,https://cdn.cboe.com/api/global/delayed_quotes/options/_SPX.json,381,0.10059934677828514,18.149999999999999,0.038567493112947625,1.0423814624033108,inverted,,0.037985609342559956,0.02375885355200771,7647.2969008163309,0.11245580564658417,0.11178411461974527,0.1131224704239569,1.7976731214730535e-12,6,523.05135201124335,0.54935055245753261,-0.10441943534158366,,converged,newton,,converged,,converged,,compared_not_calibrated
SPX,SPX261016C07965000,2026-10-16,AM,2026-10-16T09:30:00-04:00,call,7965,17.100000000000001,17.800000000000001,197,194,1,465,0.1134,20,2026-09-09T10:15:56,7636.3599000000004,2026-09-09T16:14:59,2026-09-09T16:14:59-04:00,2026-09-10 12:42:18,2026-09-10T12:42:45.552283+00:00,https://cdn.cboe.com/api/global/delayed_quotes/options/_SPX.json,382,0.10059934677828514,17.450000000000003,0.040114613180515714,1.0430362246284384,inverted,,0.037985609342559956,0.02375885355200771,7647.2969008163309,0.11230504137123179,0.11161868883002875,0.11298596056155871,3.794298208958935e-12,6,511.99162667228416,0.56415799805817812,-0.10949586287682112,0.14136828293374037,converged,newton,,converged,,converged,,compared_not_calibrated
SPX,SPX261016C07980000,2026-10-16,AM,2026-10-16T09:30:00-04:00,call,7980,15.300000000000001,15.800000000000001,79,231,29,424,0.11310000000000001,17.649999999999999,2026-09-09T11:40:01,7636.3599000000004,2026-09-09T16:14:59,2026-09-09T16:14:59-04:00,2026-09-10 12:42:18,2026-09-10T12:42:45.552283+00:00,https://cdn.cboe.com/api/global/delayed_quotes/options/_SPX.json,385,0.10059934677828514,15.550000000000001,0.03215434083601286,1.0450005113038217,inverted,,0.037985609342559956,0.02375885355200771,7647.2969008163309,0.11200969582260961,0.11148707282510854,0.11252883884218087,4.7474912889811094e-11,6,479.96882263749001,0.52695243912280532,-0.10903041773903943,,converged,newton,,converged,,converged,,compared_not_calibrated
SPX,SPX261016C07990000,2026-10-16,AM,2026-10-16T09:30:00-04:00,call,7990,14.1,14.5,138,38,20,346,0.11269999999999999,15.800000000000001,2026-09-09T12:40:10,7636.3599000000004,2026-09-09T16:14:59,2026-09-09T16:14:59-04:00,2026-09-10 12:42:18,2026-09-10T12:42:45.552283+00:00,https://cdn.cboe.com/api/global/delayed_quotes/options/_SPX.json,386,0.10059934677828514,14.300000000000001,0.027972027972027996,1.0463100357540769,inverted,,0.037985609342559956,0.02375885355200771,7647.2969008163309,0.11164320598041386,0.1112050278087198,0.11207876449929256,-1.1830536550405668e-12,7,457.81468591419491,0.48730848204895594,-0.10567940195861381,,converged,newton,,converged,,converged,,compared_not_calibrated
SPX,SPX261016C08000000,2026-10-16,AM,2026-10-16T09:30:00-04:00,call,8000,13,13.300000000000001,80,35,2573,146207,0.1124,14.34,2026-09-09T15:55:43,7636.3599000000004,2026-09-09T16:14:59,2026-09-09T16:14:59-04:00,2026-09-10 12:42:18,2026-09-10T12:42:45.552283+00:00,https://cdn.cboe.com/api/global/delayed_quotes/options/_SPX.json,387,0.10059934677828514,13.15,0.022813688212927809,1.0476195602043323,inverted,,0.037985609342559956,0.02375885355200771,7647.2969008163309,0.11132449175607388,0.11097973699892263,0.11166751454442048,2.042810365310288e-13,7,436.19462836478306,0.47280927449296506,-0.10755082439261182,0.0078770402145664775,converged,newton,,converged,,converged,,compared_not_calibrated
SPX,SPX261016C08010000,2026-10-16,AM,2026-10-16T09:30:00-04:00,call,8010,11.9,12.300000000000001,197,38,37,487,0.11219999999999999,13,2026-09-09T16:04:48,7636.3599000000004,2026-09-09T16:14:59,2026-09-09T16:14:59-04:00,2026-09-10 12:42:18,2026-09-10T12:42:45.552283+00:00,https://cdn.cboe.com/api/global/delayed_quotes/options/_SPX.json,388,0.10059934677828514,12.100000000000001,0.03305785123966945,1.0489290846545878,inverted,,0.037985609342559956,0.02375885355200771,7647.2969008163309,0.11106865140720434,0.11058521770009563,0.1115484720683029,1.1581846592889633e-12,7,415.27349828070436,0.47394057520718746,-0.11313485927956501,,converged,newton,,converged,,converged,,compared_not_calibrated
SPX,SPX261016C08020000,2026-10-16,AM,2026-10-16T09:30:00-04:00,call,8020,11,11.300000000000001,15,15,7,714,0.1118,12.800000000000001,2026-09-09T13:02:56,7636.3599000000004,2026-09-09T16:14:59,2026-09-09T16:14:59-04:00,2026-09-10 12:42:18,2026-09-10T12:42:45.552283+00:00,https://cdn.cboe.com/api/global/delayed_quotes/options/_SPX.json,389,0.10059934677828514,11.15,0.02690582959641262,1.0502386091048432,inverted,,0.037985609342559956,0.02375885355200771,7647.2969008163309,0.11089351293791226,0.11051278787927288,0.11127186065904067,6.5902838741749292e-13,7,395.22842605394248,0.36094077608365716,-0.090648706208773522,,converged,newton,,converged,,converged,,compared_not_calibrated
SPX,SPX261016C08025000,2026-10-16,AM,2026-10-16T09:30:00-04:00,call,8025,10.5,10.9,310,308,640,1970,0.1119,12.4,2026-09-09T15:18:14,7636.3599000000004,2026-09-09T16:14:59,2026-09-09T16:14:59-04:00,2026-09-10 12:42:18,2026-09-10T12:42:45.552283+00:00,https://cdn.cboe.com/api/global/delayed_quotes/options/_SPX.json,390,0.10059934677828514,10.699999999999999,0.037383177570093497,1.0508933713299708,inverted,,0.037985609342559956,0.02375885355200771,7647.2969008163309,0.11081016357071731,0.110288885499582,0.11132686868862356,-1.8118839761882555e-13,7,385.38062249475826,0.42387298945327601,-0.10898364292826895,0.31252615255817773,converged,newton,,converged,,converged,,compared_not_calibrated
SPX,SPX261016C08030000,2026-10-16,AM,2026-10-16T09:30:00-04:00,call,8030,10.1,10.5,38,325,23,608,0.1116,11.85,2026-09-09T15:23:17,7636.3599000000004,2026-09-09T16:14:59,2026-09-09T16:14:59-04:00,2026-09-10 12:42:18,2026-09-10T12:42:45.552283+00:00,https://cdn.cboe.com/api/global/delayed_quotes/options/_SPX.json,391,0.10059934677828514,10.300000000000001,0.038834951456310711,1.0515481335550987,inverted,,0.037985609342559956,0.02375885355200771,7647.2969008163309,0.11081989166494657,0.11028583860103282,0.11134902351528865,-2.7355895326763857e-13,7,376.24716570632211,0.29550217960065694,-0.078010833505343102,,converged,newton,,converged,,converged,,compared_not_calibrated
SPX,SPX261016C08050000,2026-10-16,AM,2026-10-16T09:30:00-04:00,call,8050,8.5,8.9000000000000004,293,440,19,10788,0.1116,9.8499999999999996,2026-09-09T15:32:07,7636.3599000000004,2026-09-09T16:14:59,2026-09-09T16:14:59-04:00,2026-09-10 12:42:18,2026-09-10T12:42:45.552283+00:00,https://cdn.cboe.com/api/global/delayed_quotes/options/_SPX.json,393,0.10059934677828514,8.6999999999999993,0.045977011494252921,1.0541671824556094,inverted,,0.037985609342559956,0.02375885355200771,7647.2969008163309,0.11048834377182992,0.10989391066743442,0.11107599694447495,2.7355895326763857e-13,7,338.4100032612447,0.38024190139394776,-0.11116562281700826,0.36717526490173213,converged,newton,,converged,,converged,,compared_not_calibrated
SPX,SPX261016C08060000,2026-10-16,AM,2026-10-16T09:30:00-04:00,call,8060,7.7999999999999998,8.1999999999999993,273,336,14,520,0.1115,9.1400000000000006,2026-09-09T12:52:29,7636.3599000000004,2026-09-09T16:14:59,2026-09-09T16:14:59-04:00,2026-09-10 12:42:18,2026-09-10T12:42:45.552283+00:00,https://cdn.cboe.com/api/global/delayed_quotes/options/_SPX.json,394,0.10059934677828514,8,0.049999999999999933,1.0554767069058648,inverted,,0.037985609342559956,0.02375885355200771,7647.2969008163309,0.11038253683676402,0.10975469003277151,0.11100243677919996,1.1368683772161603e-13,7,320.60675610383248,0.36234265599659921,-0.11174631632359794,,converged,newton,,converged,,converged,,compared_not_calibrated
SPX,SPX261016C08075000,2026-10-16,AM,2026-10-16T09:30:00-04:00,call,8075,6.9000000000000004,7.2000000000000002,114,202,12,1993,0.1114,7.5300000000000002,2026-09-09T11:16:40,7636.3599000000004,2026-09-09T16:14:59,2026-09-09T16:14:59-04:00,2026-09-10 12:42:18,2026-09-10T12:42:45.552283+00:00,https://cdn.cboe.com/api/global/delayed_quotes/options/_SPX.json,396,0.10059934677828514,7.0500000000000007,0.042553191489361673,1.0574409935812481,inverted,,0.037985609342559956,0.02375885355200771,7647.2969008163309,0.11025988585911091,0.10974871277006949,0.11076538424975954,7.496225862269057e-13,7,295.10042308428581,0.34065134622023763,-0.11401141408890897,,converged,newton,,converged,,converged,,compared_not_calibrated
SPX,SPX261016C08100000,2026-10-16,AM,2026-10-16T09:30:00-04:00,call,8100,5.5999999999999996,5.9000000000000004,93,295,193,9575,0.1115,6.29,2026-09-09T15:55:43,7636.3599000000004,2026-09-09T16:14:59,2026-09-09T16:14:59-04:00,2026-09-10 12:42:18,2026-09-10T12:42:45.552283+00:00,https://cdn.cboe.com/api/global/delayed_quotes/options/_SPX.json,399,0.10059934677828514,5.75,0.052173913043478383,1.0607148047068866,inverted,,0.037985609342559956,0.02375885355200771,7647.2969008163309,0.11032834177435698,0.10974045549289357,0.11090788676497891,2.404476617812179e-11,7,257.00165093350324,0.30543165293869379,-0.11716582256430241,,converged,newton,,converged,,converged,,compared_not_calibrated
SPX,SPX261016C08110000,2026-10-16,AM,2026-10-16T09:30:00-04:00,call,8110,5.0999999999999996,5.5,356,370,41,205,0.1116,5.8499999999999996,2026-09-09T12:39:40,7636.3599000000004,2026-09-09T16:14:59,2026-09-09T16:14:59-04:00,2026-09-10 12:42:18,2026-09-10T12:42:45.552283+00:00,https://cdn.cboe.com/api/global/delayed_quotes/options/_SPX.json,400,0.10059934677828514,5.2999999999999998,0.075471698113207614,1.0620243291571418,inverted,,0.037985609342559956,0.02375885355200771,7647.2969008163309,0.11038774453262425,0.10955552297446752,0.11120266819908479,-1.5898393712632242e-13,8,242.89914935618981,0.29900373360414978,-0.12122554673757585,,converged,newton,,converged,,converged,,compared_not_calibrated
SPX,SPX261016C08120000,2026-10-16,AM,2026-10-16T09:30:00-04:00,call,8120,4.7000000000000002,5,153,15,1,345,0.1115,5.5999999999999996,2026-09-09T15:27:55,7636.3599000000004,2026-09-09T16:14:59,2026-09-09T16:14:59-04:00,2026-09-10 12:42:18,2026-09-10T12:42:45.552283+00:00,https://cdn.cboe.com/api/global/delayed_quotes/options/_SPX.json,401,0.10059934677828514,4.8499999999999996,0.061855670103092751,1.0633338536073973,inverted,,0.037985609342559956,0.02375885355200771,7647.2969008163309,0.11030911382277937,0.10964678928394002,0.11095995382140016,-2.042810365310288e-13,8,228.49095353777372,0.27642157690345392,-0.11908861772206292,,converged,newton,,converged,,converged,,compared_not_calibrated
SPX,SPX261016C08125000,2026-10-16,AM,2026-10-16T09:30:00-04:00,call,8125,4.5999999999999996,4.7999999999999998,80,196,1023,6054,0.11169999999999999,5.1100000000000003,2026-09-09T16:09:07,7636.3599000000004,2026-09-09T16:14:59,2026-09-09T16:14:59-04:00,2026-09-10 12:42:18,2026-09-10T12:42:45.552283+00:00,https://cdn.cboe.com/api/global/delayed_quotes/options/_SPX.json,402,0.10059934677828514,4.6999999999999993,0.04255319148936175,1.0639886158325251,inverted,,0.037985609342559956,0.02375885355200771,7647.2969008163309,0.11055016937929063,0.110099374794635,0.11099554066993317,-1.8118839761882555e-13,8,223.18934303240081,0.26061468334289728,-0.11498306207093634,,converged,newton,,converged,,converged,,compared_not_calibrated
SPX,SPX261016C08130000,2026-10-16,AM,2026-10-16T09:30:00-04:00,call,8130,4.4000000000000004,4.7000000000000002,15,248,57,609,0.112,4.9199999999999999,2026-09-09T15:55:05,7636.3599000000004,2026-09-09T16:14:59,2026-09-09T16:14:59-04:00,2026-09-10 12:42:18,2026-09-10T12:42:45.552283+00:00,https://cdn.cboe.com/api/global/delayed_quotes/options/_SPX.json,403,0.10059934677828514,4.5500000000000007,0.06593406593406588,1.0646433780576527,inverted,,0.037985609342559956,0.02375885355200771,7647.2969008163309,0.11076956542142322,0.1100744524780282,0.11145168536528677,6.7501559897209518e-14,8,217.86671339868803,0.27258962873180437,-0.12304345785767862,,converged,newton,,converged,,converged,,compared_not_calibrated
SPX,SPX261016C08175000,2026-10-16,AM,2026-10-16T09:30:00-04:00,call,8175,3.1000000000000001,3.3999999999999999,402,317,4,547,0.1128,3.3100000000000001,2026-09-09T11:26:57,7636.3599000000004,2026-09-09T16:14:59,2026-09-09T16:14:59-04:00,2026-09-10 12:42:18,2026-09-10T12:42:45.552283+00:00,https://cdn.cboe.com/api/global/delayed_quotes/options/_SPX.json,408,0.10059934677828514,3.25,0.092307692307692257,1.0705362380838022,inverted,,0.037985609342559956,0.02375885355200771,7647.2969008163309,0.11188100713201717,0.11098641710008109,0.11275099443628755,-2.2737367544323206e-13,8,170.07515717520027,0.15857071827616664,-0.091899286798283186,,converged,newton,,converged,,converged,,compared_not_calibrated
SPX,SPX261016C08190000,2026-10-16,AM,2026-10-16T09:30:00-04:00,call,8190,2.7999999999999998,3,229,165,5,341,0.1133,3.02,2026-09-09T11:22:53,7636.3599000000004,2026-09-09T16:14:59,2026-09-09T16:14:59-04:00,2026-09-10 12:42:18,2026-09-10T12:42:45.552283+00:00,https://cdn.cboe.com/api/global/delayed_quotes/options/_SPX.json,410,0.10059934677828514,2.8999999999999999,0.068965517241379379,1.0725005247591852,inverted,,0.037985609342559956,0.02375885355200771,7647.2969008163309,0.11224372899477124,0.1115963448125301,0.11287755363486968,-5.1070259132757201e-14,8,156.13532450556553,0.16780528416285856,-0.10562710052287594,,converged,newton,,converged,,converged,,compared_not_calibrated
SPX,SPX261016C08200000,2026-10-16,AM,2026-10-16T09:30:00-04:00,call,8200,2.6000000000000001,2.7999999999999998,770,256,80,21246,0.1138,3.02,2026-09-09T15:40:36,7636.3599000000004,2026-09-09T16:14:59,2026-09-09T16:14:59-04:00,2026-09-10 12:42:18,2026-09-10T12:42:45.552283+00:00,https://cdn.cboe.com/api/global/delayed_quotes/options/_SPX.json,411,0.10059934677828514,2.7000000000000002,0.074074074074073973,1.0738100492094407,inverted,,0.037985609342559956,0.02375885355200771,7647.2969008163309,0.11257451155075017,0.11189008837721974,0.1132434003942444,1.3056222769591841e-13,8,147.82174461679847,0.18493057435985616,-0.12254884492498286,0.54506993896234235,converged,newton,,converged,,converged,,compared_not_calibrated
SPX,SPX261016C08220000,2026-10-16,AM,2026-10-16T09:30:00-04:00,call,8220,2.25,2.5,430,342,1,180,0.1148,2.8199999999999998,2026-09-09T09:43:24,7636.3599000000004,2026-09-09T16:14:59,2026-09-09T16:14:59-04:00,2026-09-10 12:42:18,2026-09-10T12:42:45.552283+00:00,https://cdn.cboe.com/api/global/delayed_quotes/options/_SPX.json,413,0.10059934677828514,2.375,0.10526315789473684,1.0764290981099516,inverted,,0.037985609342559956,0.02375885355200771,7647.2969008163309,0.11350215011947973,0.11255051896324765,0.11442271219074472,1.1084466677857563e-12,8,133.60055372351923,0.17739778305124787,-0.12978498805202715,,converged,newton,,converged,,converged,,compared_not_calibrated
SPX,SPX261016C08225000,2026-10-16,AM,2026-10-16T09:30:00-04:00,call,8225,2.2000000000000002,2.3999999999999999,442,160,4,1166,0.115,2.5099999999999998,2026-09-09T16:09:07,7636.3599000000004,2026-09-09T16:14:59,2026-09-09T16:14:59-04:00,2026-09-10 12:42:18,2026-09-10T12:42:45.552283+00:00,https://cdn.cboe.com/api/global/delayed_quotes/options/_SPX.json,414,0.10059934677828514,2.2999999999999998,0.086956521739130321,1.0770838603350792,inverted,,0.037985609342559956,0.02375885355200771,7647.2969008163309,0.11373236977243302,0.1129537416092235,0.11448985792346479,2.5695001681924623e-12,8,130.24346196410625,0.16886496776866711,-0.12676302275669848,,converged,newton,,converged,,converged,,compared_not_calibrated
SPX,SPX261016C08240000,2026-10-16,AM,2026-10-16T09:30:00-04:00,call,8240,2,2.2000000000000002,398,339,45,167,0.1158,2.2799999999999998,2026-09-09T15:02:42,7636.3599000000004,2026-09-09T16:14:59,2026-09-09T16:14:59-04:00,2026-09-10 12:42:18,2026-09-10T12:42:45.552283+00:00,https://cdn.cboe.com/api/global/delayed_quotes/options/_SPX.json,416,0.10059934677828514,2.1000000000000001,0.095238095238095316,1.0790481470104623,inverted,,0.037985609342559956,0.02375885355200771,7647.2969008163309,0.11451174572763219,0.11367261844701267,0.1153256730502142,1.4375611812056377e-11,8,121.03895358359834,0.15965036041029057,-0.12882542723678114,,converged,newton,,converged,,converged,,compared_not_calibrated
SPX,SPX261016C08250000,2026-10-16,AM,2026-10-16T09:30:00-04:00,call,8250,1.8500000000000001,2.1000000000000001,1109,646,104,3011,0.11609999999999999,2.1800000000000002,2026-09-09T15:11:19,7636.3599000000004,2026-09-09T16:14:59,2026-09-09T16:14:59-04:00,2026-09-10 12:42:18,2026-09-10T12:42:45.552283+00:00,https://cdn.cboe.com/api/global/delayed_quotes/options/_SPX.json,417,0.10059934677828514,1.9750000000000001,0.12658227848101264,1.0803576714607177,inverted,,0.037985609342559956,0.02375885355200771,7647.2969008163309,0.11501455775131901,0.11390638021221648,0.11607838908603857,4.234257389157392e-11,8,115.18702021164158,0.12759048138445328,-0.10854422486809845,,converged,newton,,converged,,converged,,compared_not_calibrated
SPX,SPX261016C08260000,2026-10-16,AM,2026-10-16T09:30:00-04:00,call,8260,1.75,1.95,444,15,194,575,0.1168,2.0899999999999999,2026-09-09T15:33:39,7636.3599000000004,2026-09-09T16:14:59,2026-09-09T16:14:59-04:00,2026-09-10 12:42:18,2026-09-10T12:42:45.552283+00:00,https://cdn.cboe.com/api/global/delayed_quotes/options/_SPX.json,418,0.10059934677828514,1.8500000000000001,0.10810810810810807,1.0816671959109732,inverted,,0.037985609342559956,0.02375885355200771,7647.2969008163309,0.11544619702397806,0.11451481070403439,0.11634543222530218,-6.2616578588858829e-14,9,109.3126778044511,0.15185293455217552,-0.1353802976021945,,converged,newton,,converged,,converged,,compared_not_calibrated
SPX,SPX261016C08270000,2026-10-16,AM,2026-10-16T09:30:00-04:00,call,8270,1.6499999999999999,1.8500000000000001,455,278,65,490,0.1174,2,2026-09-09T15:17:34,7636.3599000000004,2026-09-09T16:14:59,2026-09-09T16:14:59-04:00,2026-09-10 12:42:18,2026-09-10T12:42:45.552283+00:00,https://cdn.cboe.com/api/global/delayed_quotes/options/_SPX.json,419,0.10059934677828514,1.75,0.11428571428571439,1.0829767203612286,inverted,,0.037985609342559956,0.02375885355200771,7647.2969008163309,0.11604054539278666,0.11506403109209266,0.11698123555010255,0,9,104.38324593505641,0.14568640298654145,-0.13594546072133451,,converged,newton,,converged,,converged,,compared_not_calibrated
SPX,SPX261016C08275000,2026-10-16,AM,2026-10-16T09:30:00-04:00,call,8275,1.6000000000000001,1.8,472,375,300,2607,0.1177,1.8400000000000001,2026-09-09T15:43:31,7636.3599000000004,2026-09-09T16:14:59,2026-09-09T16:14:59-04:00,2026-09-10 12:42:18,2026-09-10T12:42:45.552283+00:00,https://cdn.cboe.com/api/global/delayed_quotes/options/_SPX.json,420,0.10059934677828514,1.7000000000000002,0.11764705882352937,1.0836314825863562,inverted,,0.037985609342559956,0.02375885355200771,7647.2969008163309,0.11631571974633929,0.11531493863286776,0.11727860688835393,1.6875389974302379e-14,9,101.91738563389883,0.14494401178298499,-0.13842802536607052,,converged,newton,,converged,,converged,,compared_not_calibrated
SPX,SPX261016C08280000,2026-10-16,AM,2026-10-16T09:30:00-04:00,call,8280,1.55,1.75,460,276,20,636,0.11799999999999999,1.95,2026-09-09T09:30:19,7636.3599000000004,2026-09-09T16:14:59,2026-09-09T16:14:59-04:00,2026-09-10 12:42:18,2026-09-10T12:42:45.552283+00:00,https://cdn.cboe.com/api/global/delayed_quotes/options/_SPX.json,421,0.10059934677828514,1.6499999999999999,0.12121212121212119,1.0842862448114841,inverted,,0.037985609342559956,0.02375885355200771,7647.2969008163309,0.11657545374165319,0.11554914080419301,0.11756162295030284,-2.2648549702353193e-14,9,99.449627408979339,0.14569707026362844,-0.1424546258346801,,converged,newton,,converged,,converged,,compared_not_calibrated
SPX,SPX261016C08300000,2026-10-16,AM,2026-10-16T09:30:00-04:00,call,8300,1.3999999999999999,1.6000000000000001,807,565,13,12734,0.11940000000000001,1.6200000000000001,2026-09-09T15:57:03,7636.3599000000004,2026-09-09T16:14:59,2026-09-09T16:14:59-04:00,2026-09-10 12:42:18,2026-09-10T12:42:45.552283+00:00,https://cdn.cboe.com/api/global/delayed_quotes/options/_SPX.json,423,0.10059934677828514,1.5,0.13333333333333344,1.0869052937119947,inverted,,0.037985609342559956,0.02375885355200771,7647.2969008163309,0.11799838282365246,0.11688131872988718,0.1190669761117116,-1.2789769243681803e-13,9,91.5844883213272,0.1320427794510266,-0.14016171763475416,,converged,newton,,converged,,converged,,compared_not_calibrated
SPX,SPX261016C08350000,2026-10-16,AM,2026-10-16T09:30:00-04:00,call,8350,1.05,1.25,772,308,617,1882,0.1225,1.27,2026-09-09T15:40:36,7636.3599000000004,2026-09-09T16:14:59,2026-09-09T16:14:59-04:00,2026-09-10 12:42:18,2026-09-10T12:42:45.552283+00:00,https://cdn.cboe.com/api/global/delayed_quotes/options/_SPX.json,429,0.10059934677828514,1.1499999999999999,0.17391304347826084,1.093452915963272,inverted,,0.037985609342559956,0.02375885355200771,7647.2969008163309,0.12100545022494309,0.11959435822116318,0.12233512213076021,5.773159728050814e-15,9,73.082868990354967,0.11279698874921573,-0.14945497750569053,,converged,newton,,converged,,converged,,compared_not_calibrated
SPX,SPX261016C08360000,2026-10-16,AM,2026-10-16T09:30:00-04:00,call,8360,1,1.2,667,314,8,210,0.1232,1.23,2026-09-09T15:32:44,7636.3599000000004,2026-09-09T16:14:59,2026-09-09T16:14:59-04:00,2026-09-10 12:42:18,2026-09-10T12:42:45.552283+00:00,https://cdn.cboe.com/api/global/delayed_quotes/options/_SPX.json,430,0.10059934677828514,1.1000000000000001,0.18181818181818177,1.0947624404135274,inverted,,0.037985609342559956,0.02375885355200771,7647.2969008163309,0.12172738888330702,0.12025718421986929,0.12310864946184805,8.4376949871511897e-15,9,70.256107725047016,0.10682403274821572,-0.14726111166929873,,converged,newton,,converged,,converged,,compared_not_calibrated
SPX,SPX261016C08375000,2026-10-16,AM,2026-10-16T09:30:00-04:00,call,8375,0.90000000000000002,1.1499999999999999,851,462,26,705,0.12429999999999999,1.1499999999999999,2026-09-09T15:34:23,7636.3599000000004,2026-09-09T16:14:59,2026-09-09T16:14:59-04:00,2026-09-10 12:42:18,2026-09-10T12:42:45.552283+00:00,https://cdn.cboe.com/api/global/delayed_quotes/options/_SPX.json,432,0.10059934677828514,1.0249999999999999,0.24390243902439016,1.0967267270889105,inverted,,0.037985609342559956,0.02375885355200771,7647.2969008163309,0.12273678365598831,0.12075808281239285,0.12455535757728098,7.6827433304060833e-14,9,66.036082593521428,0.10684953156233812,-0.15632163440116864,,converged,newton,,converged,,converged,,compared_not_calibrated
SPX,SPX261016C08400000,2026-10-16,AM,2026-10-16T09:30:00-04:00,call,8400,0.80000000000000004,1.05,1709,806,228,5093,0.12620000000000001,1.05,2026-09-09T15:20:08,7636.3599000000004,2026-09-09T16:14:59,2026-09-09T16:14:59-04:00,2026-09-10 12:42:18,2026-09-10T12:42:45.552283+00:00,https://cdn.cboe.com/api/global/delayed_quotes/options/_SPX.json,433,0.10059934677828514,0.92500000000000004,0.27027027027027023,1.100000538214549,inverted,,0.037985609342559956,0.02375885355200771,7647.2969008163309,0.124620168014227,0.12243654671226559,0.12660698099517464,3.0975222387041867e-13,9,60.171628082096156,0.098497537714689498,-0.15798319857730087,,converged,newton,,converged,,converged,,compared_not_calibrated
SPX,SPX261016C08425000,2026-10-16,AM,2026-10-16T09:30:00-04:00,call,8425,0.69999999999999996,0.94999999999999996,895,443,38,543,0.12790000000000001,0.92000000000000004,2026-09-09T10:18:23,7636.3599000000004,2026-09-09T16:14:59,2026-09-09T16:14:59-04:00,2026-09-10 12:42:18,2026-09-10T12:42:45.552283+00:00,https://cdn.cboe.com/api/global/delayed_quotes/options/_SPX.json,434,0.10059934677828514,0.82499999999999996,0.30303030303030304,1.1032743493401875,inverted,,0.037985609342559956,0.02375885355200771,7647.2969008163309,0.12628393465944568,0.12385044246372671,0.12847041773515844,3.8540282076837684e-12,9,54.372745198988362,0.091196602700083007,-0.16160653405543346,,converged,newton,,converged,,converged,,compared_not_calibrated
SPX,SPX261016C08500000,2026-10-16,AM,2026-10-16T09:30:00-04:00,call,8500,0.5,0.69999999999999996,1728,341,30,8713,0.13320000000000001,0.65000000000000002,2026-09-09T14:50:07,7636.3599000000004,2026-09-09T16:14:59,2026-09-09T16:14:59-04:00,2026-09-10 12:42:18,2026-09-10T12:42:45.552283+00:00,https://cdn.cboe.com/api/global/delayed_quotes/options/_SPX.json,437,0.10059934677828514,0.59999999999999998,0.33333333333333326,1.1130957827171031,inverted,,0.037985609342559956,0.02375885355200771,7647.2969008163309,0.13143397165953663,0.12881873744755609,0.13375169344788887,3.6970426720017713e-14,10,40.787038220308226,0.075190398458525487,-0.17660283404633825,,converged,newton,,converged,,converged,,compared_not_calibrated
SPX,SPX261016C08575000,2026-10-16,AM,2026-10-16T09:30:00-04:00,call,8575,0.34999999999999998,0.55000000000000004,838,312,12,1461,0.1386,0.55000000000000004,2026-09-09T10:39:16,7636.3599000000004,2026-09-09T16:14:59,2026-09-09T16:14:59-04:00,2026-09-10 12:42:18,2026-09-10T12:42:45.552283+00:00,https://cdn.cboe.com/api/global/delayed_quotes/options/_SPX.json,440,0.10059934677828514,0.45000000000000001,0.44444444444444459,1.1229172160940188,inverted,,0.037985609342559956,0.02375885355200771,7647.2969008163309,0.13672450815423609,0.13322399673683524,0.13969230382101291,-5.4012350148013866e-14,10,31.262160119719294,0.061485936782612771,-0.18754918457639103,,converged,newton,,converged,,converged,,compared_not_calibrated
SPX,SPX261120P05850000,2026-11-20,AM,2026-11-20T09:30:00-05:00,put,5850,12.4,12.9,581,740,127,790,0.33489999999999998,11.630000000000001,2026-09-09T14:16:12,7636.3599000000004,2026-09-09T16:14:59,2026-09-09T16:14:59-04:00,2026-09-10 12:42:18,2026-09-10T12:42:45.552283+00:00,https://cdn.cboe.com/api/global/delayed_quotes/options/_SPX.json,1436,0.1966039129883308,12.65,0.039525691699604744,0.76607180339941805,inverted,,0.038989325829810996,0.01518371465366555,7672.1839421357899,0.33253552302312089,0.33137224604618642,0.33368521889712449,1.7882584302242321e-11,7,216.18637577510418,0.51730931426150129,-0.23644769768790819,,converged,newton,,converged,,converged,,compared_not_calibrated
SPX,SPX261120P05875000,2026-11-20,AM,2026-11-20T09:30:00-05:00,put,5875,12.699999999999999,13.199999999999999,895,402,256,2174,0.33179999999999998,12.039999999999999,2026-09-09T15:47:44,7636.3599000000004,2026-09-09T16:14:59,2026-09-09T16:14:59-04:00,2026-09-10 12:42:18,2026-09-10T12:42:45.552283+00:00,https://cdn.cboe.com/api/global/delayed_quotes/options/_SPX.json,1437,0.1966039129883308,12.949999999999999,0.038610038610038609,0.76934561452505656,inverted,,0.038989325829810996,0.01518371465366555,7672.1839421357899,0.32945837160667651,0.32832310221403505,0.33058075095456391,1.1500134178277222e-11,7,221.4833186310907,0.52477862737804415,-0.23416283933234694,,converged,newton,,converged,,converged,,compared_not_calibrated
SPX,SPX261120P05925000,2026-11-20,AM,2026-11-20T09:30:00-05:00,put,5925,13.4,14,915,705,1,1979,0.32619999999999999,12.75,2026-09-09T15:43:33,7636.3599000000004,2026-09-09T16:14:59,2026-09-09T16:14:59-04:00,2026-09-10 12:42:18,2026-09-10T12:42:45.552283+00:00,https://cdn.cboe.com/api/global/delayed_quotes/options/_SPX.json,1439,0.1966039129883308,13.699999999999999,0.043795620437956179,0.77589323677633371,inverted,,0.038989325829810996,0.01518371465366555,7672.1839421357899,0.32384732539361027,0.3225556271976488,0.32512257475992423,4.0536463075113716e-12,7,233.75939967463603,0.55642286875663061,-0.23526746063897153,,converged,newton,,converged,,converged,,compared_not_calibrated
SPX,SPX261120P05950000,2026-11-20,AM,2026-11-20T09:30:00-05:00,put,5950,13.800000000000001,14.4,864,678,5,3148,0.32329999999999998,13.199999999999999,2026-09-09T12:31:32,7636.3599000000004,2026-09-09T16:14:59,2026-09-09T16:14:59-04:00,2026-09-10 12:42:18,2026-09-10T12:42:45.552283+00:00,https://cdn.cboe.com/api/global/delayed_quotes/options/_SPX.json,1440,0.1966039129883308,14.100000000000001,0.042553191489361673,0.77916704790197222,inverted,,0.038989325829810996,0.01518371465366555,7672.1839421357899,0.32107428373347913,0.31981765409387991,0.32231544834576897,2.3234747459355276e-12,7,240.23001466363843,0.54058571699118119,-0.22257162665208496,,converged,newton,,converged,,converged,,compared_not_calibrated
SPX,SPX261120P06000000,2026-11-20,AM,2026-11-20T09:30:00-05:00,put,6000,14.6,15.199999999999999,944,770,751,16061,0.31759999999999999,14.300000000000001,2026-09-09T16:04:57,7636.3599000000004,2026-09-09T16:14:59,2026-09-09T16:14:59-04:00,2026-09-10 12:42:18,2026-09-10T12:42:45.552283+00:00,https://cdn.cboe.com/api/global/delayed_quotes/options/_SPX.json,1442,0.1966039129883308,14.899999999999999,0.040268456375838903,0.78571467015324925,inverted,,0.038989325829810996,0.01518371465366555,7672.1839421357899,0.31537846818356408,0.31418738224553794,0.31655583220137634,8.8817841970012523e-13,7,253.34710286079482,0.56893646920983798,-0.22215318164359177,-0.96489580311117606,converged,newton,,converged,,converged,,compared_not_calibrated
SPX,SPX261120P06050000,2026-11-20,AM,2026-11-20T09:30:00-05:00,put,6050,15.5,16.100000000000001,704,645,160,2289,0.312,14.800000000000001,2026-09-09T15:54:49,7636.3599000000004,2026-09-09T16:14:59,2026-09-09T16:14:59-04:00,2026-09-10 12:42:18,2026-09-10T12:42:45.552283+00:00,https://cdn.cboe.com/api/global/delayed_quotes/options/_SPX.json,1444,0.1966039129883308,15.800000000000001,0.037974683544303889,0.79226229240452639,inverted,,0.038989325829810996,0.01518371465366555,7672.1839421357899,0.30987029411192296,0.30874346544541109,0.31098502468795686,4.0856207306205761e-13,7,267.6864526393976,0.57593956465286666,-0.21297058880770381,,converged,newton,,converged,,converged,,compared_not_calibrated
SPX,SPX261120P06075000,2026-11-20,AM,2026-11-20T09:30:00-05:00,put,6075,16,16.5,474,484,1,1845,0.30919999999999997,15.4,2026-09-09T11:14:01,7636.3599000000004,2026-09-09T16:14:59,2026-09-09T16:14:59-04:00,2026-09-10 12:42:18,2026-09-10T12:42:45.552283+00:00,https://cdn.cboe.com/api/global/delayed_quotes/options/_SPX.json,1445,0.1966039129883308,16.25,0.030769230769230771,0.79553610353016491,inverted,,0.038989325829810996,0.01518371465366555,7672.1839421357899,0.30703616551745733,0.30612292909257227,0.30794149817499922,3.979039320256561e-13,7,274.95190967282724,0.6011024679366983,-0.21638344825426481,,converged,newton,,converged,,converged,,compared_not_calibrated
SPX,SPX261120P06200000,2026-11-20,AM,2026-11-20T09:30:00-05:00,put,6200,18.5,19.100000000000001,490,586,736,6746,0.29509999999999997,17.899999999999999,2026-09-09T16:04:53,7636.3599000000004,2026-09-09T16:14:59,2026-09-09T16:14:59-04:00,2026-09-10 12:42:18,2026-09-10T12:42:45.552283+00:00,https://cdn.cboe.com/api/global/delayed_quotes/options/_SPX.json,1450,0.1966039129883308,18.800000000000001,0.03191489361702135,0.81190515915835759,inverted,,0.038989325829810996,0.01518371465366555,7672.1839421357899,0.2930991829821375,0.29214309824042922,0.2940469715679484,1.0658141036401503e-14,7,315.15946539446787,0.63634727340639685,-0.20008170178624773,,converged,newton,,converged,,converged,,compared_not_calibrated
SPX,SPX261120P06250000,2026-11-20,AM,2026-11-20T09:30:00-05:00,put,6250,19.699999999999999,20.300000000000001,457,557,69,3736,0.28960000000000002,19.100000000000001,2026-09-09T16:06:23,7636.3599000000004,2026-09-09T16:14:59,2026-09-09T16:14:59-04:00,2026-09-10 12:42:18,2026-09-10T12:42:45.552283+00:00,https://cdn.cboe.com/api/global/delayed_quotes/options/_SPX.json,1452,0.1966039129883308,20,0.030000000000000072,0.81845278140963462,inverted,,0.038989325829810996,0.01518371465366555,7672.1839421357899,0.28769263430270819,0.28678918174686518,0.28858882828713878,-1.1368683772161603e-13,7,333.41024813247026,0.64136687688596794,-0.19073656972918296,,converged,newton,,converged,,converged,,compared_not_calibrated
SPX,SPX261120P06300000,2026-11-20,AM,2026-11-20T09:30:00-05:00,put,6300,20.899999999999999,21.5,441,414,2,6222,0.28389999999999999,20,2026-09-09T12:10:40,7636.3599000000004,2026-09-09T16:14:59,2026-09-09T16:14:59-04:00,2026-09-10 12:42:18,2026-09-10T12:42:45.552283+00:00,https://cdn.cboe.com/api/global/delayed_quotes/options/_SPX.json,1454,0.1966039129883308,21.199999999999999,0.028301886792452897,0.82500040366091176,inverted,,0.038989325829810996,0.01518371465366555,7672.1839421357899,0.28203949539638945,0.28118395311114885,0.28288865215602704,-2.9487523534044158e-13,7,351.97886309043975,0.6602062967196396,-0.18605046036105355,,converged,newton,,converged,,converged,,compared_not_calibrated
SPX,SPX261120P06325000,2026-11-20,AM,2026-11-20T09:30:00-05:00,put,6325,21.600000000000001,22.199999999999999,287,522,3,1208,0.28129999999999999,20.100000000000001,2026-09-09T12:41:50,7636.3599000000004,2026-09-09T16:14:59,2026-09-09T16:14:59-04:00,2026-09-10 12:42:18,2026-09-10T12:42:45.552283+00:00,https://cdn.cboe.com/api/global/delayed_quotes/options/_SPX.json,1455,0.1966039129883308,21.899999999999999,0.027397260273972508,0.82827421478655028,inverted,,0.038989325829810996,0.01518371465366555,7672.1839421357899,0.27940244796426844,0.27857132826575653,0.28022761414479253,-3.0553337637684308e-13,7,362.26641187801226,0.69307346634278844,-0.18975520357315534,,converged,newton,,converged,,converged,,compared_not_calibrated
SPX,SPX261120P06350000,2026-11-20,AM,2026-11-20T09:30:00-05:00,put,6350,22.300000000000001,22.899999999999999,289,557,278,2903,0.27850000000000003,20.710000000000001,2026-09-09T15:34:53,7636.3599000000004,2026-09-09T16:14:59,2026-09-09T16:14:59-04:00,2026-09-10 12:42:18,2026-09-10T12:42:45.552283+00:00,https://cdn.cboe.com/api/global/delayed_quotes/options/_SPX.json,1456,0.1966039129883308,22.600000000000001,0.026548672566371584,0.83154802591218879,inverted,,0.038989325829810996,0.01518371465366555,7672.1839421357899,0.2766953284646535,0.27588744574148416,0.27749765188132708,1.3500311979441904e-13,7,372.63277145703546,0.67767677347708144,-0.18046715353465248,,converged,newton,,converged,,converged,,compared_not_calibrated
SPX,SPX261120P06375000,2026-11-20,AM,2026-11-20T09:30:00-05:00,put,6375,23,23.600000000000001,279,555,16,2216,0.2757,21.25,2026-09-09T10:21:52,7636.3599000000004,2026-09-09T16:14:59,2026-09-09T16:14:59-04:00,2026-09-10 12:42:18,2026-09-10T12:42:45.552283+00:00,https://cdn.cboe.com/api/global/delayed_quotes/options/_SPX.json,1457,0.1966039129883308,23.300000000000001,0.025751072961373449,0.83482183703782742,inverted,,0.038989325829810996,0.01518371465366555,7672.1839421357899,0.2739208375180987,0.27313510333209784,0.27470137311135479,-2.1671553440683056e-13,7,383.08503859857132,0.68670213113018619,-0.17791624819012974,,converged,newton,,converged,,converged,,compared_not_calibrated
SPX,SPX261120P06400000,2026-11-20,AM,2026-11-20T09:30:00-05:00,put,6400,23.699999999999999,24.300000000000001,447,350,528,6334,0.27289999999999998,22.899999999999999,2026-09-09T16:04:57,7636.3599000000004,2026-09-09T16:14:59,2026-09-09T16:14:59-04:00,2026-09-10 12:42:18,2026-09-10T12:42:45.552283+00:00,https://cdn.cboe.com/api/global/delayed_quotes/options/_SPX.json,1458,0.1966039129883308,24,0.02500000000000006,0.83809564816346593,inverted,,0.038989325829810996,0.01518371465366555,7672.1839421357899,0.27108142518614187,0.27031683773515908,0.27184114496323175,5.6843418860808015e-14,7,393.63032959136876,0.72129162481019193,-0.18185748138581093,-0.96935554546962521,converged,newton,,converged,,converged,,compared_not_calibrated
SPX,SPX261120P06425000,2026-11-20,AM,2026-11-20T09:30:00-05:00,put,6425,24.5,25.100000000000001,257,442,30,2185,0.2702,22.620000000000001,2026-09-09T11:03:57,7636.3599000000004,2026-09-09T16:14:59,2026-09-09T16:14:59-04:00,2026-09-10 12:42:18,2026-09-10T12:42:45.552283+00:00,https://cdn.cboe.com/api/global/delayed_quotes/options/_SPX.json,1459,0.1966039129883308,24.800000000000001,0.024193548387096833,0.84136945928910445,inverted,,0.038989325829810996,0.01518371465366555,7672.1839421357899,0.268426417345414,0.26768358393881131,0.26916471859846941,6.7501559897209518e-14,7,405.10331908010147,0.72374013936491721,-0.17735826545859923,,converged,newton,,converged,,converged,,compared_not_calibrated
SPX,SPX261120P06450000,2026-11-20,AM,2026-11-20T09:30:00-05:00,put,6450,25.300000000000001,25.899999999999999,276,461,1,2027,0.26740000000000003,23.699999999999999,2026-09-09T15:43:33,7636.3599000000004,2026-09-09T16:14:59,2026-09-09T16:14:59-04:00,2026-09-10 12:42:18,2026-09-10T12:42:45.552283+00:00,https://cdn.cboe.com/api/global/delayed_quotes/options/_SPX.json,1460,0.1966039129883308,25.600000000000001,0.023437499999999917,0.84464327041474296,inverted,,0.038989325829810996,0.01518371465366555,7672.1839421357899,0.26569746793645638,0.26497533546358115,0.26641537421304207,-2.6290081223123707e-13,7,416.66356038953177,0.71429686617525334,-0.17025320635436492,,converged,newton,,converged,,converged,,compared_not_calibrated
SPX,SPX261120P06675000,2026-11-20,AM,2026-11-20T09:30:00-05:00,put,6675,34.299999999999997,34.899999999999999,143,400,1,1829,0.24310000000000001,30.600000000000001,2026-09-09T10:09:19,7636.3599000000004,2026-09-09T16:14:59,2026-09-09T16:14:59-04:00,2026-09-10 12:42:18,2026-09-10T12:42:45.552283+00:00,https://cdn.cboe.com/api/global/delayed_quotes/options/_SPX.json,1471,0.1966039129883308,34.599999999999994,0.017341040462427789,0.87410757054548982,inverted,,0.038989325829810996,0.01518371465366555,7672.1839421357899,0.24155733968551171,0.24099954551395092,0.2421129693777973,1.8786749933497049e-11,6,538.88347197367307,0.83577965895554485,-0.15426603144882978,,converged,newton,,converged,,converged,,compared_not_calibrated
SPX,SPX261120P06680000,2026-11-20,AM,2026-11-20T09:30:00-05:00,put,6680,34.5,35.100000000000001,196,290,3,294,0.24249999999999999,32.920000000000002,2026-09-09T12:28:23,7636.3599000000004,2026-09-09T16:14:59,2026-09-09T16:14:59-04:00,2026-09-10 12:42:18,2026-09-10T12:42:45.552283+00:00,https://cdn.cboe.com/api/global/delayed_quotes/options/_SPX.json,1472,0.1966039129883308,34.799999999999997,0.017241379310344869,0.87476233277061755,inverted,,0.038989325829810996,0.01518371465366555,7672.1839421357899,0.24094816377258801,0.24039327904195337,0.24150091334207258,1.6441958905488718e-11,6,541.7001235719614,0.84515752479815376,-0.1551836227411979,,converged,newton,,converged,,converged,,compared_not_calibrated
SPX,SPX261120P06700000,2026-11-20,AM,2026-11-20T09:30:00-05:00,put,6700,35.5,36.100000000000001,259,411,4251,12942,0.2404,33,2026-09-09T15:50:10,7636.3599000000004,2026-09-09T16:14:59,2026-09-09T16:14:59-04:00,2026-09-10 12:42:18,2026-09-10T12:42:45.552283+00:00,https://cdn.cboe.com/api/global/delayed_quotes/options/_SPX.json,1474,0.1966039129883308,35.799999999999997,0.01675977653631289,0.87738138167112834,inverted,,0.038989325829810996,0.01518371465366555,7672.1839421357899,0.238844042266913,0.2383019067357012,0.23938417437749832,9.0523144535836764e-12,6,554.39638066310613,0.86719504463287933,-0.15559577330870045,,converged,newton,,converged,,converged,,compared_not_calibrated
SPX,SPX261120P06725000,2026-11-20,AM,2026-11-20T09:30:00-05:00,put,6725,36.799999999999997,37.399999999999999,110,282,19,1941,0.23769999999999999,33.700000000000003,2026-09-09T15:25:07,7636.3599000000004,2026-09-09T16:14:59,2026-09-09T16:14:59-04:00,2026-09-10 12:42:18,2026-09-10T12:42:45.552283+00:00,https://cdn.cboe.com/api/global/delayed_quotes/options/_SPX.json,1477,0.1966039129883308,37.099999999999994,0.016172506738544517,0.88065519279676696,inverted,,0.038989325829810996,0.01518371465366555,7672.1839421357899,0.23621647923885197,0.23568986383981758,0.23674124614283207,3.666400516522117e-12,6,570.68187684756981,0.85080640233221061,-0.14835207611480217,,converged,newton,,converged,,converged,,compared_not_calibrated
SPX,SPX261120P06750000,2026-11-20,AM,2026-11-20T09:30:00-05:00,put,6750,38.100000000000001,38.799999999999997,255,532,4,7420,0.23499999999999999,35.090000000000003,2026-09-09T13:21:24,7636.3599000000004,2026-09-09T16:14:59,2026-09-09T16:14:59-04:00,2026-09-10 12:42:18,2026-09-10T12:42:45.552283+00:00,https://cdn.cboe.com/api/global/delayed_quotes/options/_SPX.json,1480,0.1966039129883308,38.450000000000003,0.018205461638491436,0.88392900392240548,inverted,,0.038989325829810996,0.01518371465366555,7672.1839421357899,0.23357750944769232,0.2329804792761844,0.2341722196641845,1.2931877790833823e-12,6,587.38214169274818,0.83941682261460926,-0.14224905523076703,,converged,newton,,converged,,converged,,compared_not_calibrated
SPX,SPX261120P06770000,2026-11-20,AM,2026-11-20T09:30:00-05:00,put,6770,39.200000000000003,39.899999999999999,187,284,44,210,0.2329,35.609999999999999,2026-09-09T10:02:31,7636.3599000000004,2026-09-09T16:14:59,2026-09-09T16:14:59-04:00,2026-09-10 12:42:18,2026-09-10T12:42:45.552283+00:00,https://cdn.cboe.com/api/global/delayed_quotes/options/_SPX.json,1482,0.1966039129883308,39.549999999999997,0.01769911504424768,0.88654805282291627,inverted,,0.038989325829810996,0.01518371465366555,7672.1839421357899,0.23142873051074334,0.23084520993056237,0.23201007639071555,5.2580162446247414e-13,6,600.93287397334552,0.88829024154718184,-0.14712694892566602,,converged,newton,,converged,,converged,,compared_not_calibrated
SPX,SPX261120P06780000,2026-11-20,AM,2026-11-20T09:30:00-05:00,put,6780,39.799999999999997,40.399999999999999,86,243,2,219,0.23180000000000001,36.799999999999997,2026-09-09T12:58:59,7636.3599000000004,2026-09-09T16:14:59,2026-09-09T16:14:59-04:00,2026-09-10 12:42:18,2026-09-10T12:42:45.552283+00:00,https://cdn.cboe.com/api/global/delayed_quotes/options/_SPX.json,1484,0.1966039129883308,40.099999999999994,0.014962593516209514,0.88785757727317172,inverted,,0.038989325829810996,0.01518371465366555,7672.1839421357899,0.23033069344436702,0.22983627601805393,0.23082356342083346,1.2789769243681803e-12,6,607.72980994137163,0.89709345829774634,-0.14693065556329876,,converged,newton,,converged,,converged,,compared_not_calibrated
SPX,SPX261120P06790000,2026-11-20,AM,2026-11-20T09:30:00-05:00,put,6790,40.299999999999997,41,193,233,28,184,0.2306,37.57,2026-09-09T12:46:23,7636.3599000000004,2026-09-09T16:14:59,2026-09-09T16:14:59-04:00,2026-09-10 12:42:18,2026-09-10T12:42:45.552283+00:00,https://cdn.cboe.com/api/global/delayed_quotes/options/_SPX.json,1485,0.1966039129883308,40.649999999999999,0.017220172201722089,0.88916710172342706,inverted,,0.038989325829810996,0.01518371465366555,7672.1839421357899,0.22921714481532948,0.22864659016519487,0.22978565902640657,-7.0343730840249918e-13,6,614.54240549468852,0.85350771906551159,-0.13828551846705173,,converged,newton,,converged,,converged,,compared_not_calibrated
SPX,SPX261120P06800000,2026-11-20,AM,2026-11-20T09:30:00-05:00,put,6800,40.899999999999999,41.600000000000001,288,323,704,10195,0.2296,38.049999999999997,2026-09-09T15:53:08,7636.3599000000004,2026-09-09T16:14:59,2026-09-09T16:14:59-04:00,2026-09-10 12:42:18,2026-09-10T12:42:45.552283+00:00,https://cdn.cboe.com/api/global/delayed_quotes/options/_SPX.json,1486,0.1966039129883308,41.25,0.016969696969697037,0.89047662617368251,inverted,,0.038989325829810996,0.01518371465366555,7672.1839421357899,0.22816870916853013,0.22760473004332796,0.22873071528463881,5.6843418860808015e-13,6,621.68301484066296,0.89375988213100754,-0.14312908314698669,,converged,newton,,converged,,converged,,compared_not_calibrated
SPX,SPX261120P06820000,2026-11-20,AM,2026-11-20T09:30:00-05:00,put,6820,42.200000000000003,42.799999999999997,75,38,55,162,0.2276,39.200000000000003,2026-09-09T15:50:33,7636.3599000000004,2026-09-09T16:14:59,2026-09-09T16:14:59-04:00,2026-09-10 12:42:18,2026-09-10T12:42:45.552283+00:00,https://cdn.cboe.com/api/global/delayed_quotes/options/_SPX.json,1488,0.1966039129883308,42.5,0.014117647058823396,0.89309567507419341,inverted,,0.038989325829810996,0.01518371465366555,7672.1839421357899,0.22609977402879941,0.2256276218309167,0.22657057260110852,0,6,636.30410831039387,0.95894463866829938,-0.15002259712005861,,converged,newton,,converged,,converged,,compared_not_calibrated
SPX,SPX261120P06850000,2026-11-20,AM,2026-11-20T09:30:00-05:00,put,6850,44.100000000000001,44.799999999999997,188,412,4,5053,0.22439999999999999,40.310000000000002,2026-09-09T14:29:11,7636.3599000000004,2026-09-09T16:14:59,2026-09-09T16:14:59-04:00,2026-09-10 12:42:18,2026-09-10T12:42:45.552283+00:00,https://cdn.cboe.com/api/global/delayed_quotes/options/_SPX.json,1492,0.1966039129883308,44.450000000000003,0.015748031496062895,0.89702424842495965,inverted,,0.038989325829810996,0.01518371465366555,7672.1839421357899,0.22298010737417714,0.2224479696209461,0.22351058416255312,6.1106675275368616e-13,6,658.75711895657196,0.93925758817640315,-0.14198926258228439,,converged,newton,,converged,,converged,,compared_not_calibrated
SPX,SPX261120P06880000,2026-11-20,AM,2026-11-20T09:30:00-05:00,put,6880,46.100000000000001,46.799999999999997,156,245,6,117,0.22109999999999999,42.899999999999999,2026-09-09T15:50:18,7636.3599000000004,2026-09-09T16:14:59,2026-09-09T16:14:59-04:00,2026-09-10 12:42:18,2026-09-10T12:42:45.552283+00:00,https://cdn.cboe.com/api/global/delayed_quotes/options/_SPX.json,1496,0.1966039129883308,46.450000000000003,0.015069967707211963,0.90095282177572589,inverted,,0.038989325829810996,0.01518371465366555,7672.1839421357899,0.21977499602879863,0.21926073625657744,0.22028775795928313,2.7000623958883807e-13,6,681.58674233176373,0.90649165620395422,-0.13250039712013606,,converged,newton,,converged,,converged,,compared_not_calibrated
SPX,SPX261120P06900000,2026-11-20,AM,2026-11-20T09:30:00-05:00,put,6900,47.600000000000001,48.200000000000003,70,311,141,8814,0.21909999999999999,44.200000000000003,2026-09-09T15:47:18,7636.3599000000004,2026-09-09T16:14:59,2026-09-09T16:14:59-04:00,2026-09-10 12:42:18,2026-09-10T12:42:45.552283+00:00,https://cdn.cboe.com/api/global/delayed_quotes/options/_SPX.json,1498,0.1966039129883308,47.900000000000006,0.012526096033402951,0.90357187067623668,inverted,,0.038989325829810996,0.01518371465366555,7672.1839421357899,0.21771733412641914,0.21728671788433312,0.21814692635297941,-4.8316906031686813e-13,6,697.5083020340694,0.96809758685819247,-0.13826658735808517,,converged,newton,,converged,,converged,,compared_not_calibrated
SPX,SPX261120P06925000,2026-11-20,AM,2026-11-20T09:30:00-05:00,put,6925,49.399999999999999,50.100000000000001,78,231,1,1246,0.21640000000000001,46.539999999999999,2026-09-09T11:09:42,7636.3599000000004,2026-09-09T16:14:59,2026-09-09T16:14:59-04:00,2026-09-10 12:42:18,2026-09-10T12:42:45.552283+00:00,https://cdn.cboe.com/api/global/delayed_quotes/options/_SPX.json,1501,0.1966039129883308,49.75,0.014070351758794028,0.90684568180187519,inverted,,0.038989325829810996,0.01518371465366555,7672.1839421357899,0.21509052833992606,0.2146021823044853,0.21557760043456639,1.1368683772161603e-13,6,717.64471963156848,0.9430183464894526,-0.13094716600739464,,converged,newton,,converged,,converged,,compared_not_calibrated
SPX,SPX261120P06950000,2026-11-20,AM,2026-11-20T09:30:00-05:00,put,6950,51.200000000000003,52,248,31,9,3742,0.2137,47.520000000000003,2026-09-09T12:59:04,7636.3599000000004,2026-09-09T16:14:59,2026-09-09T16:14:59-04:00,2026-09-10 12:42:18,2026-09-10T12:42:45.552283+00:00,https://cdn.cboe.com/api/global/delayed_quotes/options/_SPX.json,1504,0.1966039129883308,51.600000000000001,0.015503875968992192,0.91011949292751371,inverted,,0.038989325829810996,0.01518371465366555,7672.1839421357899,0.21234504582619498,0.21180214556128069,0.21288642319143061,-3.1974423109204508e-13,6,737.82300622303069,1.0032114335559967,-0.13549541738050175,,converged,newton,,converged,,converged,,compared_not_calibrated
SPX,SPX261120P06975000,2026-11-20,AM,2026-11-20T09:30:00-05:00,put,6975,53.299999999999997,54.100000000000001,168,221,1,3041,0.21110000000000001,49.640000000000001,2026-09-09T15:46:13,7636.3599000000004,2026-09-09T16:14:59,2026-09-09T16:14:59-04:00,2026-09-10 12:42:18,2026-09-10T12:42:45.552283+00:00,https://cdn.cboe.com/api/global/delayed_quotes/options/_SPX.json,1507,0.1966039129883308,53.700000000000003,0.014897579143389277,0.91339330405315233,inverted,,0.038989325829810996,0.01518371465366555,7672.1839421357899,0.20981339590514567,0.20928590795144189,0.21033949964440074,9.5212726591853425e-13,6,759.31168851412428,0.98005568144962751,-0.12866040948543433,,converged,newton,,converged,,converged,,compared_not_calibrated
SPX,SPX261120P06990000,2026-11-20,AM,2026-11-20T09:30:00-05:00,put,6990,54.600000000000001,55.399999999999999,159,199,1,1047,0.20960000000000001,49.890000000000001,2026-09-09T11:02:04,7636.3599000000004,2026-09-09T16:14:59,2026-09-09T16:14:59-04:00,2026-09-10 12:42:18,2026-09-10T12:42:45.552283+00:00,https://cdn.cboe.com/api/global/delayed_quotes/options/_SPX.json,1509,0.1966039129883308,55,0.014545454545454493,0.9153575907285354,inverted,,0.038989325829810996,0.01518371465366555,7672.1839421357899,0.20828315957204574,0.20776463301210904,0.20880037972646642,-2.2737367544323206e-13,6,772.39367678787778,1.0203676875680685,-0.13168404279542689,,converged,newton,,converged,,converged,,compared_not_calibrated
SPX,SPX261120P07030000,2026-11-20,AM,2026-11-20T09:30:00-05:00,put,7030,58.200000000000003,59,136,192,435,1198,0.2054,53.600000000000001,2026-09-09T14:29:46,7636.3599000000004,2026-09-09T16:14:59,2026-09-09T16:14:59-04:00,2026-09-10 12:42:18,2026-09-10T12:42:45.552283+00:00,https://cdn.cboe.com/api/global/delayed_quotes/options/_SPX.json,1514,0.1966039129883308,58.600000000000001,0.013651877133105754,0.92059568852955709,inverted,,0.038989325829810996,0.01518371465366555,7672.1839421357899,0.20413468575009094,0.20363898943122311,0.20462926436632967,-3.1974423109204508e-13,6,807.86004678357904,1.025132525511161,-0.12653142499090553,,converged,newton,,converged,,converged,,compared_not_calibrated
SPX,SPX261120P07040000,2026-11-20,AM,2026-11-20T09:30:00-05:00,put,7040,59.100000000000001,59.899999999999999,152,26,50,646,0.2044,55.090000000000003,2026-09-09T11:53:27,7636.3599000000004,2026-09-09T16:14:59,2026-09-09T16:14:59-04:00,2026-09-10 12:42:18,2026-09-10T12:42:45.552283+00:00,https://cdn.cboe.com/api/global/delayed_quotes/options/_SPX.json,1515,0.1966039129883308,59.5,0.013445378151260456,0.92190521297981254,inverted,,0.038989325829810996,0.01518371465366555,7672.1839421357899,0.20304351266811982,0.20255320593712747,0.20353274395215826,-4.5474735088646412e-13,6,816.71502120615901,1.1112166887760395,-0.13564873318801796,,converged,newton,,converged,,converged,,compared_not_calibrated
SPX,SPX261120P07050000,2026-11-20,AM,2026-11-20T09:30:00-05:00,put,7050,60.100000000000001,60.899999999999999,165,258,6,4091,0.20330000000000001,55.57,2026-09-09T14:12:15,7636.3599000000004,2026-09-09T16:14:59,2026-09-09T16:14:59-04:00,2026-09-10 12:42:18,2026-09-10T12:42:45.552283+00:00,https://cdn.cboe.com/api/global/delayed_quotes/options/_SPX.json,1516,0.1966039129883308,60.5,0.013223140495867721,0.92321473743006788,inverted,,0.038989325829810996,0.01518371465366555,7672.1839421357899,0.20205222172066031,0.2015674471996067,0.20253596427191506,4.5474735088646412e-13,6,826.00842361313539,1.0334927481337672,-0.12477782793396952,,converged,newton,,converged,,converged,,compared_not_calibrated
SPX,SPX261120P07060000,2026-11-20,AM,2026-11-20T09:30:00-05:00,put,7060,61.100000000000001,61.899999999999999,115,185,1,238,0.20230000000000001,56.799999999999997,2026-09-09T15:50:05,7636.3599000000004,2026-09-09T16:14:59,2026-09-09T16:14:59-04:00,2026-09-10 12:42:18,2026-09-10T12:42:45.552283+00:00,https://cdn.cboe.com/api/global/delayed_quotes/options/_SPX.json,1517,0.1966039129883308,61.5,0.013008130081300766,0.92452426188032333,inverted,,0.038989325829810996,0.01518371465366555,7672.1839421357899,0.20103726189987492,0.20055788660974291,0.20151564673926448,0,6,835.28546737553586,1.0576100595151274,-0.12627381001250881,,converged,newton,,converged,,converged,,compared_not_calibrated
SPX,SPX261120P07070000,2026-11-20,AM,2026-11-20T09:30:00-05:00,put,7070,62.100000000000001,62.899999999999999,121,200,1,469,0.20130000000000001,56.880000000000003,2026-09-09T09:52:58,7636.3599000000004,2026-09-09T16:14:59,2026-09-09T16:14:59-04:00,2026-09-10 12:42:18,2026-09-10T12:42:45.552283+00:00,https://cdn.cboe.com/api/global/delayed_quotes/options/_SPX.json,1518,0.1966039129883308,62.5,0.012799999999999954,0.92583378633057878,inverted,,0.038989325829810996,0.01518371465366555,7672.1839421357899,0.19999888040483646,0.19952477691152465,0.20047203312741987,2.2737367544323206e-13,6,844.54761933276211,1.1018731903534444,-0.13011195951635468,,converged,newton,,converged,,converged,,compared_not_calibrated
SPX,SPX261120P07100000,2026-11-20,AM,2026-11-20T09:30:00-05:00,put,7100,65.299999999999997,66.099999999999994,169,249,303,11659,0.19819999999999999,61.5,2026-09-09T16:03:33,7636.3599000000004,2026-09-09T16:14:59,2026-09-09T16:14:59-04:00,2026-09-10 12:42:18,2026-09-10T12:42:45.552283+00:00,https://cdn.cboe.com/api/global/delayed_quotes/options/_SPX.json,1522,0.1966039129883308,65.699999999999989,0.012176560121765561,0.92976235968134502,inverted,,0.038989325829810996,0.01518371465366555,7672.1839421357899,0.19697456847344827,0.19651598842829213,0.19743231129478192,5.6843418860808015e-14,6,873.0575492436509,1.0724747534302992,-0.12254315265517179,-0.5146600945956834,converged,newton,,converged,,converged,,compared_not_calibrated
SPX,SPX261120P07120000,2026-11-20,AM,2026-11-20T09:30:00-05:00,put,7120,67.5,68.400000000000006,120,250,1,218,0.19620000000000001,62.399999999999999,2026-09-09T15:49:47,7636.3599000000004,2026-09-09T16:14:59,2026-09-09T16:14:59-04:00,2026-09-10 12:42:18,2026-09-10T12:42:45.552283+00:00,https://cdn.cboe.com/api/global/delayed_quotes/options/_SPX.json,1524,0.1966039129883308,67.950000000000003,0.013245033112582865,0.93238140858185581,inverted,,0.038989325829810996,0.01518371465366555,7672.1839421357899,0.19496768429339895,0.19446294287754562,0.19547145451875667,-1.8474111129762605e-13,6,892.40750937787959,1.102303555305113,-0.1232315706601067,,converged,newton,,converged,,converged,,compared_not_calibrated
SPX,SPX261120P07150000,2026-11-20,AM,2026-11-20T09:30:00-05:00,put,7150,71,71.900000000000006,142,263,38,3064,0.19309999999999999,66.700000000000003,2026-09-09T15:57:27,7636.3599000000004,2026-09-09T16:14:59,2026-09-09T16:14:59-04:00,2026-09-10 12:42:18,2026-09-10T12:42:45.552283+00:00,https://cdn.cboe.com/api/global/delayed_quotes/options/_SPX.json,1528,0.1966039129883308,71.450000000000003,0.012596221133659982,0.93630998193262205,inverted,,0.038989325829810996,0.01518371465366555,7672.1839421357899,0.19190465290905956,0.1914159876373637,0.19239246798777662,9.5212726591853425e-13,6,921.6805130417373,1.1040652947749976,-0.11953470909404351,,converged,newton,,converged,,converged,,compared_not_calibrated
SPX,SPX261120P07175000,2026-11-20,AM,2026-11-20T09:30:00-05:00,put,7175,74.099999999999994,75,100,224,137,4869,0.1905,68.760000000000005,2026-09-09T15:02:59,7636.3599000000004,2026-09-09T16:14:59,2026-09-09T16:14:59-04:00,2026-09-10 12:42:18,2026-09-10T12:42:45.552283+00:00,https://cdn.cboe.com/api/global/delayed_quotes/options/_SPX.json,1531,0.1966039129883308,74.549999999999997,0.012072434607645953,0.93958379305826056,inverted,,0.038989325829810996,0.01518371465366555,7672.1839421357899,0.18937016841612722,0.18889434427663118,0.1898452346680789,7.8401285463769455e-11,5,946.48403014916619,1.0713834191967209,-0.11298315838727813,,converged,newton,,converged,,converged,,compared_not_calibrated
SPX,SPX261120P07180000,2026-11-20,AM,2026-11-20T09:30:00-05:00,put,7180,74.799999999999997,75.599999999999994,88,153,1,516,0.19009999999999999,69.299999999999997,2026-09-09T15:48:04,7636.3599000000004,2026-09-09T16:14:59,2026-09-09T16:14:59-04:00,2026-09-10 12:42:18,2026-09-10T12:42:45.552283+00:00,https://cdn.cboe.com/api/global/delayed_quotes/options/_SPX.json,1532,0.1966039129883308,75.199999999999989,0.010638297872340389,0.94023855528338829,inverted,,0.038989325829810996,0.01518371465366555,7672.1839421357899,0.18887470960034772,0.18845403372542308,0.18929480066309123,6.0765614762203768e-11,5,951.51429411887716,1.1682328519437419,-0.12252903996522735,,converged,newton,,converged,,converged,,compared_not_calibrated
SPX,SPX261120P07190000,2026-11-20,AM,2026-11-20T09:30:00-05:00,put,7190,76.099999999999994,76.900000000000006,62,73,50,697,0.189,73.780000000000001,2026-09-09T11:26:47,7636.3599000000004,2026-09-09T16:14:59,2026-09-09T16:14:59-04:00,2026-09-10 12:42:18,2026-09-10T12:42:45.552283+00:00,https://cdn.cboe.com/api/global/delayed_quotes/options/_SPX.json,1533,0.1966039129883308,76.5,0.01045751633986943,0.94154807973364374,inverted,,0.038989325829810996,0.01518371465366555,7672.1839421357899,0.18786291999437146,0.18744664033577013,0.18827864187857812,3.7061909097246826e-11,5,961.53868759690363,1.0953402184454717,-0.11370800056285379,,converged,newton,,converged,,converged,,compared_not_calibrated
SPX,SPX261120P07210000,2026-11-20,AM,2026-11-20T09:30:00-05:00,put,7210,78.799999999999997,79.599999999999994,33,71,1,181,0.187,73.099999999999994,2026-09-09T11:03:47,7636.3599000000004,2026-09-09T16:14:59,2026-09-09T16:14:59-04:00,2026-09-10 12:42:18,2026-09-10T12:42:45.552283+00:00,https://cdn.cboe.com/api/global/delayed_quotes/options/_SPX.json,1537,0.1966039129883308,79.199999999999989,0.010101010101010067,0.94416712863415453,inverted,,0.038989325829810996,0.01518371465366555,7672.1839421357899,0.18585845765904238,0.18545076909977201,0.1862656400231662,1.2562395568238571e-11,5,981.75242534116967,1.122652775082372,-0.11415423409576186,,converged,newton,,converged,,converged,,compared_not_calibrated
SPX,SPX261120P07250000,2026-11-20,AM,2026-11-20T09:30:00-05:00,put,7250,84.5,85.400000000000006,120,168,1082,3348,0.183,78.400000000000006,2026-09-09T15:04:03,7636.3599000000004,2026-09-09T16:14:59,2026-09-09T16:14:59-04:00,2026-09-10 12:42:18,2026-09-10T12:42:45.552283+00:00,https://cdn.cboe.com/api/global/delayed_quotes/options/_SPX.json,1545,0.1966039129883308,84.950000000000003,0.010594467333725788,0.94940522643517622,inverted,,0.038989325829810996,0.01518371465366555,7672.1839421357899,0.18185363214852357,0.18141326990798259,0.18229347133713472,7.2475359047530219e-13,5,1022.495185707265,1.173960371760856,-0.11463678514764264,,converged,newton,,converged,,converged,,compared_not_calibrated
SPX,SPX261120P07260000,2026-11-20,AM,2026-11-20T09:30:00-05:00,put,7260,86,86.900000000000006,67,112,3,133,0.182,79.799999999999997,2026-09-09T15:48:04,7636.3599000000004,2026-09-09T16:14:59,2026-09-09T16:14:59-04:00,2026-09-10 12:42:18,2026-09-10T12:42:45.552283+00:00,https://cdn.cboe.com/api/global/delayed_quotes/options/_SPX.json,1547,0.1966039129883308,86.450000000000003,0.010410641989589424,0.95071475088543167,inverted,,0.038989325829810996,0.01518371465366555,7672.1839421357899,0.18083919846007385,0.18040319066527497,0.18127470992633182,7.2475359047530219e-13,5,1032.6812843652317,1.2005467334791291,-0.11608015399261484,,converged,newton,,converged,,converged,,compared_not_calibrated
SPX,SPX261120P07270000,2026-11-20,AM,2026-11-20T09:30:00-05:00,put,7270,87.599999999999994,88.5,89,126,11,236,0.18099999999999999,82.599999999999994,2026-09-09T16:06:21,7636.3599000000004,2026-09-09T16:14:59,2026-09-09T16:14:59-04:00,2026-09-10 12:42:18,2026-09-10T12:42:45.552283+00:00,https://cdn.cboe.com/api/global/delayed_quotes/options/_SPX.json,1549,0.1966039129883308,88.049999999999997,0.010221465076661053,0.95202427533568701,inverted,,0.038989325829810996,0.01518371465366555,7672.1839421357899,0.17989029266681769,0.17945862820243966,0.18032148725840066,6.3948846218409017e-13,5,1043.0458259849181,1.1590883507555674,-0.11097073331823026,,converged,newton,,converged,,converged,,compared_not_calibrated
SPX,SPX261120P07275000,2026-11-20,AM,2026-11-20T09:30:00-05:00,put,7275,88.400000000000006,89.299999999999997,89,123,5,3892,0.18049999999999999,83.140000000000001,2026-09-09T15:58:40,7636.3599000000004,2026-09-09T16:14:59,2026-09-09T16:14:59-04:00,2026-09-10 12:42:18,2026-09-10T12:42:45.552283+00:00,https://cdn.cboe.com/api/global/delayed_quotes/options/_SPX.json,1550,0.1966039129883308,88.849999999999994,0.010129431626336427,0.95267903756081473,inverted,,0.038989325829810996,0.01518371465366555,7672.1839421357899,0.17940380571758374,0.17897426659868984,0.17983288769872224,1.4210854715202004e-13,5,1048.1940080383115,1.1505781674901812,-0.10961942824162518,,converged,newton,,converged,,converged,,compared_not_calibrated
SPX,SPX261120P07280000,2026-11-20,AM,2026-11-20T09:30:00-05:00,put,7280,89.200000000000003,90.099999999999994,89,123,3,204,0.18010000000000001,82.700000000000003,2026-09-09T15:48:20,7636.3599000000004,2026-09-09T16:14:59,2026-09-09T16:14:59-04:00,2026-09-10 12:42:18,2026-09-10T12:42:45.552283+00:00,https://cdn.cboe.com/api/global/delayed_quotes/options/_SPX.json,1551,0.1966039129883308,89.650000000000006,0.010039040713887244,0.95333379978594246,inverted,,0.038989325829810996,0.01518371465366555,7672.1839421357899,0.17890933057386071,0.17848188677473412,0.17933632965653049,8.5265128291212022e-14,5,1053.3196170270799,1.2559643383907257,-0.11906694261392958,,converged,newton,,converged,,converged,,compared_not_calibrated
SPX,SPX261120P07295000,2026-11-20,AM,2026-11-20T09:30:00-05:00,put,7295,91.599999999999994,92.599999999999994,63,117,2,697,0.17849999999999999,83,2026-09-09T09:41:21,7636.3599000000004,2026-09-09T16:14:59,2026-09-09T16:14:59-04:00,2026-09-10 12:42:18,2026-09-10T12:42:45.552283+00:00,https://cdn.cboe.com/api/global/delayed_quotes/options/_SPX.json,1554,0.1966039129883308,92.099999999999994,0.010857763300760045,0.95529808646132564,inverted,,0.038989325829810996,0.01518371465366555,7672.1839421357899,0.17742498689664707,0.17695686556439882,0.1778926035136052,-3.1263880373444408e-13,5,1068.6772063255551,1.1502583077134716,-0.10750131033529231,,converged,newton,,converged,,converged,,compared_not_calibrated
SPX,SPX261120P07300000,2026-11-20,AM,2026-11-20T09:30:00-05:00,put,7300,92.5,93.400000000000006,112,136,1719,10957,0.17799999999999999,87.340000000000003,2026-09-09T16:10:02,7636.3599000000004,2026-09-09T16:14:59,2026-09-09T16:14:59-04:00,2026-09-10 12:42:18,2026-09-10T12:42:45.552283+00:00,https://cdn.cboe.com/api/global/delayed_quotes/options/_SPX.json,1555,0.1966039129883308,92.950000000000003,0.009682625067240512,0.95595284868645325,inverted,,0.038989325829810996,0.01518371465366555,7672.1839421357899,0.17694511564071666,0.1765258534990935,0.17736398061638789,4.9737991503207013e-13,5,1073.8243234619008,1.1341047029439295,-0.10548843592833312,-0.39188996577451007,converged,newton,,converged,,converged,,compared_not_calibrated
SPX,SPX261120P07310000,2026-11-20,AM,2026-11-20T09:30:00-05:00,put,7310,94.200000000000003,95.099999999999994,55,117,106,1495,0.17710000000000001,86.659999999999997,2026-09-09T15:35:35,7636.3599000000004,2026-09-09T16:14:59,2026-09-09T16:14:59-04:00,2026-09-10 12:42:18,2026-09-10T12:42:45.552283+00:00,https://cdn.cboe.com/api/global/delayed_quotes/options/_SPX.json,1557,0.1966039129883308,94.650000000000006,0.0095087163232962651,0.9572623731367087,inverted,,0.038989325829810996,0.01518371465366555,7672.1839421357899,0.17596041279781249,0.17554511068221879,0.17637534018564469,-5.9685589803848416e-13,5,1084.0390568633231,1.2368790683679833,-0.11395872021875142,,converged,newton,,converged,,converged,,compared_not_calibrated
SPX,SPX261120P07315000,2026-11-20,AM,2026-11-20T09:30:00-05:00,put,7315,95,96,60,110,7,109,0.17660000000000001,91.310000000000002,2026-09-09T12:32:46,7636.3599000000004,2026-09-09T16:14:59,2026-09-09T16:14:59-04:00,2026-09-10 12:42:18,2026-09-10T12:42:45.552283+00:00,https://cdn.cboe.com/api/global/delayed_quotes/options/_SPX.json,1558,0.1966039129883308,95.5,0.010471204188481676,0.95791713536183642,inverted,,0.038989325829810996,0.01518371465366555,7672.1839421357899,0.17545562286530719,0.17499630568034011,0.17591449076204727,4.5474735088646412e-13,5,1089.1067894965895,1.2478604179377726,-0.11443771346928144,,converged,newton,,converged,,converged,,compared_not_calibrated
SPX,SPX261120P07320000,2026-11-20,AM,2026-11-20T09:30:00-05:00,put,7320,95.900000000000006,96.900000000000006,59,105,29,953,0.17610000000000001,89.200000000000003,2026-09-09T15:47:40,7636.3599000000004,2026-09-09T16:14:59,2026-09-09T16:14:59-04:00,2026-09-10 12:42:18,2026-09-10T12:42:45.552283+00:00,https://cdn.cboe.com/api/global/delayed_quotes/options/_SPX.json,1559,0.1966039129883308,96.400000000000006,0.010373443983402489,0.95857189758696415,inverted,,0.038989325829810996,0.01518371465366555,7672.1839421357899,0.17498826003305545,0.17453110849514886,0.1754449757235757,3.1263880373444408e-13,5,1094.2525613971297,1.2179280450899057,-0.11117399669445527,,converged,newton,,converged,,converged,,compared_not_calibrated
SPX,SPX261120P07325000,2026-11-20,AM,2026-11-20T09:30:00-05:00,put,7325,96.799999999999997,97.799999999999997,69,102,54,1947,0.17560000000000001,90.930000000000007,2026-09-09T14:16:06,7636.3599000000004,2026-09-09T16:14:59,2026-09-09T16:14:59-04:00,2026-09-10 12:42:18,2026-09-10T12:42:45.552283+00:00,https://cdn.cboe.com/api/global/delayed_quotes/options/_SPX.json,1560,0.1966039129883308,97.299999999999997,0.010277492291880781,0.95922665981209188,inverted,,0.038989325829810996,0.01518371465366555,7672.1839421357899,0.17451222287776127,0.17405720391939183,0.17496681908429262,-2.7000623958883807e-13,5,1099.3676717419683,1.1971889819314612,-0.10877771222387311,,converged,newton,,converged,,converged,,compared_not_calibrated
SPX,SPX261120P07330000,2026-11-20,AM,2026-11-20T09:30:00-05:00,put,7330,97.700000000000003,98.700000000000003,65,101,59,867,0.17510000000000001,91.140000000000001,2026-09-09T15:45:50,7636.3599000000004,2026-09-09T16:14:59,2026-09-09T16:14:59-04:00,2026-09-10 12:42:18,2026-09-10T12:42:45.552283+00:00,https://cdn.cboe.com/api/global/delayed_quotes/options/_SPX.json,1561,0.1966039129883308,98.200000000000003,0.010183299389002037,0.95988142203721949,inverted,,0.038989325829810996,0.01518371465366555,7672.1839421357899,0.1740275335911228,0.17357461480538328,0.17448004238716086,2.7000623958883807e-13,5,1104.4521706362318,1.1857515152235436,-0.1072466408877204,,converged,newton,,converged,,converged,,compared_not_calibrated
SPX,SPX261120P07335000,2026-11-20,AM,2026-11-20T09:30:00-05:00,put,7335,98.599999999999994,99.599999999999994,60,105,30,1830,0.17460000000000001,90.819999999999993,2026-09-09T14:46:48,7636.3599000000004,2026-09-09T16:14:59,2026-09-09T16:14:59-04:00,2026-09-10 12:42:18,2026-09-10T12:42:45.552283+00:00,https://cdn.cboe.com/api/global/delayed_quotes/options/_SPX.json,1562,0.1966039129883308,99.099999999999994,0.010090817356205853,0.96053618426234721,inverted,,0.038989325829810996,0.01518371465366555,7672.1839421357899,0.17353421188464052,0.17308336149846698,0.17398466472119833,3.694822225952521e-13,5,1109.5060866200724,1.1837251971536773,-0.10657881153594839,,converged,newton,,converged,,converged,,compared_not_calibrated
SPX,SPX261120P07340000,2026-11-20,AM,2026-11-20T09:30:00-05:00,put,7340,99.5,100.5,57,104,60,379,0.1741,92.5,2026-09-09T15:47:42,7636.3599000000004,2026-09-09T16:14:59,2026-09-09T16:14:59-04:00,2026-09-10 12:42:18,2026-09-10T12:42:45.552283+00:00,https://cdn.cboe.com/api/global/delayed_quotes/options/_SPX.json,1563,0.1966039129883308,100,0.01,0.96119094648747494,inverted,,0.038989325829810996,0.01518371465366555,7672.1839421357899,0.17303227500439519,0.17258346185267956,0.17348070273539126,0,5,1114.5294264010504,1.1912208560079307,-0.10677249956048129,,converged,newton,,converged,,converged,,compared_not_calibrated
SPX,SPX261120P07375000,2026-11-20,AM,2026-11-20T09:30:00-05:00,put,7375,106,107.3,140,98,1419,4081,0.1706,99.540000000000006,2026-09-09T13:41:21,7636.3599000000004,2026-09-09T16:14:59,2026-09-09T16:14:59-04:00,2026-09-10 12:42:18,2026-09-10T12:42:45.552283+00:00,https://cdn.cboe.com/api/global/delayed_quotes/options/_SPX.json,1570,0.1966039129883308,106.65000000000001,0.012189404594467858,0.96577428206336891,inverted,,0.038989325829810996,0.01518371465366555,7672.1839421357899,0.16958300844401708,0.16901723642799146,0.17014826257253979,5.4001247917767614e-13,5,1149.4008059294426,1.1698882020315011,-0.10169915559829212,-0.26460116746659423,converged,newton,,converged,,converged,,compared_not_calibrated
SPX,SPX261120P07380000,2026-11-20,AM,2026-11-20T09:30:00-05:00,put,7380,107,108.2,91,76,111,1816,0.1701,99.700000000000003,2026-09-09T15:48:04,7636.3599000000004,2026-09-09T16:14:59,2026-09-09T16:14:59-04:00,2026-09-10 12:42:18,2026-09-10T12:42:45.552283+00:00,https://cdn.cboe.com/api/global/delayed_quotes/options/_SPX.json,1571,0.1966039129883308,107.59999999999999,0.011152416356877351,0.96642904428849663,inverted,,0.038989325829810996,0.01518371465366555,7672.1839421357899,0.169054538502942,0.16853450283903626,0.16957414754289782,-8.5265128291212022e-14,5,1154.2422038493373,1.2077060538198623,-0.10454614970580034,,converged,newton,,converged,,converged,,compared_not_calibrated
SPX,SPX261120P07400000,2026-11-20,AM,2026-11-20T09:30:00-05:00,put,7400,111.3,112.40000000000001,101,111,1818,15690,0.16830000000000001,104.8,2026-09-09T15:56:31,7636.3599000000004,2026-09-09T16:14:59,2026-09-09T16:14:59-04:00,2026-09-10 12:42:18,2026-09-10T12:42:45.552283+00:00,https://cdn.cboe.com/api/global/delayed_quotes/options/_SPX.json,1575,0.1966039129883308,111.84999999999999,0.0098345999105946234,0.96904809318900742,inverted,,0.038989325829810996,0.01518371465366555,7672.1839421357899,0.1672350161212261,0.16676633257928378,0.16770338998794487,-8.5265128291212022e-14,5,1173.8887888642585,1.251106213245663,-0.10649838787739063,-0.10550490136392909,converged,newton,,converged,,converged,,compared_not_calibrated
SPX,SPX261120P07455000,2026-11-20,AM,2026-11-20T09:30:00-05:00,put,7455,123.59999999999999,124.90000000000001,65,68,42,263,0.16309999999999999,117.2,2026-09-09T15:59:29,7636.3599000000004,2026-09-09T16:14:59,2026-09-09T16:14:59-04:00,2026-09-10 12:42:18,2026-09-10T12:42:45.552283+00:00,https://cdn.cboe.com/api/global/delayed_quotes/options/_SPX.json,1586,0.1966039129883308,124.25,0.010462776659959851,0.97625047766541229,inverted,,0.038989325829810996,0.01518371465366555,7672.1839421357899,0.1620152144546711,0.16148439767547029,0.16254575571730473,-4.5474735088646412e-13,5,1224.8470195004825,1.3293968947714347,-0.10847855453288979,,converged,newton,,converged,,converged,,compared_not_calibrated
SPX,SPX261120P07460000,2026-11-20,AM,2026-11-20T09:30:00-05:00,put,7460,124.8,126.09999999999999,73,66,12,823,0.16259999999999999,117.5,2026-09-09T15:50:10,7636.3599000000004,2026-09-09T16:14:59,2026-09-09T16:14:59-04:00,2026-09-10 12:42:18,2026-09-10T12:42:45.552283+00:00,https://cdn.cboe.com/api/global/delayed_quotes/options/_SPX.json,1587,0.1966039129883308,125.44999999999999,0.010362694300518113,0.9769052398905399,inverted,,0.038989325829810996,0.01518371465366555,7672.1839421357899,0.16153944224588909,0.16101052635559546,0.16206809497324681,-1.7053025658242404e-13,5,1229.2357738813462,1.3043220866077831,-0.10605577541109024,,converged,newton,,converged,,converged,,compared_not_calibrated
SPX,SPX261120P07560000,2026-11-20,AM,2026-11-20T09:30:00-05:00,put,7560,152.59999999999999,153.80000000000001,20,54,10,189,0.1537,144.28,2026-09-09T16:11:21,7636.3599000000004,2026-09-09T16:14:59,2026-09-09T16:14:59-04:00,2026-09-10 12:42:18,2026-09-10T12:42:45.552283+00:00,https://cdn.cboe.com/api/global/delayed_quotes/options/_SPX.json,1607,0.1966039129883308,153.19999999999999,0.0078328981723238718,0.99000048439309407,inverted,,0.038989325829810996,0.01518371465366555,7672.1839421357899,0.15265686200049131,0.15219701183571535,0.15311664816014439,3.0127011996228248e-12,4,1304.8639290896228,1.3613665742694252,-0.10431379995086976,,converged,newton,,converged,,converged,,compared_not_calibrated
SPX,SPX261120P07565000,2026-11-20,AM,2026-11-20T09:30:00-05:00,put,7565,154,155.19999999999999,38,55,10,150,0.15329999999999999,142.44999999999999,2026-09-09T13:55:49,7636.3599000000004,2026-09-09T16:14:59,2026-09-09T16:14:59-04:00,2026-09-10 12:42:18,2026-09-10T12:42:45.552283+00:00,https://cdn.cboe.com/api/global/delayed_quotes/options/_SPX.json,1608,0.1966039129883308,154.59999999999999,0.0077619663648123456,0.9906552466182218,inverted,,0.038989325829810996,0.01518371465366555,7672.1839421357899,0.15209972624393103,0.1516409140895876,0.15255847974840156,1.7337242752546445e-12,4,1307.8085853007531,1.5699887191516666,-0.12002737560689591,,converged,newton,,converged,,converged,,compared_not_calibrated
SPX,SPX261120P07595000,2026-11-20,AM,2026-11-20T09:30:00-05:00,put,7595,163.69999999999999,165,62,55,15,125,0.1507,152.38,2026-09-09T15:33:07,7636.3599000000004,2026-09-09T16:14:59,2026-09-09T16:14:59-04:00,2026-09-10 12:42:18,2026-09-10T12:42:45.552283+00:00,https://cdn.cboe.com/api/global/delayed_quotes/options/_SPX.json,1614,0.1966039129883308,164.34999999999999,0.0079099482811074619,0.99458381996898804,inverted,,0.038989325829810996,0.01518371465366555,7672.1839421357899,0.1495216887754128,0.14903064736114027,0.15001269445495877,-8.5265128291212022e-14,4,1323.7656076717208,1.5599429480479614,-0.11783112245871974,,converged,newton,,converged,,converged,,compared_not_calibrated
SPX,SPX261120P07605000,2026-11-20,AM,2026-11-20T09:30:00-05:00,put,7605,167.19999999999999,168.40000000000001,27,38,16,222,0.14979999999999999,158.63,2026-09-09T16:03:57,7636.3599000000004,2026-09-09T16:14:59,2026-09-09T16:14:59-04:00,2026-09-10 12:42:18,2026-09-10T12:42:45.552283+00:00,https://cdn.cboe.com/api/global/delayed_quotes/options/_SPX.json,1616,0.1966039129883308,167.80000000000001,0.0071513706793803157,0.99589334441924349,inverted,,0.038989325829810996,0.01518371465366555,7672.1839421357899,0.14870906402389994,0.1482573372983173,0.14916076782689305,1.7053025658242404e-13,4,1328.2704796694616,1.4491461472263722,-0.10909359761000492,0.029084480676999647,converged,newton,,converged,,converged,,compared_not_calibrated
SPX,SPX261120P07620000,2026-11-20,AM,2026-11-20T09:30:00-05:00,put,7620,172.5,173.59999999999999,26,9,11,450,0.14849999999999999,163.5,2026-09-09T16:02:30,7636.3599000000004,2026-09-09T16:14:59,2026-09-09T16:14:59-04:00,2026-09-10 12:42:18,2026-09-10T12:42:45.552283+00:00,https://cdn.cboe.com/api/global/delayed_quotes/options/_SPX.json,1619,0.1966039129883308,173.05000000000001,0.0063565443513435094,0.99785763109462655,inverted,,0.038989325829810996,0.01518371465366555,7672.1839421357899,0.14744558514619985,0.14703334233886192,0.14785781662456673,-2.8421709430404007e-13,4,1334.1835733798891,1.4068320191406087,-0.10544148538001452,,converged,newton,,converged,,converged,,compared_not_calibrated
SPX,SPX261120P07625000,2026-11-20,AM,2026-11-20T09:30:00-05:00,put,7625,174.30000000000001,175.40000000000001,26,9,12,1569,0.14810000000000001,161,2026-09-09T14:53:33,7636.3599000000004,2026-09-09T16:14:59,2026-09-09T16:14:59-04:00,2026-09-10 12:42:18,2026-09-10T12:42:45.552283+00:00,https://cdn.cboe.com/api/global/delayed_quotes/options/_SPX.json,1620,0.1966039129883308,174.85000000000002,0.0062911066628538416,0.99851239331975428,inverted,,0.038989325829810996,0.01518371465366555,7672.1839421357899,0.14703463616887677,0.14662293131922183,0.14744633192196863,-1.1368683772161603e-13,4,1335.9232876990236,1.4232846945664051,-0.10653638311232394,,converged,newton,,converged,,converged,,compared_not_calibrated
SPX,SPX261120P07630000,2026-11-20,AM,2026-11-20T09:30:00-05:00,put,7630,176.09999999999999,177.19999999999999,26,9,31,1199,0.1477,167.09999999999999,2026-09-09T16:03:09,7636.3599000000004,2026-09-09T16:14:59,2026-09-09T16:14:59-04:00,2026-09-10 12:42:18,2026-09-10T12:42:45.552283+00:00,https://cdn.cboe.com/api/global/delayed_quotes/options/_SPX.json,1621,0.1966039129883308,176.64999999999998,0.0062270025474101013,0.999167155544882,inverted,,0.038989325829810996,0.01518371465366555,7672.1839421357899,0.14660987185176982,0.14619866625812677,0.14702107036760723,5.6843418860808015e-13,4,1337.5419943488425,1.4581251432028921,-0.10901281482301739,,converged,newton,,converged,,converged,,compared_not_calibrated
SPX,SPX261120P07640000,2026-11-20,AM,2026-11-20T09:30:00-05:00,put,7640,179.69999999999999,180.90000000000001,25,9,7,228,0.14680000000000001,170.75,2026-09-09T15:51:22,7636.3599000000004,2026-09-09T16:14:59,2026-09-09T16:14:59-04:00,2026-09-10 12:42:18,2026-09-10T12:42:45.552283+00:00,https://cdn.cboe.com/api/global/delayed_quotes/options/_SPX.json,1623,0.1966039129883308,180.30000000000001,0.0066555740432613251,1.0004766799951375,inverted,,0.038989325829810996,0.01518371465366555,7672.1839421357899,0.1457559106134938,0.14530828433848436,0.14620353250792542,1.7053025658242404e-13,4,1340.4104771290156,1.3995241623662764,-0.1044089386506214,,converged,newton,,converged,,converged,,compared_not_calibrated
SPX,SPX261120P07665000,2026-11-20,AM,2026-11-20T09:30:00-05:00,put,7665,189.30000000000001,190.59999999999999,25,26,36,147,0.1449,175.5,2026-09-09T15:24:56,7636.3599000000004,2026-09-09T16:14:59,2026-09-09T16:14:59-04:00,2026-09-10 12:42:18,2026-09-10T12:42:45.552283+00:00,https://cdn.cboe.com/api/global/delayed_quotes/options/_SPX.json,1628,0.1966039129883308,189.94999999999999,0.0068439062911291549,1.003750491120776,inverted,,0.038989325829810996,0.01518371465366555,7672.1839421357899,0.14376313711522384,0.14327998086959895,0.14424629465965885,2.8421709430404007e-13,3,1345.318691968848,1.529438025599859,-0.11368628847761575,,converged,newton,,converged,,converged,,compared_not_calibrated
SPX,SPX261120P07670000,2026-11-20,AM,2026-11-20T09:30:00-05:00,put,7670,191.30000000000001,192.59999999999999,25,35,18,163,0.14460000000000001,181.62,2026-09-09T15:59:48,7636.3599000000004,2026-09-09T16:14:59,2026-09-09T16:14:59-04:00,2026-09-10 12:42:18,2026-09-10T12:42:45.552283+00:00,https://cdn.cboe.com/api/global/delayed_quotes/options/_SPX.json,1629,0.1966039129883308,191.94999999999999,0.0067725970304765978,1.0044052533459036,inverted,,0.038989325829810996,0.01518371465366555,7672.1839421357899,0.14337303742532434,0.14289008748668688,0.14385598897496879,2.8421709430404007e-13,3,1345.8929491335018,1.6513532591846456,-0.12269625746756663,0.032734772544444013,converged,newton,,converged,,converged,,compared_not_calibrated
SPX,SPX261120C07675000,2026-11-20,AM,2026-11-20T09:30:00-05:00,call,7675,190.5,192,2,64,8,380,0.14349999999999999,200.18000000000001,2026-09-09T14:33:20,7636.3599000000004,2026-09-09T16:14:59,2026-09-09T16:14:59-04:00,2026-09-10 12:42:18,2026-09-10T12:42:45.552283+00:00,https://cdn.cboe.com/api/global/delayed_quotes/options/_SPX.json,1222,0.1966039129883308,191.25,0.0078431372549019607,1.0050600155710314,inverted,,0.038989325829810996,0.01518371465366555,7672.1839421357899,0.14303838873596952,0.14248131804899519,0.14359546153206604,0,3,1346.3256995103789,0.6214781318731184,-0.046161126403046482,0.094554025764239213,converged,newton,,converged,,converged,,compared_not_calibrated
SPX,SPX261120C07700000,2026-11-20,AM,2026-11-20T09:30:00-05:00,call,7700,175.90000000000001,177.59999999999999,96,62,199,9681,0.14149999999999999,183.31999999999999,2026-09-09T15:51:21,7636.3599000000004,2026-09-09T16:14:59,2026-09-09T16:14:59-04:00,2026-09-10 12:42:18,2026-09-10T12:42:45.552283+00:00,https://cdn.cboe.com/api/global/delayed_quotes/options/_SPX.json,1227,0.1966039129883308,176.75,0.0096181046676095533,1.0083338266966699,inverted,,0.038989325829810996,0.01518371465366555,7672.1839421357899,0.14101808550862369,0.14038672272178165,0.14164944158884904,-4.5474735088646412e-13,4,1346.3013082567784,0.6488047265397654,-0.048191449137630071,,converged,newton,,converged,,converged,,compared_not_calibrated
SPX,SPX261120C07705000,2026-11-20,AM,2026-11-20T09:30:00-05:00,call,7705,173.09999999999999,174.80000000000001,61,42,6,94,0.14119999999999999,185,2026-09-09T14:56:42,7636.3599000000004,2026-09-09T16:14:59,2026-09-09T16:14:59-04:00,2026-09-10 12:42:18,2026-09-10T12:42:45.552283+00:00,https://cdn.cboe.com/api/global/delayed_quotes/options/_SPX.json,1228,0.1966039129883308,173.94999999999999,0.0097729232538086644,1.0089885889217975,inverted,,0.038989325829810996,0.01518371465366555,7672.1839421357899,0.14064245301817482,0.14001087357513806,0.14127402193252492,-1.7053025658242404e-13,4,1345.8435630840447,0.75037650851783155,-0.055754698182516882,,converged,newton,,converged,,converged,,compared_not_calibrated
SPX,SPX261120C07710000,2026-11-20,AM,2026-11-20T09:30:00-05:00,call,7710,170.30000000000001,172,83,47,42,343,0.14080000000000001,178.30000000000001,2026-09-09T15:56:43,7636.3599000000004,2026-09-09T16:14:59,2026-09-09T16:14:59-04:00,2026-09-10 12:42:18,2026-09-10T12:42:45.552283+00:00,https://cdn.cboe.com/api/global/delayed_quotes/options/_SPX.json,1229,0.1966039129883308,171.15000000000001,0.0099328074788196819,1.0096433511469254,inverted,,0.038989325829810996,0.01518371465366555,7672.1839421357899,0.14025128896214156,0.13961941893710789,0.14088314394351928,8.5265128291212022e-14,4,1345.2294645664438,0.73814984918871573,-0.054871103785844588,0.027288798308291007,converged,newton,,converged,,converged,,compared_not_calibrated
SPX,SPX261120C07715000,2026-11-20,AM,2026-11-20T09:30:00-05:00,call,7715,167.59999999999999,169.30000000000001,59,43,44,180,0.1404,178.87,2026-09-09T13:46:42,7636.3599000000004,2026-09-09T16:14:59,2026-09-09T16:14:59-04:00,2026-09-10 12:42:18,2026-09-10T12:42:45.552283+00:00,https://cdn.cboe.com/api/global/delayed_quotes/options/_SPX.json,1230,0.1966039129883308,168.44999999999999,0.010092015434847237,1.010298113372053,inverted,,0.038989325829810996,0.01518371465366555,7672.1839421357899,0.13991884602020535,0.1392866123628598,0.14055105943915777,-1.7053025658242404e-13,4,1344.4612887799792,0.64690074766514272,-0.048115397979464625,,converged,newton,,converged,,converged,,compared_not_calibrated
SPX,SPX261120C07730000,2026-11-20,AM,2026-11-20T09:30:00-05:00,call,7730,159.5,161.19999999999999,65,60,3,255,0.13930000000000001,168.77000000000001,2026-09-09T15:46:18,7636.3599000000004,2026-09-09T16:14:59,2026-09-09T16:14:59-04:00,2026-09-10 12:42:18,2026-09-10T12:42:45.552283+00:00,https://cdn.cboe.com/api/global/delayed_quotes/options/_SPX.json,1233,0.1966039129883308,160.34999999999999,0.010601808543810345,1.0122624000474361,inverted,,0.038989325829810996,0.01518371465366555,7672.1839421357899,0.13882686690460902,0.1381930814935127,0.13946061201864887,-8.5265128291212022e-14,4,1341.190793973662,0.63457675661393864,-0.047313309539098736,,converged,newton,,converged,,converged,,compared_not_calibrated
SPX,SPX261120C07735000,2026-11-20,AM,2026-11-20T09:30:00-05:00,call,7735,156.80000000000001,158.5,85,47,23,186,0.1389,164.5,2026-09-09T15:56:40,7636.3599000000004,2026-09-09T16:14:59,2026-09-09T16:14:59-04:00,2026-09-10 12:42:18,2026-09-10T12:42:45.552283+00:00,https://cdn.cboe.com/api/global/delayed_quotes/options/_SPX.json,1234,0.1966039129883308,157.65000000000001,0.010783380907072556,1.0129171622725639,inverted,,0.038989325829810996,0.01518371465366555,7672.1839421357899,0.13843088384723365,0.13779642174258597,0.13906529737421294,5.4001247917767614e-13,4,1339.7690692843905,0.62852503847770436,-0.046911615276634677,,converged,newton,,converged,,converged,,compared_not_calibrated
SPX,SPX261120C07740000,2026-11-20,AM,2026-11-20T09:30:00-05:00,call,7740,154.19999999999999,155.90000000000001,80,43,10,172,0.1386,161.59999999999999,2026-09-09T15:50:30,7636.3599000000004,2026-09-09T16:14:59,2026-09-09T16:14:59-04:00,2026-09-10 12:42:18,2026-09-10T12:42:45.552283+00:00,https://cdn.cboe.com/api/global/delayed_quotes/options/_SPX.json,1235,0.1966039129883308,155.05000000000001,0.010964205095130712,1.0135719244976915,inverted,,0.038989325829810996,0.01518371465366555,7672.1839421357899,0.13809338576452404,0.1374581707301494,0.1387285431837891,1.7053025658242404e-13,4,1338.1905258587037,0.67797079808286753,-0.050661423547596063,,converged,newton,,converged,,converged,,compared_not_calibrated
SPX,SPX261120C07745000,2026-11-20,AM,2026-11-20T09:30:00-05:00,call,7745,151.59999999999999,153.30000000000001,81,42,1,56,0.13819999999999999,160.59999999999999,2026-09-09T15:41:09,7636.3599000000004,2026-09-09T16:14:59,2026-09-09T16:14:59-04:00,2026-09-10 12:42:18,2026-09-10T12:42:45.552283+00:00,https://cdn.cboe.com/api/global/delayed_quotes/options/_SPX.json,1236,0.1966039129883308,152.44999999999999,0.011151197113807918,1.0142266867228193,inverted,,0.038989325829810996,0.01518371465366555,7672.1839421357899,0.13773967419263078,0.13710362322432593,0.13837565764271334,7.3896444519050419e-13,4,1336.4421756241677,0.61522237441232619,-0.046032580736921069,,converged,newton,,converged,,converged,,compared_not_calibrated
SPX,SPX261120C07750000,2026-11-20,AM,2026-11-20T09:30:00-05:00,call,7750,149.09999999999999,150.59999999999999,68,27,392,4752,0.13789999999999999,155.97,2026-09-09T15:58:15,7636.3599000000004,2026-09-09T16:14:59,2026-09-09T16:14:59-04:00,2026-09-10 12:42:18,2026-09-10T12:42:45.552283+00:00,https://cdn.cboe.com/api/global/delayed_quotes/options/_SPX.json,1237,0.1966039129883308,149.84999999999999,0.01001001001001001,1.014881448947947,inverted,,0.038989325829810996,0.01518371465366555,7672.1839421357899,0.1373695998624066,0.13680756977534841,0.13793156896745276,8.2422957348171622e-13,4,1334.5208474285168,0.70786613946384591,-0.053040013759339533,-0.028157175927873368,converged,newton,,converged,,converged,,compared_not_calibrated
SPX,SPX261120C07755000,2026-11-20,AM,2026-11-20T09:30:00-05:00,call,7755,146.5,148.09999999999999,94,58,16,114,0.1376,153.19999999999999,2026-09-09T16:03:58,7636.3599000000004,2026-09-09T16:14:59,2026-09-09T16:14:59-04:00,2026-09-10 12:42:18,2026-09-10T12:42:45.552283+00:00,https://cdn.cboe.com/api/global/delayed_quotes/options/_SPX.json,1238,0.1966039129883308,147.30000000000001,0.010862186014935467,1.0155362111730748,inverted,,0.038989325829810996,0.01518371465366555,7672.1839421357899,0.13702052676702411,0.13642008183056309,0.13762089196900346,1.7053025658242404e-13,4,1332.434198062524,0.77215921790246966,-0.05794732329758856,,converged,newton,,converged,,converged,,compared_not_calibrated
SPX,SPX261120C07760000,2026-11-20,AM,2026-11-20T09:30:00-05:00,call,7760,144,145.59999999999999,93,43,19,1159,0.13719999999999999,152.09999999999999,2026-09-09T15:50:10,7636.3599000000004,2026-09-09T16:14:59,2026-09-09T16:14:59-04:00,2026-09-10 12:42:18,2026-09-10T12:42:45.552283+00:00,https://cdn.cboe.com/api/global/delayed_quotes/options/_SPX.json,1239,0.1966039129883308,144.80000000000001,0.011049723756906037,1.0161909733982024,inverted,,0.038989325829810996,0.01518371465366555,7672.1839421357899,0.13669247232720985,0.13609100572237479,0.13729384805771044,1.7053025658242404e-13,4,1330.1831137659315,0.67514761738829066,-0.050752767279013677,0.14548133051357581,converged,newton,,converged,,converged,,compared_not_calibrated
SPX,SPX261120C07765000,2026-11-20,AM,2026-11-20T09:30:00-05:00,call,7765,141.5,143.09999999999999,79,58,10,108,0.1368,148.69999999999999,2026-09-09T16:00:00,7636.3599000000004,2026-09-09T16:14:59,2026-09-09T16:14:59-04:00,2026-09-10 12:42:18,2026-09-10T12:42:45.552283+00:00,https://cdn.cboe.com/api/global/delayed_quotes/options/_SPX.json,1240,0.1966039129883308,142.30000000000001,0.011243851018973957,1.01684573562333,inverted,,0.038989325829810996,0.01518371465366555,7672.1839421357899,0.1363478140739843,0.13574524144067668,0.13695028379925336,6.2527760746888816e-13,4,1327.754685965825,0.60043033108439658,-0.04521859260157024,,converged,newton,,converged,,converged,,compared_not_calibrated
SPX,SPX261120C07775000,2026-11-20,AM,2026-11-20T09:30:00-05:00,call,7775,136.59999999999999,138.19999999999999,78,59,6,890,0.13619999999999999,144.69999999999999,2026-09-09T15:41:18,7636.3599000000004,2026-09-09T16:14:59,2026-09-09T16:14:59-04:00,2026-09-10 12:42:18,2026-09-10T12:42:45.552283+00:00,https://cdn.cboe.com/api/global/delayed_quotes/options/_SPX.json,1242,0.1966039129883308,137.39999999999998,0.011644832605531256,1.0181552600735855,inverted,,0.038989325829810996,0.01518371465366555,7672.1839421357899,0.13568362097617201,0.13507858923869928,0.13628852308753189,5.5706550483591855e-12,4,1322.3870127289852,0.68291511914833336,-0.051637902382797862,,converged,newton,,converged,,converged,,compared_not_calibrated
SPX,SPX261120C07790000,2026-11-20,AM,2026-11-20T09:30:00-05:00,call,7790,129.40000000000001,130.90000000000001,99,20,7,256,0.13519999999999999,135.90000000000001,2026-09-09T15:57:50,7636.3599000000004,2026-09-09T16:14:59,2026-09-09T16:14:59-04:00,2026-09-10 12:42:18,2026-09-10T12:42:45.552283+00:00,https://cdn.cboe.com/api/global/delayed_quotes/options/_SPX.json,1245,0.1966039129883308,130.15000000000001,0.01152516327314637,1.0201195467489688,inverted,,0.038989325829810996,0.01518371465366555,7672.1839421357899,0.1346356753028429,0.13406438104248999,0.13520681378645891,6.2385652199736796e-11,4,1312.988382816693,0.74105116795098525,-0.0564324697157087,,converged,newton,,converged,,converged,,compared_not_calibrated
SPX,SPX261120C07795000,2026-11-20,AM,2026-11-20T09:30:00-05:00,call,7795,127.09999999999999,128.59999999999999,83,47,2,103,0.13489999999999999,136,2026-09-09T15:35:26,7636.3599000000004,2026-09-09T16:14:59,2026-09-09T16:14:59-04:00,2026-09-10 12:42:18,2026-09-10T12:42:45.552283+00:00,https://cdn.cboe.com/api/global/delayed_quotes/options/_SPX.json,1246,0.1966039129883308,127.84999999999999,0.011732499022291749,1.0207743089740964,inverted,,0.038989325829810996,0.01518371465366555,7672.1839421357899,0.13434082563484748,0.1337680167952251,0.13491346308113222,-9.9475983006414026e-13,5,1309.5341407214298,0.73236445500097602,-0.055917436515251495,0.17821610305762192,converged,newton,,converged,,converged,,compared_not_calibrated
SPX,SPX261120C07800000,2026-11-20,AM,2026-11-20T09:30:00-05:00,call,7800,124.8,126.3,130,62,190,6417,0.13450000000000001,131.25,2026-09-09T16:02:23,7636.3599000000004,2026-09-09T16:14:59,2026-09-09T16:14:59-04:00,2026-09-10 12:42:18,2026-09-10T12:42:45.552283+00:00,https://cdn.cboe.com/api/global/delayed_quotes/options/_SPX.json,1247,0.1966039129883308,125.55,0.011947431302270013,1.021429071199224,inverted,,0.038989325829810996,0.01518371465366555,7672.1839421357899,0.13402880129651526,0.13345438703458884,0.13460302750201697,6.3948846218409017e-13,5,1305.8926310586264,0.61541728066704593,-0.047119870348474868,0.19003535627744839,converged,newton,,converged,,converged,,compared_not_calibrated
SPX,SPX261120C07805000,2026-11-20,AM,2026-11-20T09:30:00-05:00,call,7805,122.5,124,103,47,14,453,0.13420000000000001,129.09999999999999,2026-09-09T15:56:32,7636.3599000000004,2026-09-09T16:14:59,2026-09-09T16:14:59-04:00,2026-09-10 12:42:18,2026-09-10T12:42:45.552283+00:00,https://cdn.cboe.com/api/global/delayed_quotes/options/_SPX.json,1248,0.1966039129883308,123.25,0.012170385395537525,1.0220838334243518,inverted,,0.038989325829810996,0.01518371465366555,7672.1839421357899,0.13369940518060763,0.1331232914414387,0.13427531308836535,4.5474735088646412e-13,5,1302.0599385322389,0.65190529542132936,-0.050059481939238037,,converged,newton,,converged,,converged,,compared_not_calibrated
SPX,SPX261120C07810000,2026-11-20,AM,2026-11-20T09:30:00-05:00,call,7810,120.2,121.7,103,35,37,105,0.13389999999999999,127.7,2026-09-09T15:40:53,7636.3599000000004,2026-09-09T16:14:59,2026-09-09T16:14:59-04:00,2026-09-10 12:42:18,2026-09-10T12:42:45.552283+00:00,https://cdn.cboe.com/api/global/delayed_quotes/options/_SPX.json,1249,0.1966039129883308,120.95,0.012401818933443571,1.0227385956494794,inverted,,0.038989325829810996,0.01518371465366555,7672.1839421357899,0.13335242506578246,0.13277451431289619,0.13393011102846533,2.7000623958883807e-13,5,1298.0318619312598,0.71090021087711364,-0.054757493421753178,,converged,newton,,converged,,converged,,compared_not_calibrated
SPX,SPX261120C07815000,2026-11-20,AM,2026-11-20T09:30:00-05:00,call,7815,118,119.5,103,55,1,60,0.13350000000000001,128.28,2026-09-09T09:31:11,7636.3599000000004,2026-09-09T16:14:59,2026-09-09T16:14:59-04:00,2026-09-10 12:42:18,2026-09-10T12:42:45.552283+00:00,https://cdn.cboe.com/api/global/delayed_quotes/options/_SPX.json,1250,0.1966039129883308,118.75,0.012631578947368421,1.0233933578746073,inverted,,0.038989325829810996,0.01518371465366555,7672.1839421357899,0.13306492209526172,0.13248514588711885,0.13364445375086323,0,5,1293.8767438793782,0.56302602784353439,-0.043507790473829022,,converged,newton,,converged,,converged,,compared_not_calibrated
SPX,SPX261120C07825000,2026-11-20,AM,2026-11-20T09:30:00-05:00,call,7825,113.59999999999999,115.09999999999999,100,49,51,778,0.13289999999999999,120.29000000000001,2026-09-09T15:43:23,7636.3599000000004,2026-09-09T16:14:59,2026-09-09T16:14:59-04:00,2026-09-10 12:42:18,2026-09-10T12:42:45.552283+00:00,https://cdn.cboe.com/api/global/delayed_quotes/options/_SPX.json,1252,0.1966039129883308,114.34999999999999,0.013117621337997378,1.0247028823248625,inverted,,0.038989325829810996,0.01518371465366555,7672.1839421357899,0.132437103414353,0.13185329340320637,0.13302062548316226,-8.5265128291212022e-14,5,1284.9829066013415,0.59493016543765975,-0.046289658564699354,,converged,newton,,converged,,converged,,compared_not_calibrated
SPX,SPX261120C07830000,2026-11-20,AM,2026-11-20T09:30:00-05:00,call,7830,111.5,112.90000000000001,105,51,2,162,0.1326,122.59,2026-09-09T09:50:19,7636.3599000000004,2026-09-09T16:14:59,2026-09-09T16:14:59-04:00,2026-09-10 12:42:18,2026-09-10T12:42:45.552283+00:00,https://cdn.cboe.com/api/global/delayed_quotes/options/_SPX.json,1253,0.1966039129883308,112.2,0.012477718360071352,1.0253576445499903,inverted,,0.038989325829810996,0.01518371465366555,7672.1839421357899,0.13213538506691905,0.13158849372046205,0.1326820051101652,7.2475359047530219e-13,5,1280.2807351205306,0.59496252892976997,-0.046461493308094792,,converged,newton,,converged,,converged,,compared_not_calibrated
SPX,SPX261120C07860000,2026-11-20,AM,2026-11-20T09:30:00-05:00,call,7860,99.400000000000006,100.5,75,21,10,408,0.13100000000000001,105.40000000000001,2026-09-09T15:50:10,7636.3599000000004,2026-09-09T16:14:59,2026-09-09T16:14:59-04:00,2026-09-10 12:42:18,2026-09-10T12:42:45.552283+00:00,https://cdn.cboe.com/api/global/delayed_quotes/options/_SPX.json,1259,0.1966039129883308,99.950000000000003,0.01100550275137563,1.0292862179007565,inverted,,0.038989325829810996,0.01518371465366555,7672.1839421357899,0.13045969471739174,0.13001905536337691,0.13090007530060699,2.7000623958883807e-13,5,1248.5542925670181,0.67484255567642037,-0.054030528260826105,,converged,newton,,converged,,converged,,compared_not_calibrated
SPX,SPX261120C07870000,2026-11-20,AM,2026-11-20T09:30:00-05:00,call,7870,95.5,96.599999999999994,79,23,21,120,0.13039999999999999,100,2026-09-09T15:59:25,7636.3599000000004,2026-09-09T16:14:59,2026-09-09T16:14:59-04:00,2026-09-10 12:42:18,2026-09-10T12:42:45.552283+00:00,https://cdn.cboe.com/api/global/delayed_quotes/options/_SPX.json,1261,0.1966039129883308,96.049999999999997,0.011452368558042627,1.0305957423510119,inverted,,0.038989325829810996,0.01518371465366555,7672.1839421357899,0.12990197776181955,0.12945705906053581,0.13034660025531913,1.8474111129762605e-13,5,1236.5941345274605,0.61608017505541568,-0.049802223818043445,,converged,newton,,converged,,converged,,compared_not_calibrated
SPX,SPX261120C07875000,2026-11-20,AM,2026-11-20T09:30:00-05:00,call,7875,93.599999999999994,94.700000000000003,80,53,1,831,0.13009999999999999,100.67,2026-09-09T15:09:49,7636.3599000000004,2026-09-09T16:14:59,2026-09-09T16:14:59-04:00,2026-09-10 12:42:18,2026-09-10T12:42:45.552283+00:00,https://cdn.cboe.com/api/global/delayed_quotes/options/_SPX.json,1262,0.1966039129883308,94.150000000000006,0.011683483802443001,1.0312505045761398,inverted,,0.038989325829810996,0.01518371465366555,7672.1839421357899,0.12963592759576353,0.1291887530218713,0.13008278583225658,9.9475983006414026e-13,5,1230.3816148091703,0.57119519180841394,-0.046407240423645968,,converged,newton,,converged,,converged,,compared_not_calibrated
SPX,SPX261120C07880000,2026-11-20,AM,2026-11-20T09:30:00-05:00,call,7880,91.700000000000003,92.799999999999997,95,23,10,131,0.1298,96.599999999999994,2026-09-09T15:50:24,7636.3599000000004,2026-09-09T16:14:59,2026-09-09T16:14:59-04:00,2026-09-10 12:42:18,2026-09-10T12:42:45.552283+00:00,https://cdn.cboe.com/api/global/delayed_quotes/options/_SPX.json,1263,0.1966039129883308,92.25,0.011924119241192349,1.0319052668012674,inverted,,0.038989325829810996,0.01518371465366555,7672.1839421357899,0.12935135333982126,0.12890182386975738,0.12980054511052083,-4.5474735088646412e-13,5,1223.9631159930434,0.54933230634696883,-0.0448646660178742,,converged,newton,,converged,,converged,,compared_not_calibrated
SPX,SPX261120C07885000,2026-11-20,AM,2026-11-20T09:30:00-05:00,call,7885,89.900000000000006,90.900000000000006,77,32,14,38,0.12959999999999999,97.400000000000006,2026-09-09T13:27:32,7636.3599000000004,2026-09-09T16:14:59,2026-09-09T16:14:59-04:00,2026-09-10 12:42:18,2026-09-10T12:42:45.552283+00:00,https://cdn.cboe.com/api/global/delayed_quotes/options/_SPX.json,1264,0.1966039129883308,90.400000000000006,0.011061946902654867,1.0325600290263952,inverted,,0.038989325829810996,0.01518371465366555,7672.1839421357899,0.12908902899424596,0.12867817560418876,0.12949958487149524,-3.694822225952521e-13,5,1217.4215371082691,0.62234639425705041,-0.051097100575403509,,converged,newton,,converged,,converged,,compared_not_calibrated
SPX,SPX261120C07900000,2026-11-20,AM,2026-11-20T09:30:00-05:00,call,7900,84.5,85.5,10,71,921,9648,0.1288,88.769999999999996,2026-09-09T15:53:10,7636.3599000000004,2026-09-09T16:14:59,2026-09-09T16:14:59-04:00,2026-09-10 12:42:18,2026-09-10T12:42:45.552283+00:00,https://cdn.cboe.com/api/global/delayed_quotes/options/_SPX.json,1267,0.1966039129883308,85,0.011764705882352941,1.0345243157017783,inverted,,0.038989325829810996,0.01518371465366555,7672.1839421357899,0.12831405167840826,0.12789610439160279,0.12873164027315073,0,5,1196.8386651519302,0.58189115977529582,-0.048594832159173929,,converged,newton,,converged,,converged,,compared_not_calibrated
SPX,SPX261120C07910000,2026-11-20,AM,2026-11-20T09:30:00-05:00,call,7910,81,82,85,24,1,204,0.1283,87.549999999999997,2026-09-09T12:50:39,7636.3599000000004,2026-09-09T16:14:59,2026-09-09T16:14:59-04:00,2026-09-10 12:42:18,2026-09-10T12:42:45.552283+00:00,https://cdn.cboe.com/api/global/delayed_quotes/options/_SPX.json,1268,0.1966039129883308,81.5,0.012269938650306749,1.0358338401520337,inverted,,0.038989325829810996,0.01518371465366555,7672.1839421357899,0.12778675887133711,0.12736364455523527,0.12820946804652114,0,5,1182.2820095386837,0.60714719611814871,-0.051324112866288352,,converged,newton,,converged,,converged,,compared_not_calibrated
SPX,SPX261120C07925000,2026-11-20,AM,2026-11-20T09:30:00-05:00,call,7925,76,77,10,59,20,971,0.12759999999999999,83.799999999999997,2026-09-09T09:49:02,7636.3599000000004,2026-09-09T16:14:59,2026-09-09T16:14:59-04:00,2026-09-10 12:42:18,2026-09-10T12:42:45.552283+00:00,https://cdn.cboe.com/api/global/delayed_quotes/options/_SPX.json,1270,0.1966039129883308,76.5,0.013071895424836602,1.0377981268274168,inverted,,0.038989325829810996,0.01518371465366555,7672.1839421357899,0.1270657193933204,0.12663424465247528,0.12749671067060953,-4.5474735088646412e-13,5,1159.4686705939098,0.61991024564849795,-0.053428060667959354,,converged,newton,,converged,,converged,,compared_not_calibrated
SPX,SPX261120C07930000,2026-11-20,AM,2026-11-20T09:30:00-05:00,call,7930,74.299999999999997,75.400000000000006,116,60,24,142,0.1273,77.730000000000004,2026-09-09T12:24:24,7636.3599000000004,2026-09-09T16:14:59,2026-09-09T16:14:59-04:00,2026-09-10 12:42:18,2026-09-10T12:42:45.552283+00:00,https://cdn.cboe.com/api/global/delayed_quotes/options/_SPX.json,1271,0.1966039129883308,74.849999999999994,0.014696058784235253,1.0384528890525444,inverted,,0.038989325829810996,0.01518371465366555,7672.1839421357899,0.12680147166790981,0.12632351787477633,0.12727880510007364,-8.5265128291212022e-14,5,1151.4896132003821,0.57443792195081755,-0.049852833209018677,,converged,newton,,converged,,converged,,compared_not_calibrated
SPX,SPX261120C07940000,2026-11-20,AM,2026-11-20T09:30:00-05:00,call,7940,71.200000000000003,72.299999999999997,108,105,8,117,0.12690000000000001,75.400000000000006,2026-09-09T15:50:12,7636.3599000000004,2026-09-09T16:14:59,2026-09-09T16:14:59-04:00,2026-09-10 12:42:18,2026-09-10T12:42:45.552283+00:00,https://cdn.cboe.com/api/global/delayed_quotes/options/_SPX.json,1272,0.1966039129883308,71.75,0.015331010452961593,1.0397624135027999,inverted,,0.038989325829810996,0.01518371465366555,7672.1839421357899,0.12638998724744327,0.12590525746013334,0.12687402259368485,-4.5474735088646412e-13,5,1135.4700390664214,0.57953973369740197,-0.051001275255674328,,converged,newton,,converged,,converged,,compared_not_calibrated
SPX,SPX261120C07950000,2026-11-20,AM,2026-11-20T09:30:00-05:00,call,7950,68.099999999999994,69.200000000000003,172,137,30,1935,0.12640000000000001,71.299999999999997,2026-09-09T15:55:01,7636.3599000000004,2026-09-09T16:14:59,2026-09-09T16:14:59-04:00,2026-09-10 12:42:18,2026-09-10T12:42:45.552283+00:00,https://cdn.cboe.com/api/global/delayed_quotes/options/_SPX.json,1273,0.1966039129883308,68.650000000000006,0.01602330662782241,1.0410719379530553,inverted,,0.038989325829810996,0.01518371465366555,7672.1839421357899,0.12590224434017164,0.12541018415496655,0.12639352646390861,-1.4210854715202004e-13,5,1118.6382563620105,0.55725301224319423,-0.0497755659828375,,converged,newton,,converged,,converged,,compared_not_calibrated
SPX,SPX261120C07960000,2026-11-20,AM,2026-11-20T09:30:00-05:00,call,7960,65.099999999999994,66.200000000000003,120,65,3,247,0.126,69.900000000000006,2026-09-09T15:47:42,7636.3599000000004,2026-09-09T16:14:59,2026-09-09T16:14:59-04:00,2026-09-10 12:42:18,2026-09-10T12:42:45.552283+00:00,https://cdn.cboe.com/api/global/delayed_quotes/options/_SPX.json,1274,0.1966039129883308,65.650000000000006,0.016755521706016883,1.0423814624033108,inverted,,0.038989325829810996,0.01518371465366555,7672.1839421357899,0.12542600077915936,0.12492615107317827,0.12592498000530947,9.9475983006414026e-13,5,1101.2946308080118,0.63277296228724822,-0.057399922084064303,,converged,newton,,converged,,converged,,compared_not_calibrated
SPX,SPX261120C07970000,2026-11-20,AM,2026-11-20T09:30:00-05:00,call,7970,62.299999999999997,63.399999999999999,138,96,5,100,0.1255,66.700000000000003,2026-09-09T15:42:15,7636.3599000000004,2026-09-09T16:14:59,2026-09-09T16:14:59-04:00,2026-09-10 12:42:18,2026-09-10T12:42:45.552283+00:00,https://cdn.cboe.com/api/global/delayed_quotes/options/_SPX.json,1275,0.1966039129883308,62.849999999999994,0.017501988862370747,1.0436909868535662,inverted,,0.038989325829810996,0.01518371465366555,7672.1839421357899,0.12505460386669098,0.12454666513340931,0.1255615728283796,4.9169557314598933e-12,5,1083.8479390644109,0.48314531961310081,-0.044539613330901728,,converged,newton,,converged,,converged,,compared_not_calibrated
SPX,SPX261120C07975000,2026-11-20,AM,2026-11-20T09:30:00-05:00,call,7975,60.899999999999999,62,139,105,8,614,0.12529999999999999,65.25,2026-09-09T15:42:15,7636.3599000000004,2026-09-09T16:14:59,2026-09-09T16:14:59-04:00,2026-09-10 12:42:18,2026-09-10T12:42:45.552283+00:00,https://cdn.cboe.com/api/global/delayed_quotes/options/_SPX.json,1276,0.1966039129883308,61.450000000000003,0.017900732302685133,1.0443457490786938,inverted,,0.038989325829810996,0.01518371465366555,7672.1839421357899,0.12484026336372087,0.12432803986041592,0.12535146268582978,7.0912165028857999e-12,5,1074.8304250546064,0.49458182297603059,-0.045973663627912886,,converged,newton,,converged,,converged,,compared_not_calibrated
SPX,SPX261120C07980000,2026-11-20,AM,2026-11-20T09:30:00-05:00,call,7980,59.5,60.600000000000001,122,83,7,504,0.12509999999999999,63.200000000000003,2026-09-09T15:50:10,7636.3599000000004,2026-09-09T16:14:59,2026-09-09T16:14:59-04:00,2026-09-10 12:42:18,2026-09-10T12:42:45.552283+00:00,https://cdn.cboe.com/api/global/delayed_quotes/options/_SPX.json,1277,0.1966039129883308,60.049999999999997,0.018318068276436329,1.0450005113038217,inverted,,0.038989325829810996,0.01518371465366555,7672.1839421357899,0.12460629957155966,0.124089618612955,0.12512189839129625,1.382716163789155e-11,5,1065.6087825339853,0.52661728894436521,-0.049370042844032458,,converged,newton,,converged,,converged,,compared_not_calibrated
SPX,SPX261120C08000000,2026-11-20,AM,2026-11-20T09:30:00-05:00,call,8000,54.299999999999997,55.299999999999997,164,105,864,30078,0.12429999999999999,58.140000000000001,2026-09-09T16:10:02,7636.3599000000004,2026-09-09T16:14:59,2026-09-09T16:14:59-04:00,2026-09-10 12:42:18,2026-09-10T12:42:45.552283+00:00,https://cdn.cboe.com/api/global/delayed_quotes/options/_SPX.json,1279,0.1966039129883308,54.799999999999997,0.018248175182481754,1.0476195602043323,inverted,,0.038989325829810996,0.01518371465366555,7672.1839421357899,0.12380575929319519,0.12331891076919525,0.12429149961849188,-4.9737991503207013e-13,6,1028.1900878369283,0.50875998031547454,-0.049424070680480214,0.51280548509856771,converged,newton,,converged,,converged,,compared_not_calibrated
SPX,SPX261120C08010000,2026-11-20,AM,2026-11-20T09:30:00-05:00,call,8010,51.899999999999999,52.899999999999999,131,123,1,94,0.124,56.229999999999997,2026-09-09T13:40:32,7636.3599000000004,2026-09-09T16:14:59,2026-09-09T16:14:59-04:00,2026-09-10 12:42:18,2026-09-10T12:42:45.552283+00:00,https://cdn.cboe.com/api/global/delayed_quotes/options/_SPX.json,1280,0.1966039129883308,52.399999999999999,0.019083969465648856,1.0489290846545878,inverted,,0.038989325829810996,0.01518371465366555,7672.1839421357899,0.12350830368098656,0.12301233296933295,0.12400304587781312,9.2370555648813024e-14,6,1009.3812477282659,0.49691799232787304,-0.049169631901344046,,converged,newton,,converged,,converged,,compared_not_calibrated
SPX,SPX261120C08020000,2026-11-20,AM,2026-11-20T09:30:00-05:00,call,8020,49.600000000000001,50.5,108,155,7,56,0.1237,52.600000000000001,2026-09-09T15:50:10,7636.3599000000004,2026-09-09T16:14:59,2026-09-09T16:14:59-04:00,2026-09-10 12:42:18,2026-09-10T12:42:45.552283+00:00,https://cdn.cboe.com/api/global/delayed_quotes/options/_SPX.json,1281,0.1966039129883308,50.049999999999997,0.017982017982017956,1.0502386091048432,inverted,,0.038989325829810996,0.01518371465366555,7672.1839421357899,0.12318496411061892,0.12272991177106858,0.12363891274081236,-4.9737991503207013e-13,6,990.10434212668156,0.51063860531890271,-0.051503588938107969,,converged,newton,,converged,,converged,,compared_not_calibrated
SPX,SPX261120C08025000,2026-11-20,AM,2026-11-20T09:30:00-05:00,call,8025,48.5,49.299999999999997,99,46,2,430,0.1235,51,2026-09-09T12:22:07,7636.3599000000004,2026-09-09T16:14:59,2026-09-09T16:14:59-04:00,2026-09-10 12:42:18,2026-09-10T12:42:45.552283+00:00,https://cdn.cboe.com/api/global/delayed_quotes/options/_SPX.json,1282,0.1966039129883308,48.899999999999999,0.016359918200408941,1.0508933713299708,inverted,,0.038989325829810996,0.01518371465366555,7672.1839421357899,0.12301981881359146,0.1226113299064398,0.12342738926828913,-3.6237679523765109e-13,6,980.32616162850184,0.47135577009076002,-0.048018118640853757,,converged,newton,,converged,,converged,,compared_not_calibrated
SPX,SPX261120C08030000,2026-11-20,AM,2026-11-20T09:30:00-05:00,call,8030,47.299999999999997,48.200000000000003,108,134,1,627,0.1234,50.200000000000003,2026-09-09T15:58:40,7636.3599000000004,2026-09-09T16:14:59,2026-09-09T16:14:59-04:00,2026-09-10 12:42:18,2026-09-10T12:42:45.552283+00:00,https://cdn.cboe.com/api/global/delayed_quotes/options/_SPX.json,1283,0.1966039129883308,47.75,0.018848167539267133,1.0515481335550987,inverted,,0.038989325829810996,0.01518371465366555,7672.1839421357899,0.12283527011377728,0.12237091047404548,0.12329840468664292,-6.8212102632969618e-13,6,970.36356197508837,0.54887160356997811,-0.056472988622272013,,converged,newton,,converged,,converged,,compared_not_calibrated
SPX,SPX261120C08040000,2026-11-20,AM,2026-11-20T09:30:00-05:00,call,8040,45.100000000000001,46,151,189,6,458,0.123,47.899999999999999,2026-09-09T15:50:11,7636.3599000000004,2026-09-09T16:14:59,2026-09-09T16:14:59-04:00,2026-09-10 12:42:18,2026-09-10T12:42:45.552283+00:00,https://cdn.cboe.com/api/global/delayed_quotes/options/_SPX.json,1284,0.1966039129883308,45.549999999999997,0.019758507135016437,1.0528576580053541,inverted,,0.038989325829810996,0.01518371465366555,7672.1839421357899,0.12251130086086341,0.12203716583066954,0.12298407750421737,1.8474111129762605e-13,6,950.46612139980448,0.46517768488861577,-0.048869913913658636,,converged,newton,,converged,,converged,,compared_not_calibrated
SPX,SPX261120C08050000,2026-11-20,AM,2026-11-20T09:30:00-05:00,call,8050,43,43.700000000000003,199,15,110,4448,0.1226,45.920000000000002,2026-09-09T15:51:03,7636.3599000000004,2026-09-09T16:14:59,2026-09-09T16:14:59-04:00,2026-09-10 12:42:18,2026-09-10T12:42:45.552283+00:00,https://cdn.cboe.com/api/global/delayed_quotes/options/_SPX.json,1285,0.1966039129883308,43.350000000000001,0.016147635524798219,1.0541671824556094,inverted,,0.038989325829810996,0.01518371465366555,7672.1839421357899,0.12210839084462029,0.12173151848649214,0.12248434936167921,-3.1974423109204508e-13,6,929.82902393095162,0.45783498528239619,-0.049160915537971306,,converged,newton,,converged,,converged,,compared_not_calibrated
SPX,SPX261120C08070000,2026-11-20,AM,2026-11-20T09:30:00-05:00,call,8070,39,39.799999999999997,10,144,3,328,0.122,42.350000000000001,2026-09-09T11:03:47,7636.3599000000004,2026-09-09T16:14:59,2026-09-09T16:14:59-04:00,2026-09-10 12:42:18,2026-09-10T12:42:45.552283+00:00,https://cdn.cboe.com/api/global/delayed_quotes/options/_SPX.json,1287,0.1966039129883308,39.399999999999999,0.020304568527918711,1.0567862313561203,inverted,,0.038989325829810996,0.01518371465366555,7672.1839421357899,0.12155523893561214,0.12110475326227368,0.12200426186780819,-1.3500311979441904e-13,6,889.38297477035599,0.39619736607242118,-0.044476106438785801,,converged,newton,,converged,,converged,,compared_not_calibrated
SPX,SPX261120C08080000,2026-11-20,AM,2026-11-20T09:30:00-05:00,call,8080,37.100000000000001,37.899999999999999,156,153,5,42,0.1217,39.399999999999999,2026-09-09T15:50:18,7636.3599000000004,2026-09-09T16:14:59,2026-09-09T16:14:59-04:00,2026-09-10 12:42:18,2026-09-10T12:42:45.552283+00:00,https://cdn.cboe.com/api/global/delayed_quotes/options/_SPX.json,1289,0.1966039129883308,37.5,0.021333333333333256,1.0580957558063757,inverted,,0.038989325829810996,0.01518371465366555,7672.1839421357899,0.12124698081364919,0.12078570045034483,0.12170663948082298,2.2737367544323206e-13,6,868.68797685642539,0.39421231127403189,-0.045301918635080873,,converged,newton,,converged,,converged,,compared_not_calibrated
SPX,SPX261120C08100000,2026-11-20,AM,2026-11-20T09:30:00-05:00,call,8100,33.5,34.299999999999997,295,108,649,10578,0.1212,36.600000000000001,2026-09-09T15:48:33,7636.3599000000004,2026-09-09T16:14:59,2026-09-09T16:14:59-04:00,2026-09-10 12:42:18,2026-09-10T12:42:45.552283+00:00,https://cdn.cboe.com/api/global/delayed_quotes/options/_SPX.json,1291,0.1966039129883308,33.899999999999999,0.023598820058996967,1.0607148047068866,inverted,,0.038989325829810996,0.01518371465366555,7672.1839421357899,0.12062718654455383,0.1201424163082499,0.12110996120905032,-1.3500311979441904e-13,6,826.84654778833226,0.47478185418217578,-0.057281345544617224,,converged,newton,,converged,,converged,,compared_not_calibrated
SPX,SPX261120C08120000,2026-11-20,AM,2026-11-20T09:30:00-05:00,call,8120,30.300000000000001,31,10,89,2,30,0.1206,32.399999999999999,2026-09-09T15:50:09,7636.3599000000004,2026-09-09T16:14:59,2026-09-09T16:14:59-04:00,2026-09-10 12:42:18,2026-09-10T12:42:45.552283+00:00,https://cdn.cboe.com/api/global/delayed_quotes/options/_SPX.json,1293,0.1966039129883308,30.649999999999999,0.022838499184339292,1.0633338536073973,inverted,,0.038989325829810996,0.01518371465366555,7672.1839421357899,0.12011952300741817,0.11967297288542003,0.12056419887400625,-5.8975047068088315e-13,6,785.44566979042645,0.3782421704209824,-0.048047699258182974,,converged,newton,,converged,,converged,,compared_not_calibrated
SPX,SPX261120C08130000,2026-11-20,AM,2026-11-20T09:30:00-05:00,call,8130,28.699999999999999,29.5,275,107,9,131,0.12039999999999999,32,2026-09-09T15:20:14,7636.3599000000004,2026-09-09T16:14:59,2026-09-09T16:14:59-04:00,2026-09-10 12:42:18,2026-09-10T12:42:45.552283+00:00,https://cdn.cboe.com/api/global/delayed_quotes/options/_SPX.json,1295,0.1966039129883308,29.100000000000001,0.027491408934707928,1.0646433780576527,inverted,,0.038989325829810996,0.01518371465366555,7672.1839421357899,0.11984422707510657,0.11931966324667241,0.12036607503593418,1.3500311979441904e-13,6,764.53291657546845,0.42607483166570859,-0.055577292489342178,,converged,newton,,converged,,converged,,compared_not_calibrated
SPX,SPX261120C08140000,2026-11-20,AM,2026-11-20T09:30:00-05:00,call,8140,27.300000000000001,28,225,101,2,67,0.1201,29.300000000000001,2026-09-09T15:50:05,7636.3599000000004,2026-09-09T16:14:59,2026-09-09T16:14:59-04:00,2026-09-10 12:42:18,2026-09-10T12:42:45.552283+00:00,https://cdn.cboe.com/api/global/delayed_quotes/options/_SPX.json,1296,0.1966039129883308,27.649999999999999,0.025316455696202507,1.0659529025079082,inverted,,0.038989325829810996,0.01518371465366555,7672.1839421357899,0.1196226618593165,0.11915109150615857,0.12009192979863478,-2.4868995751603507e-13,6,744.03044265672793,0.35603394048767001,-0.047733814068350033,,converged,newton,,converged,,converged,,compared_not_calibrated
SPX,SPX261120C08150000,2026-11-20,AM,2026-11-20T09:30:00-05:00,call,8150,25.899999999999999,26.600000000000001,317,92,109,4148,0.12,28.539999999999999,2026-09-09T14:12:15,7636.3599000000004,2026-09-09T16:14:59,2026-09-09T16:14:59-04:00,2026-09-10 12:42:18,2026-09-10T12:42:45.552283+00:00,https://cdn.cboe.com/api/global/delayed_quotes/options/_SPX.json,1297,0.1966039129883308,26.25,0.026666666666666776,1.0672624269581636,inverted,,0.038989325829810996,0.01518371465366555,7672.1839421357899,0.11939218964744897,0.11890714040038063,0.11987468704477483,1.7053025658242404e-12,6,723.49377953050623,0.44119994721199873,-0.060781035255103033,,converged,newton,,converged,,converged,,compared_not_calibrated
SPX,SPX261120C08175000,2026-11-20,AM,2026-11-20T09:30:00-05:00,call,8175,22.600000000000001,23.399999999999999,285,221,1,323,0.11940000000000001,24.489999999999998,2026-09-09T11:09:42,7636.3599000000004,2026-09-09T16:14:59,2026-09-09T16:14:59-04:00,2026-09-10 12:42:18,2026-09-10T12:42:45.552283+00:00,https://cdn.cboe.com/api/global/delayed_quotes/options/_SPX.json,1300,0.1966039129883308,23,0.034782608695652049,1.0705362380838022,inverted,,0.038989325829810996,0.01518371465366555,7672.1839421357899,0.11883157082908513,0.11823466791409759,0.11942415508684986,1.6711965145077556e-11,6,672.58279512256138,0.38363899849787231,-0.056842917091487477,,converged,newton,,converged,,converged,,compared_not_calibrated
SPX,SPX261120C08180000,2026-11-20,AM,2026-11-20T09:30:00-05:00,call,8180,22,22.800000000000001,280,224,1,55,0.1193,24.850000000000001,2026-09-09T14:06:26,7636.3599000000004,2026-09-09T16:14:59,2026-09-09T16:14:59-04:00,2026-09-10 12:42:18,2026-09-10T12:42:45.552283+00:00,https://cdn.cboe.com/api/global/delayed_quotes/options/_SPX.json,1301,0.1966039129883308,22.399999999999999,0.035714285714285747,1.0711910003089298,inverted,,0.038989325829810996,0.01518371465366555,7672.1839421357899,0.11873530118414237,0.1181293294952459,0.11933672596190679,2.9423574687825749e-11,6,662.60791479227476,0.37548873597197741,-0.056469881585763382,,converged,newton,,converged,,converged,,compared_not_calibrated
SPX,SPX261120C08200000,2026-11-20,AM,2026-11-20T09:30:00-05:00,call,8200,19.800000000000001,20.600000000000001,294,383,68,7012,0.1191,21.399999999999999,2026-09-09T15:50:10,7636.3599000000004,2026-09-09T16:14:59,2026-09-09T16:14:59-04:00,2026-09-10 12:42:18,2026-09-10T12:42:45.552283+00:00,https://cdn.cboe.com/api/global/delayed_quotes/options/_SPX.json,1303,0.1966039129883308,20.200000000000003,0.039603960396039632,1.0738100492094407,inverted,,0.038989325829810996,0.01518371465366555,7672.1839421357899,0.11847409311052776,0.1178303770909004,0.11911224912870505,7.2475359047530219e-13,7,624.11756186643413,0.39228995421574098,-0.062590688947224138,0.33557561391967283,converged,newton,,converged,,converged,,compared_not_calibrated
SPX,SPX261120C08210000,2026-11-20,AM,2026-11-20T09:30:00-05:00,call,8210,18.699999999999999,19.5,282,374,2,2001,0.1188,21.41,2026-09-09T09:54:32,7636.3599000000004,2026-09-09T16:14:59,2026-09-09T16:14:59-04:00,2026-09-10 12:42:18,2026-09-10T12:42:45.552283+00:00,https://cdn.cboe.com/api/global/delayed_quotes/options/_SPX.json,1304,0.1966039129883308,19.100000000000001,0.041884816753926739,1.0751195736596961,inverted,,0.038989325829810996,0.01518371465366555,7672.1839421357899,0.11823153326684542,0.117566352101264,0.11889052399219603,-2.0605739337042905e-13,7,604.18460290438009,0.34483444005777386,-0.056846673315458229,,converged,newton,,converged,,converged,,compared_not_calibrated
SPX,SPX261120C08230000,2026-11-20,AM,2026-11-20T09:30:00-05:00,call,8230,16.699999999999999,17.5,428,467,228,433,0.11840000000000001,18.260000000000002,2026-09-09T15:58:00,7636.3599000000004,2026-09-09T16:14:59,2026-09-09T16:14:59-04:00,2026-09-10 12:42:18,2026-09-10T12:42:45.552283+00:00,https://cdn.cboe.com/api/global/delayed_quotes/options/_SPX.json,1307,0.1966039129883308,17.100000000000001,0.046783625730994191,1.077738622560207,inverted,,0.038989325829810996,0.01518371465366555,7672.1839421357899,0.11784956089450481,0.1171387079637234,0.1185527640952381,4.7606363295926712e-13,7,565.78885241619935,0.31274141866790472,-0.05504391054951957,,converged,newton,,converged,,converged,,compared_not_calibrated
SPX,SPX261120C08240000,2026-11-20,AM,2026-11-20T09:30:00-05:00,call,8240,15.800000000000001,16.600000000000001,564,567,329,359,0.1183,17.850000000000001,2026-09-09T15:33:40,7636.3599000000004,2026-09-09T16:14:59,2026-09-09T16:14:59-04:00,2026-09-10 12:42:18,2026-09-10T12:42:45.552283+00:00,https://cdn.cboe.com/api/global/delayed_quotes/options/_SPX.json,1308,0.1966039129883308,16.200000000000003,0.049382716049382748,1.0790481470104623,inverted,,0.038989325829810996,0.01518371465366555,7672.1839421357899,0.11772226634295736,0.11698734572911323,0.11844870409430791,7.2475359047530219e-13,7,547.4802076874264,0.31774667038841642,-0.057773365704263946,,converged,newton,,converged,,converged,,compared_not_calibrated
SPX,SPX261120C08250000,2026-11-20,AM,2026-11-20T09:30:00-05:00,call,8250,15,15.800000000000001,405,671,16,2275,0.1183,16.440000000000001,2026-09-09T15:59:14,7636.3599000000004,2026-09-09T16:14:59,2026-09-09T16:14:59-04:00,2026-09-10 12:42:18,2026-09-10T12:42:45.552283+00:00,https://cdn.cboe.com/api/global/delayed_quotes/options/_SPX.json,1309,0.1966039129883308,15.4,0.051948051948051993,1.0803576714607177,inverted,,0.038989325829810996,0.01518371465366555,7672.1839421357899,0.1177094621855557,0.11695059932845167,0.11845897469411638,9.0594198809412774e-14,7,530.42021172573402,0.31475074959948834,-0.059053781444430575,,converged,newton,,converged,,converged,,compared_not_calibrated
SPX,SPX261120C08275000,2026-11-20,AM,2026-11-20T09:30:00-05:00,call,8275,13,13.800000000000001,556,697,5,2095,0.11799999999999999,15.199999999999999,2026-09-09T09:35:34,7636.3599000000004,2026-09-09T16:14:59,2026-09-09T16:14:59-04:00,2026-09-10 12:42:18,2026-09-10T12:42:45.552283+00:00,https://cdn.cboe.com/api/global/delayed_quotes/options/_SPX.json,1312,0.1966039129883308,13.4,0.059701492537313487,1.0836314825863562,inverted,,0.038989325829810996,0.01518371465366555,7672.1839421357899,0.11737657537365297,0.11654789806598283,0.11819307942676532,9.0594198809412774e-14,7,486.32930497768115,0.30488705236823499,-0.062342462634702722,,converged,newton,,converged,,converged,,compared_not_calibrated
SPX,SPX261120C08290000,2026-11-20,AM,2026-11-20T09:30:00-05:00,call,8290,12,12.699999999999999,410,686,205,327,0.1179,13.5,2026-09-09T12:37:24,7636.3599000000004,2026-09-09T16:14:59,2026-09-09T16:14:59-04:00,2026-09-10 12:42:18,2026-09-10T12:42:45.552283+00:00,https://cdn.cboe.com/api/global/delayed_quotes/options/_SPX.json,1314,0.1966039129883308,12.35,0.056680161943319783,1.0855957692617395,inverted,,0.038989325829810996,0.01518371465366555,7672.1839421357899,0.11727029467777998,0.11650646622011264,0.11802324493181901,4.7783998979866737e-13,7,461.5574346348821,0.29237338567988935,-0.062970532222002273,,converged,newton,,converged,,converged,,compared_not_calibrated
SPX,SPX261120C08300000,2026-11-20,AM,2026-11-20T09:30:00-05:00,call,8300,11.300000000000001,12.1,623,807,1,8603,0.1179,12.85,2026-09-09T12:08:03,7636.3599000000004,2026-09-09T16:14:59,2026-09-09T16:14:59-04:00,2026-09-10 12:42:18,2026-09-10T12:42:45.552283+00:00,https://cdn.cboe.com/api/global/delayed_quotes/options/_SPX.json,1315,0.1966039129883308,11.699999999999999,0.068376068376068286,1.0869052937119947,inverted,,0.038989325829810996,0.01518371465366555,7672.1839421357899,0.11722305163782919,0.11631741998804979,0.11811294154671552,4.4408920985006262e-13,7,445.62858708999721,0.30365885301755569,-0.067694836217081777,,converged,newton,,converged,,converged,,compared_not_calibrated
SPX,SPX261120C08325000,2026-11-20,AM,2026-11-20T09:30:00-05:00,call,8325,9.8000000000000007,10.5,613,618,5,478,0.1176,11,2026-09-09T16:06:39,7636.3599000000004,2026-09-09T16:14:59,2026-09-09T16:14:59-04:00,2026-09-10 12:42:18,2026-09-10T12:42:45.552283+00:00,https://cdn.cboe.com/api/global/delayed_quotes/options/_SPX.json,1316,0.1966039129883308,10.15,0.06896551724137924,1.0901791048376335,inverted,,0.038989325829810996,0.01518371465366555,7672.1839421357899,0.11697727944095615,0.1161073661942881,0.11783144844449536,9.0594198809412774e-14,7,406.08559566033188,0.25454428679828389,-0.062272055904384616,,converged,newton,,converged,,converged,,compared_not_calibrated
SPX,SPX261120C08375000,2026-11-20,AM,2026-11-20T09:30:00-05:00,call,8375,7.5,8.0999999999999996,531,849,2804,3483,0.1179,8.3900000000000006,2026-09-09T15:59:14,7636.3599000000004,2026-09-09T16:14:59,2026-09-09T16:14:59-04:00,2026-09-10 12:42:18,2026-09-10T12:42:45.552283+00:00,https://cdn.cboe.com/api/global/delayed_quotes/options/_SPX.json,1318,0.1966039129883308,7.7999999999999998,0.076923076923076886,1.0967267270889105,inverted,,0.038989325829810996,0.01518371465366555,7672.1839421357899,0.11717919060054245,0.11628455420628739,0.1180548027422772,3.7130298835563735e-11,7,339.0151817067333,0.24650298958046069,-0.072080939945755318,,converged,newton,,converged,,converged,,compared_not_calibrated
SPX,SPX261120C08400000,2026-11-20,AM,2026-11-20T09:30:00-05:00,call,8400,6.5,7.0999999999999996,1293,1388,108,6922,0.1179,7.4000000000000004,2026-09-09T15:54:46,7636.3599000000004,2026-09-09T16:14:59,2026-09-09T16:14:59-04:00,2026-09-10 12:42:18,2026-09-10T12:42:45.552283+00:00,https://cdn.cboe.com/api/global/delayed_quotes/options/_SPX.json,1319,0.1966039129883308,6.7999999999999998,0.088235294117647009,1.100000538214549,inverted,,0.038989325829810996,0.01518371465366555,7672.1839421357899,0.11721943268093753,0.11623284437975362,0.11818140150884196,2.3891999489933369e-13,8,308.01804915980063,0.21147702745538499,-0.06805673190624778,,converged,newton,,converged,,converged,,compared_not_calibrated
SPX,SPX261120C08475000,2026-11-20,AM,2026-11-20T09:30:00-05:00,call,8475,4.4000000000000004,4.7999999999999998,707,317,35,487,0.1187,5.0999999999999996,2026-09-09T11:51:33,7636.3599000000004,2026-09-09T16:14:59,2026-09-09T16:14:59-04:00,2026-09-10 12:42:18,2026-09-10T12:42:45.552283+00:00,https://cdn.cboe.com/api/global/delayed_quotes/options/_SPX.json,1322,0.1966039129883308,4.5999999999999996,0.086956521739130321,1.1098219715914646,inverted,,0.038989325829810996,0.01518371465366555,7672.1839421357899,0.11799140372356057,0.1171166985890213,0.11884325667997798,-6.2172489379008766e-14,8,231.75136743927936,0.16600425693482102,-0.070859627643943268,,converged,newton,,converged,,converged,,compared_not_calibrated
SPX,SPX261120C08500000,2026-11-20,AM,2026-11-20T09:30:00-05:00,call,8500,3.8999999999999999,4.2999999999999998,1574,531,4220,5990,0.11940000000000001,4.5,2026-09-09T15:56:31,7636.3599000000004,2026-09-09T16:14:59,2026-09-09T16:14:59-04:00,2026-09-10 12:42:18,2026-09-10T12:42:45.552283+00:00,https://cdn.cboe.com/api/global/delayed_quotes/options/_SPX.json,1323,0.1966039129883308,4.0999999999999996,0.097560975609756087,1.1130957827171031,inverted,,0.038989325829810996,0.01518371465366555,7672.1839421357899,0.1185887908438738,0.11763184364008457,0.11951728343425938,-2.3270274596143281e-13,8,212.24199870001601,0.17441234829731833,-0.081120915612620248,,converged,newton,,converged,,converged,,compared_not_calibrated
SPX,SPX261120C08550000,2026-11-20,AM,2026-11-20T09:30:00-05:00,call,8550,3.1000000000000001,3.3999999999999999,1437,439,342,6917,0.1206,3.6000000000000001,2026-09-09T15:36:17,7636.3599000000004,2026-09-09T16:14:59,2026-09-09T16:14:59-04:00,2026-09-10 12:42:18,2026-09-10T12:42:45.552283+00:00,https://cdn.cboe.com/api/global/delayed_quotes/options/_SPX.json,1325,0.1966039129883308,3.25,0.092307692307692257,1.1196434049683803,inverted,,0.038989325829810996,0.01518371465366555,7672.1839421357899,0.11974858769489145,0.11888990685811898,0.12058237825038132,1.2505552149377763e-12,8,177.32513727304959,0.15321665549214458,-0.085141230510854538,,converged,newton,,converged,,converged,,compared_not_calibrated
SPX,SPX261120C08650000,2026-11-20,AM,2026-11-20T09:30:00-05:00,call,8650,1.95,2.3500000000000001,884,830,2,1451,0.12379999999999999,2.3999999999999999,2026-09-09T12:59:11,7636.3599000000004,2026-09-09T16:14:59,2026-09-09T16:14:59-04:00,2026-09-10 12:42:18,2026-09-10T12:42:45.552283+00:00,https://cdn.cboe.com/api/global/delayed_quotes/options/_SPX.json,1329,0.1966039129883308,2.1499999999999999,0.18604651162790706,1.1327386494709344,inverted,,0.038989325829810996,0.01518371465366555,7672.1839421357899,0.12294514138006007,0.12131832144820019,0.12447391754475816,3.4194869158454821e-14,9,126.97284141758105,0.11037854814515535,-0.085485861993991885,,converged,newton,,converged,,converged,,compared_not_calibrated
SPX,SPX261120C08700000,2026-11-20,AM,2026-11-20T09:30:00-05:00,call,8700,1.6000000000000001,1.95,952,402,68,5191,0.12570000000000001,2.0499999999999998,2026-09-09T13:46:56,7636.3599000000004,2026-09-09T16:14:59,2026-09-09T16:14:59-04:00,2026-09-10 12:42:18,2026-09-10T12:42:45.552283+00:00,https://cdn.cboe.com/api/global/delayed_quotes/options/_SPX.json,1331,0.1966039129883308,1.7749999999999999,0.19718309859154923,1.1392862717222114,inverted,,0.038989325829810996,0.01518371465366555,7672.1839421357899,0.12473328084251521,0.12305892770636961,0.12629892221147893,1.9984014443252818e-14,9,108.23434242307158,0.10673870159680243,-0.096671915748479387,,converged,newton,,converged,,converged,,compared_not_calibrated
SPX,SPX261120C08800000,2026-11-20,AM,2026-11-20T09:30:00-05:00,call,8800,1.1499999999999999,1.45,488,520,2,4487,0.1303,1.45,2026-09-09T12:59:11,7636.3599000000004,2026-09-09T16:14:59,2026-09-09T16:14:59-04:00,2026-09-10 12:42:18,2026-09-10T12:42:45.552283+00:00,https://cdn.cboe.com/api/global/delayed_quotes/options/_SPX.json,1335,0.1966039129883308,1.2999999999999998,0.23076923076923084,1.1523815162247657,inverted,,0.038989325829810996,0.01518371465366555,7672.1839421357899,0.12928269614603113,0.12738335965825687,0.13103449610728285,1.1102230246251565e-13,9,82.392337842485645,0.085718912199280517,-0.1017303853968865,,converged,newton,,converged,,converged,,compared_not_calibrated
SPX,SPX261120C08900000,2026-11-20,AM,2026-11-20T09:30:00-05:00,call,8900,0.75,1.1499999999999999,618,644,15,3047,0.1346,1.0700000000000001,2026-09-09T14:16:12,7636.3599000000004,2026-09-09T16:14:59,2026-09-09T16:14:59-04:00,2026-09-10 12:42:18,2026-09-10T12:42:45.552283+00:00,https://cdn.cboe.com/api/global/delayed_quotes/options/_SPX.json,1337,0.1966039129883308,0.94999999999999996,0.42105263157894729,1.1654767607273198,inverted,,0.038989325829810996,0.01518371465366555,7672.1839421357899,0.13351524382380026,0.13003942112728614,0.13649997246360615,4.8959281073734928e-11,9,62.508486706190517,0.069553593441123995,-0.10847561761997415,,converged,newton,,converged,,converged,,compared_not_calibrated
SPX,SPX261218P05750000,2026-12-18,AM,2026-12-18T09:30:00-05:00,put,5750,18.699999999999999,19.399999999999999,858,739,86,11596,0.32450000000000001,17.690000000000001,2026-09-09T10:52:43,7636.3599000000004,2026-09-09T16:14:59,2026-09-09T16:14:59-04:00,2026-09-10 12:42:18,2026-09-10T12:42:45.552283+00:00,https://cdn.cboe.com/api/global/delayed_quotes/options/_SPX.json,2271,0.2733162417554541,19.049999999999997,0.036745406824146946,0.75297655889686388,inverted,,0.039416789233597337,0.013138232028306687,7691.4043970916309,0.32262155848254848,0.3214827671881289,0.3237485439460408,1.4210854715202004e-14,7,308.96167795027776,0.58537993340367223,-0.18784415174515345,,converged,newton,,converged,,converged,,compared_not_calibrated
SPX,SPX261218P05900000,2026-12-18,AM,2026-12-18T09:30:00-05:00,put,5900,21.800000000000001,22.5,824,596,26,12612,0.30940000000000001,20.899999999999999,2026-09-09T11:59:33,7636.3599000000004,2026-09-09T16:14:59,2026-09-09T16:14:59-04:00,2026-09-10 12:42:18,2026-09-10T12:42:45.552283+00:00,https://cdn.cboe.com/api/global/delayed_quotes/options/_SPX.json,2277,0.2733162417554541,22.149999999999999,0.031602708803611705,0.77261942565069508,inverted,,0.039416789233597337,0.013138232028306687,7691.4043970916309,0.3076685227545034,0.306681217457828,0.3086473128613853,-7.815970093361102e-14,7,356.04946942039749,0.62119159799053847,-0.17314772454966043,,converged,newton,,converged,,converged,,compared_not_calibrated
SPX,SPX261218P05950000,2026-12-18,AM,2026-12-18T09:30:00-05:00,put,5950,23,23.699999999999999,788,609,1,2872,0.30449999999999999,22.5,2026-09-09T16:04:57,7636.3599000000004,2026-09-09T16:14:59,2026-09-09T16:14:59-04:00,2026-09-10 12:42:18,2026-09-10T12:42:45.552283+00:00,https://cdn.cboe.com/api/global/delayed_quotes/options/_SPX.json,2279,0.2733162417554541,23.350000000000001,0.029978586723768703,0.77916704790197222,inverted,,0.039416789233597337,0.013138232028306687,7691.4043970916309,0.30282906421093342,0.30188866667210751,0.30376186350988921,3.6237679523765109e-13,7,373.70560993114179,0.62895355470904946,-0.16709357890665744,,converged,newton,,converged,,converged,,compared_not_calibrated
SPX,SPX261218P06000000,2026-12-18,AM,2026-12-18T09:30:00-05:00,put,6000,24.300000000000001,24.899999999999999,488,338,3633,154344,0.29959999999999998,23.399999999999999,2026-09-09T15:59:50,7636.3599000000004,2026-09-09T16:14:59,2026-09-09T16:14:59-04:00,2026-09-10 12:42:18,2026-09-10T12:42:45.552283+00:00,https://cdn.cboe.com/api/global/delayed_quotes/options/_SPX.json,2281,0.2733162417554541,24.600000000000001,0.024390243902438935,0.78571467015324925,inverted,,0.039416789233597337,0.013138232028306687,7691.4043970916309,0.29794325766434465,0.2971755343749356,0.29870599677025417,1.3500311979441904e-13,7,392.04721474658555,0.65409668465198223,-0.16567423356553257,-1.7302799822236921,converged,newton,,converged,,converged,,compared_not_calibrated
SPX,SPX261218P06050000,2026-12-18,AM,2026-12-18T09:30:00-05:00,put,6050,25.600000000000001,26.300000000000001,596,560,16,5633,0.29470000000000002,24.399999999999999,2026-09-09T15:44:27,7636.3599000000004,2026-09-09T16:14:59,2026-09-09T16:14:59-04:00,2026-09-10 12:42:18,2026-09-10T12:42:45.552283+00:00,https://cdn.cboe.com/api/global/delayed_quotes/options/_SPX.json,2283,0.2733162417554541,25.950000000000003,0.026974951830443128,0.79226229240452639,inverted,,0.039416789233597337,0.013138232028306687,7691.4043970916309,0.29312723992734724,0.29227365363797297,0.29397478487014606,-1.2789769243681803e-13,7,411.50206108046393,0.65143959597331502,-0.15727600726527791,,converged,newton,,converged,,converged,,compared_not_calibrated
SPX,SPX261218P06125000,2026-12-18,AM,2026-12-18T09:30:00-05:00,put,6125,27.699999999999999,28.5,713,554,17,1884,0.28739999999999999,26.280000000000001,2026-09-09T13:04:17,7636.3599000000004,2026-09-09T16:14:59,2026-09-09T16:14:59-04:00,2026-09-10 12:42:18,2026-09-10T12:42:45.552283+00:00,https://cdn.cboe.com/api/global/delayed_quotes/options/_SPX.json,2286,0.2733162417554541,28.100000000000001,0.028469750889679738,0.80208372578144194,inverted,,0.039416789233597337,0.013138232028306687,7691.4043970916309,0.28584528393584657,0.28493745238881085,0.28674648482123039,2.1316282072803006e-14,7,442.23841683279966,0.6918812549838762,-0.15547160641534163,,converged,newton,,converged,,converged,,compared_not_calibrated
SPX,SPX261218P06150000,2026-12-18,AM,2026-12-18T09:30:00-05:00,put,6150,28.5,29.199999999999999,647,533,1555,5571,0.28489999999999999,27.800000000000001,2026-09-09T16:06:50,7636.3599000000004,2026-09-09T16:14:59,2026-09-09T16:14:59-04:00,2026-09-10 12:42:18,2026-09-10T12:42:45.552283+00:00,https://cdn.cboe.com/api/global/delayed_quotes/options/_SPX.json,2287,0.2733162417554541,28.850000000000001,0.024263431542460981,0.80535753690708056,inverted,,0.039416789233597337,0.013138232028306687,7691.4043970916309,0.28339807935648664,0.28262287181929796,0.28416849625404106,-3.5527136788005009e-14,7,452.9010322934401,0.68431343327673488,-0.15019206435133436,,converged,newton,,converged,,converged,,compared_not_calibrated
SPX,SPX261218P06200000,2026-12-18,AM,2026-12-18T09:30:00-05:00,put,6200,30.100000000000001,30.800000000000001,643,308,30,28454,0.28010000000000002,29.300000000000001,2026-09-09T16:06:47,7636.3599000000004,2026-09-09T16:14:59,2026-09-09T16:14:59-04:00,2026-09-10 12:42:18,2026-09-10T12:42:45.552283+00:00,https://cdn.cboe.com/api/global/delayed_quotes/options/_SPX.json,2289,0.2733162417554541,30.450000000000003,0.022988505747126412,0.81190515915835759,inverted,,0.039416789233597337,0.013138232028306687,7691.4043970916309,0.2785730378542749,0.27783444194223134,0.27930737884722506,3.836930773104541e-13,7,475.24992372245333,0.73002842809198398,-0.15269621457251192,,converged,newton,,converged,,converged,,compared_not_calibrated
SPX,SPX261218P06250000,2026-12-18,AM,2026-12-18T09:30:00-05:00,put,6250,31.899999999999999,32.5,381,276,1,10998,0.27529999999999999,30.109999999999999,2026-09-09T13:00:54,7636.3599000000004,2026-09-09T16:14:59,2026-09-09T16:14:59-04:00,2026-09-10 12:42:18,2026-09-10T12:42:45.552283+00:00,https://cdn.cboe.com/api/global/delayed_quotes/options/_SPX.json,2291,0.2733162417554541,32.200000000000003,0.01863354037267085,0.81845278140963462,inverted,,0.039416789233597337,0.013138232028306687,7691.4043970916309,0.27385135231479762,0.27324884309635827,0.27445109591106948,-7.1054273576010019e-14,7,499.06913555731006,0.72697673656936956,-0.14486476852023644,,converged,newton,,converged,,converged,,compared_not_calibrated
SPX,SPX261218P06275000,2026-12-18,AM,2026-12-18T09:30:00-05:00,put,6275,32.799999999999997,33.5,353,473,1,5741,0.27300000000000002,31.5,2026-09-09T11:39:19,7636.3599000000004,2026-09-09T16:14:59,2026-09-09T16:14:59-04:00,2026-09-10 12:42:18,2026-09-10T12:42:45.552283+00:00,https://cdn.cboe.com/api/global/delayed_quotes/options/_SPX.json,2292,0.2733162417554541,33.149999999999999,0.021116138763197675,0.82172659253527325,inverted,,0.039416789233597337,0.013138232028306687,7691.4043970916309,0.2715565301159622,0.27087070538926261,0.27223882190878773,-3.0553337637684308e-13,7,511.66021487632207,0.74258374167673225,-0.1443469884037818,-1.3770218812383064,converged,newton,,converged,,converged,,compared_not_calibrated
SPX,SPX261218P06300000,2026-12-18,AM,2026-12-18T09:30:00-05:00,put,6300,33.700000000000003,34.5,382,488,176,28403,0.27060000000000001,32.600000000000001,2026-09-09T16:06:38,7636.3599000000004,2026-09-09T16:14:59,2026-09-09T16:14:59-04:00,2026-09-10 12:42:18,2026-09-10T12:42:45.552283+00:00,https://cdn.cboe.com/api/global/delayed_quotes/options/_SPX.json,2293,0.2733162417554541,34.100000000000001,0.023460410557184667,0.82500040366091176,inverted,,0.039416789233597337,0.013138232028306687,7691.4043970916309,0.26920333021861881,0.26843825757061957,0.26996406686892133,-5.4711790653527714e-13,7,524.32180021376359,0.73610753823199815,-0.1396669781381199,,converged,newton,,converged,,converged,,compared_not_calibrated
SPX,SPX261218P06325000,2026-12-18,AM,2026-12-18T09:30:00-05:00,put,6325,34.700000000000003,35.399999999999999,369,490,5,3522,0.26819999999999999,32.75,2026-09-09T15:35:40,7636.3599000000004,2026-09-09T16:14:59,2026-09-09T16:14:59-04:00,2026-09-10 12:42:18,2026-09-10T12:42:45.552283+00:00,https://cdn.cboe.com/api/global/delayed_quotes/options/_SPX.json,2294,0.2733162417554541,35.049999999999997,0.019971469329529125,0.82827421478655028,inverted,,0.039416789233597337,0.013138232028306687,7691.4043970916309,0.26679372662419326,0.26614046089318505,0.26744386953881011,-1.5631940186722204e-13,7,537.06062965592434,0.75915142760727861,-0.14062733758067325,,converged,newton,,converged,,converged,,compared_not_calibrated
SPX,SPX261218P06350000,2026-12-18,AM,2026-12-18T09:30:00-05:00,put,6350,35.700000000000003,36.399999999999999,352,471,5,4572,0.26579999999999998,33.649999999999999,2026-09-09T15:35:40,7636.3599000000004,2026-09-09T16:14:59,2026-09-09T16:14:59-04:00,2026-09-10 12:42:18,2026-09-10T12:42:45.552283+00:00,https://cdn.cboe.com/api/global/delayed_quotes/options/_SPX.json,2295,0.2733162417554541,36.049999999999997,0.019417475728155224,0.83154802591218879,inverted,,0.039416789233597337,0.013138232028306687,7691.4043970916309,0.26442042247722281,0.26378286858605771,0.26505504265533431,8.1698203757696319e-11,6,550.24613096002338,0.76289660337495491,-0.13795775227771756,,converged,newton,,converged,,converged,,compared_not_calibrated
SPX,SPX261218P06375000,2026-12-18,AM,2026-12-18T09:30:00-05:00,put,6375,36.700000000000003,37.399999999999999,378,421,8,3087,0.26340000000000002,34.18,2026-09-09T10:52:43,7636.3599000000004,2026-09-09T16:14:59,2026-09-09T16:14:59-04:00,2026-09-10 12:42:18,2026-09-10T12:42:45.552283+00:00,https://cdn.cboe.com/api/global/delayed_quotes/options/_SPX.json,2296,0.2733162417554541,37.049999999999997,0.018893387314439833,0.83482183703782742,inverted,,0.039416789233597337,0.013138232028306687,7691.4043970916309,0.26198994319134883,0.26136745234152137,0.2626096750125323,4.8160586629819591e-11,6,563.51274106343806,0.79858324738900421,-0.14100568086511944,,converged,newton,,converged,,converged,,compared_not_calibrated
SPX,SPX261218P06400000,2026-12-18,AM,2026-12-18T09:30:00-05:00,put,6400,37.799999999999997,38.5,356,442,12,20384,0.26100000000000001,36.100000000000001,2026-09-09T15:51:21,7636.3599000000004,2026-09-09T16:14:59,2026-09-09T16:14:59-04:00,2026-09-10 12:42:18,2026-09-10T12:42:45.552283+00:00,https://cdn.cboe.com/api/global/delayed_quotes/options/_SPX.json,2297,0.2733162417554541,38.149999999999999,0.018348623853211083,0.83809564816346593,inverted,,0.039416789233597337,0.013138232028306687,7691.4043970916309,0.2596772854524001,0.25907000121447876,0.26028198389965751,2.5785595880734036e-11,6,577.57239764746782,0.76751393046183836,-0.13227145475999125,,converged,newton,,converged,,converged,,compared_not_calibrated
SPX,SPX261218P06425000,2026-12-18,AM,2026-12-18T09:30:00-05:00,put,6425,38.899999999999999,39.600000000000001,331,395,2,1806,0.2586,36,2026-09-09T09:58:30,7636.3599000000004,2026-09-09T16:14:59,2026-09-09T16:14:59-04:00,2026-09-10 12:42:18,2026-09-10T12:42:45.552283+00:00,https://cdn.cboe.com/api/global/delayed_quotes/options/_SPX.json,2298,0.2733162417554541,39.25,0.017834394904458671,0.84136945928910445,inverted,,0.039416789233597337,0.013138232028306687,7691.4043970916309,0.25730271698159035,0.25670998903343895,0.25789301869884096,1.2846612662542611e-11,6,591.70725604468157,0.77105722965359291,-0.12972830184096451,,converged,newton,,converged,,converged,,compared_not_calibrated
SPX,SPX261218P06450000,2026-12-18,AM,2026-12-18T09:30:00-05:00,put,6450,40.100000000000001,40.799999999999997,174,439,135,9564,0.25640000000000002,38.350000000000001,2026-09-09T16:00:15,7636.3599000000004,2026-09-09T16:14:59,2026-09-09T16:14:59-04:00,2026-09-10 12:42:18,2026-09-10T12:42:45.552283+00:00,https://cdn.cboe.com/api/global/delayed_quotes/options/_SPX.json,2299,0.2733162417554541,40.450000000000003,0.017305315203955392,0.84464327041474296,inverted,,0.039416789233597337,0.013138232028306687,7691.4043970916309,0.25503311404957235,0.25445499450529596,0.25560896420455786,7.4322770160506479e-12,6,606.60755233735222,0.83301750343734682,-0.13668859504276654,,converged,newton,,converged,,converged,,compared_not_calibrated
SPX,SPX261218P06475000,2026-12-18,AM,2026-12-18T09:30:00-05:00,put,6475,41.299999999999997,42,166,415,1,1651,0.254,38.619999999999997,2026-09-09T10:20:31,7636.3599000000004,2026-09-09T16:14:59,2026-09-09T16:14:59-04:00,2026-09-10 12:42:18,2026-09-10T12:42:45.552283+00:00,https://cdn.cboe.com/api/global/delayed_quotes/options/_SPX.json,2300,0.2733162417554541,41.649999999999999,0.016806722689075699,0.84791708154038148,inverted,,0.039416789233597337,0.013138232028306687,7691.4043970916309,0.25269751083512088,0.25213335949339827,0.25325953692661279,3.1619151741324458e-12,6,621.57725500362915,0.81312363783170127,-0.13024891648791281,,converged,newton,,converged,,converged,,compared_not_calibrated
SPX,SPX261218P06500000,2026-12-18,AM,2026-12-18T09:30:00-05:00,put,6500,42.5,43.200000000000003,184,382,3,26054,0.25159999999999999,39.950000000000003,2026-09-09T15:32:34,7636.3599000000004,2026-09-09T16:14:59,2026-09-09T16:14:59-04:00,2026-09-10 12:42:18,2026-09-10T12:42:45.552283+00:00,https://cdn.cboe.com/api/global/delayed_quotes/options/_SPX.json,2301,0.2733162417554541,42.850000000000001,0.016336056009334955,0.8511908926660201,inverted,,0.039416789233597337,0.013138232028306687,7691.4043970916309,0.25029797291357825,0.24974719791822908,0.25084675544058621,1.7266188478970435e-12,6,636.62504801107968,0.8324518415839961,-0.1302027086421742,-1.1379925258861476,converged,newton,,converged,,converged,,compared_not_calibrated
SPX,SPX261218P06525000,2026-12-18,AM,2026-12-18T09:30:00-05:00,put,6525,43.799999999999997,44.5,148,380,1,2193,0.24929999999999999,40.920000000000002,2026-09-09T10:20:31,7636.3599000000004,2026-09-09T16:14:59,2026-09-09T16:14:59-04:00,2026-09-10 12:42:18,2026-09-10T12:42:45.552283+00:00,https://cdn.cboe.com/api/global/delayed_quotes/options/_SPX.json,2303,0.2733162417554541,44.149999999999999,0.015855039637599159,0.85446470379165862,inverted,,0.039416789233597337,0.013138232028306687,7691.4043970916309,0.24798972581324447,0.24745231562448028,0.24852527331374824,7.744915819785092e-13,6,652.40732042183015,0.85844797077513846,-0.13102741867555279,,converged,newton,,converged,,converged,,compared_not_calibrated
SPX,SPX261218P06550000,2026-12-18,AM,2026-12-18T09:30:00-05:00,put,6550,45.100000000000001,45.799999999999997,174,340,13,7794,0.24690000000000001,42.299999999999997,2026-09-09T14:33:16,7636.3599000000004,2026-09-09T16:14:59,2026-09-09T16:14:59-04:00,2026-09-10 12:42:18,2026-09-10T12:42:45.552283+00:00,https://cdn.cboe.com/api/global/delayed_quotes/options/_SPX.json,2306,0.2733162417554541,45.450000000000003,0.015401540154015307,0.85773851491729713,inverted,,0.039416789233597337,0.013138232028306687,7691.4043970916309,0.24561396650066925,0.24508934484504269,0.24613684482465387,7.2475359047530219e-13,6,668.26261747243302,0.86291119502531899,-0.12860334993307632,-1.1237637802526024,converged,newton,,converged,,converged,,compared_not_calibrated
SPX,SPX261218P06600000,2026-12-18,AM,2026-12-18T09:30:00-05:00,put,6600,47.899999999999999,48.600000000000001,214,396,639,30359,0.2422,45.600000000000001,2026-09-09T15:55:00,7636.3599000000004,2026-09-09T16:14:59,2026-09-09T16:14:59-04:00,2026-09-10 12:42:18,2026-09-10T12:42:45.552283+00:00,https://cdn.cboe.com/api/global/delayed_quotes/options/_SPX.json,2312,0.2733162417554541,48.25,0.014507772020725448,0.86428613716857416,inverted,,0.039416789233597337,0.013138232028306687,7691.4043970916309,0.24095290360858918,0.24045317605422484,0.24145111029800995,-4.5474735088646412e-13,6,701.4534166351749,0.87810324201905132,-0.12470963914108235,-1.0095350346191481,converged,newton,,converged,,converged,,compared_not_calibrated
SPX,SPX261218P06625000,2026-12-18,AM,2026-12-18T09:30:00-05:00,put,6625,49.399999999999999,50.100000000000001,118,266,143,4291,0.2399,46.200000000000003,2026-09-09T15:11:31,7636.3599000000004,2026-09-09T16:14:59,2026-09-09T16:14:59-04:00,2026-09-10 12:42:18,2026-09-10T12:42:45.552283+00:00,https://cdn.cboe.com/api/global/delayed_quotes/options/_SPX.json,2315,0.2733162417554541,49.75,0.014070351758794028,0.86755994829421279,inverted,,0.039416789233597337,0.013138232028306687,7691.4043970916309,0.23865764218650767,0.23816998052264859,0.23914388594017,1.1368683772161603e-13,6,718.75980226796048,0.89626454911513065,-0.12423578134923285,,converged,newton,,converged,,converged,,compared_not_calibrated
SPX,SPX261218P06630000,2026-12-18,AM,2026-12-18T09:30:00-05:00,put,6630,49.700000000000003,50.399999999999999,125,267,3,43,0.2394,46.600000000000001,2026-09-09T14:49:49,7636.3599000000004,2026-09-09T16:14:59,2026-09-09T16:14:59-04:00,2026-09-10 12:42:18,2026-09-10T12:42:45.552283+00:00,https://cdn.cboe.com/api/global/delayed_quotes/options/_SPX.json,2316,0.2733162417554541,50.049999999999997,0.013986013986013901,0.86821471051934052,inverted,,0.039416789233597337,0.013138232028306687,7691.4043970916309,0.23818972795644572,0.23770441478039669,0.23867364277031489,1.8474111129762605e-13,6,722.22842544520222,0.87723383867258065,-0.12102720435542835,,converged,newton,,converged,,converged,,compared_not_calibrated
SPX,SPX261218P06640000,2026-12-18,AM,2026-12-18T09:30:00-05:00,put,6640,50.299999999999997,51,122,258,84,167,0.2384,46.170000000000002,2026-09-09T10:35:17,7636.3599000000004,2026-09-09T16:14:59,2026-09-09T16:14:59-04:00,2026-09-10 12:42:18,2026-09-10T12:42:45.552283+00:00,https://cdn.cboe.com/api/global/delayed_quotes/options/_SPX.json,2317,0.2733162417554541,50.649999999999999,0.013820335636722662,0.86952423496959586,inverted,,0.039416789233597337,0.013138232028306687,7691.4043970916309,0.23724517291155389,0.23676449475489436,0.237724490821835,-1.3500311979441904e-13,6,729.17370396613705,0.84493263853071454,-0.11548270884461087,,converged,newton,,converged,,converged,,compared_not_calibrated
SPX,SPX261218P06670000,2026-12-18,AM,2026-12-18T09:30:00-05:00,put,6670,52,52.899999999999999,264,252,1,79,0.23549999999999999,49,2026-09-09T14:21:45,7636.3599000000004,2026-09-09T16:14:59,2026-09-09T16:14:59-04:00,2026-09-10 12:42:18,2026-09-10T12:42:45.552283+00:00,https://cdn.cboe.com/api/global/delayed_quotes/options/_SPX.json,2320,0.2733162417554541,52.450000000000003,0.017159199237368895,0.8734528083203621,inverted,,0.039416789233597337,0.013138232028306687,7691.4043970916309,0.23434282162433098,0.23374184463724193,0.234941726922239,2.7000623958883807e-13,6,750.07988825605673,0.8708588781668567,-0.11571783756690046,,converged,newton,,converged,,converged,,compared_not_calibrated
SPX,SPX261218P06700000,2026-12-18,AM,2026-12-18T09:30:00-05:00,put,6700,54,54.899999999999999,225,332,324,29964,0.23280000000000001,51.090000000000003,2026-09-09T15:42:30,7636.3599000000004,2026-09-09T16:14:59,2026-09-09T16:14:59-04:00,2026-09-10 12:42:18,2026-09-10T12:42:45.552283+00:00,https://cdn.cboe.com/api/global/delayed_quotes/options/_SPX.json,2324,0.2733162417554541,54.450000000000003,0.016528925619834683,0.87738138167112834,inverted,,0.039416789233597337,0.013138232028306687,7691.4043970916309,0.23159903393227552,0.23101534896041936,0.23218081967751639,-2.9842794901924208e-13,6,772.22608650263317,0.93052272389745383,-0.12009660677244904,,converged,newton,,converged,,converged,,compared_not_calibrated
SPX,SPX261218P06790000,2026-12-18,AM,2026-12-18T09:30:00-05:00,put,6790,60.5,61.5,201,252,1,194,0.22450000000000001,56.899999999999999,2026-09-09T14:21:44,7636.3599000000004,2026-09-09T16:14:59,2026-09-09T16:14:59-04:00,2026-09-10 12:42:18,2026-09-10T12:42:45.552283+00:00,https://cdn.cboe.com/api/global/delayed_quotes/options/_SPX.json,2335,0.2733162417554541,61,0.016393442622950821,0.88916710172342706,inverted,,0.039416789233597337,0.013138232028306687,7691.4043970916309,0.22336281169219377,0.2227681002043698,0.22395572964706742,1.1368683772161603e-13,6,842.01943453384251,0.96029508987396639,-0.11371883078062361,,converged,newton,,converged,,converged,,compared_not_calibrated
SPX,SPX261218P06800000,2026-12-18,AM,2026-12-18T09:30:00-05:00,put,6800,61.299999999999997,62.200000000000003,186,335,241,25052,0.2235,57.5,2026-09-09T15:11:31,7636.3599000000004,2026-09-09T16:14:59,2026-09-09T16:14:59-04:00,2026-09-10 12:42:18,2026-09-10T12:42:45.552283+00:00,https://cdn.cboe.com/api/global/delayed_quotes/options/_SPX.json,2336,0.2733162417554541,61.75,0.014574898785425193,0.89047662617368251,inverted,,0.039416789233597337,0.013138232028306687,7691.4043970916309,0.22240863916452255,0.22187846988567789,0.22293739807458196,5.6843418860808015e-13,6,849.92070589061575,0.93010878555924137,-0.10913608354774507,-0.80262005208373921,converged,newton,,converged,,converged,,compared_not_calibrated
SPX,SPX261218P06830000,2026-12-18,AM,2026-12-18T09:30:00-05:00,put,6830,63.700000000000003,64.599999999999994,189,257,6,24,0.2208,59.700000000000003,2026-09-09T15:18:13,7636.3599000000004,2026-09-09T16:14:59,2026-09-09T16:14:59-04:00,2026-09-10 12:42:18,2026-09-10T12:42:45.552283+00:00,https://cdn.cboe.com/api/global/delayed_quotes/options/_SPX.json,2340,0.2733162417554541,64.150000000000006,0.014029618082618728,0.89440519952444875,inverted,,0.039416789233597337,0.013138232028306687,7691.4043970916309,0.21963982168197768,0.21912453799299453,0.22015381904672524,5.4001247917767614e-13,6,874.4011339069566,1.0173095128901366,-0.11601783180223146,,converged,newton,,converged,,converged,,compared_not_calibrated
SPX,SPX261218P06900000,2026-12-18,AM,2026-12-18T09:30:00-05:00,put,6900,69.799999999999997,70.799999999999997,136,327,348,33265,0.21440000000000001,65.5,2026-09-09T15:13:37,7636.3599000000004,2026-09-09T16:14:59,2026-09-09T16:14:59-04:00,2026-09-10 12:42:18,2026-09-10T12:42:45.552283+00:00,https://cdn.cboe.com/api/global/delayed_quotes/options/_SPX.json,2348,0.2733162417554541,70.299999999999997,0.01422475106685633,0.90357187067623668,inverted,,0.039416789233597337,0.013138232028306687,7691.4043970916309,0.21329247517109237,0.21275659337311639,0.21382708753465546,1.8474111129762605e-13,6,934.1525621977089,1.0371266822098306,-0.11075248289076356,-0.77416256081551182,converged,newton,,converged,,converged,,compared_not_calibrated
SPX,SPX261218P06910000,2026-12-18,AM,2026-12-18T09:30:00-05:00,put,6910,70.700000000000003,71.700000000000003,131,255,2,193,0.21340000000000001,66.299999999999997,2026-09-09T15:17:57,7636.3599000000004,2026-09-09T16:14:59,2026-09-09T16:14:59-04:00,2026-09-10 12:42:18,2026-09-10T12:42:45.552283+00:00,https://cdn.cboe.com/api/global/delayed_quotes/options/_SPX.json,2349,0.2733162417554541,71.200000000000003,0.014044943820224719,0.90488139512649213,inverted,,0.039416789233597337,0.013138232028306687,7691.4043970916309,0.21234958116715227,0.21181861708492669,0.2128793157677013,-4.1211478674085811e-13,6,942.77924111008895,0.99257879455312548,-0.10504188328477326,,converged,newton,,converged,,converged,,compared_not_calibrated
SPX,SPX261218P06925000,2026-12-18,AM,2026-12-18T09:30:00-05:00,put,6925,72.099999999999994,73.099999999999994,176,233,95,3866,0.21199999999999999,68.760000000000005,2026-09-09T16:00:15,7636.3599000000004,2026-09-09T16:14:59,2026-09-09T16:14:59-04:00,2026-09-10 12:42:18,2026-09-10T12:42:45.552283+00:00,https://cdn.cboe.com/api/global/delayed_quotes/options/_SPX.json,2351,0.2733162417554541,72.599999999999994,0.013774104683195593,0.90684568180187519,inverted,,0.039416789233597337,0.013138232028306687,7691.4043970916309,0.21095993430488583,0.21043629696577529,0.21148240090576037,1.4210854715202004e-13,6,955.93221572335767,0.99643715772404562,-0.10400656951141674,,converged,newton,,converged,,converged,,compared_not_calibrated
SPX,SPX261218P06930000,2026-12-18,AM,2026-12-18T09:30:00-05:00,put,6930,72.599999999999994,73.599999999999994,155,243,62,840,0.21160000000000001,66.890000000000001,2026-09-09T10:38:18,7636.3599000000004,2026-09-09T16:14:59,2026-09-09T16:14:59-04:00,2026-09-10 12:42:18,2026-09-10T12:42:45.552283+00:00,https://cdn.cboe.com/api/global/delayed_quotes/options/_SPX.json,2352,0.2733162417554541,73.099999999999994,0.013679890560875515,0.90750044402700292,inverted,,0.039416789233597337,0.013138232028306687,7691.4043970916309,0.21052380475697849,0.21000264109881267,0.21104381747242687,-3.1263880373444408e-13,6,960.45626898825287,1.035992020326745,-0.10761952430215216,,converged,newton,,converged,,converged,,compared_not_calibrated
SPX,SPX261218P06970000,2026-12-18,AM,2026-12-18T09:30:00-05:00,put,6970,76.599999999999994,77.599999999999994,131,235,5,80,0.2079,73.519999999999996,2026-09-09T16:04:51,7636.3599000000004,2026-09-09T16:14:59,2026-09-09T16:14:59-04:00,2026-09-10 12:42:18,2026-09-10T12:42:45.552283+00:00,https://cdn.cboe.com/api/global/delayed_quotes/options/_SPX.json,2356,0.2733162417554541,77.099999999999994,0.012970168612191959,0.91273854182802461,inverted,,0.039416789233597337,0.013138232028306687,7691.4043970916309,0.20688855918445614,0.20638632691641476,0.20738978613794781,-3.1263880373444408e-13,6,996.55646974487718,1.0099863409069769,-0.1011440815543857,,converged,newton,,converged,,converged,,compared_not_calibrated
SPX,SPX261218P06975000,2026-12-18,AM,2026-12-18T09:30:00-05:00,put,6975,77.099999999999994,78.099999999999994,149,206,50,3529,0.20749999999999999,72.459999999999994,2026-09-09T14:11:54,7636.3599000000004,2026-09-09T16:14:59,2026-09-09T16:14:59-04:00,2026-09-10 12:42:18,2026-09-10T12:42:45.552283+00:00,https://cdn.cboe.com/api/global/delayed_quotes/options/_SPX.json,2357,0.2733162417554541,77.599999999999994,0.012886597938144331,0.91339330405315233,inverted,,0.039416789233597337,0.013138232028306687,7691.4043970916309,0.20641614006702638,0.20591617295084669,0.20691511861003781,1.4210854715202004e-13,6,1001.0591693024696,1.0873290032117495,-0.10838599329736076,,converged,newton,,converged,,converged,,compared_not_calibrated
SPX,SPX261218P06990000,2026-12-18,AM,2026-12-18T09:30:00-05:00,put,6990,78.700000000000003,79.700000000000003,103,225,1,54,0.20610000000000001,74.950000000000003,2026-09-09T15:57:33,7636.3599000000004,2026-09-09T16:14:59,2026-09-09T16:14:59-04:00,2026-09-10 12:42:18,2026-09-10T12:42:45.552283+00:00,https://cdn.cboe.com/api/global/delayed_quotes/options/_SPX.json,2359,0.2733162417554541,79.200000000000003,0.012626262626262626,0.9153575907285354,inverted,,0.039416789233597337,0.013138232028306687,7691.4043970916309,0.20507378645501498,0.20458067745983319,0.20556595741581993,4.2632564145606011e-14,6,1014.9435199377317,1.0436067407586478,-0.10262135449850274,,converged,newton,,converged,,converged,,compared_not_calibrated
SPX,SPX261218P07030000,2026-12-18,AM,2026-12-18T09:30:00-05:00,put,7030,83.099999999999994,84.099999999999994,123,23,2,21,0.20250000000000001,79.700000000000003,2026-09-09T11:45:48,7636.3599000000004,2026-09-09T16:14:59,2026-09-09T16:14:59-04:00,2026-09-10 12:42:18,2026-09-10T12:42:45.552283+00:00,https://cdn.cboe.com/api/global/delayed_quotes/options/_SPX.json,2364,0.2733162417554541,83.599999999999994,0.011961722488038277,0.92059568852955709,inverted,,0.039416789233597337,0.013138232028306687,7691.4043970916309,0.20143728566201194,0.20096172720108463,0.20191203015290349,8.2422957348171622e-13,6,1052.2991715297819,1.1204271370851586,-0.10627143379880744,,converged,newton,,converged,,converged,,compared_not_calibrated
SPX,SPX261218P07050000,2026-12-18,AM,2026-12-18T09:30:00-05:00,put,7050,85.400000000000006,86.400000000000006,143,228,4,6108,0.2006,81.989999999999995,2026-09-09T11:46:19,7636.3599000000004,2026-09-09T16:14:59,2026-09-09T16:14:59-04:00,2026-09-10 12:42:18,2026-09-10T12:42:45.552283+00:00,https://cdn.cboe.com/api/global/delayed_quotes/options/_SPX.json,2366,0.2733162417554541,85.900000000000006,0.011641443538998835,0.92321473743006788,inverted,,0.039416789233597337,0.013138232028306687,7691.4043970916309,0.19961070947794385,0.19914357651961787,0.20007708550454753,9.9447561296983622e-11,5,1071.2299493709368,1.0615719517296327,-0.098929052205615209,,converged,newton,,converged,,converged,,compared_not_calibrated
SPX,SPX261218P07075000,2026-12-18,AM,2026-12-18T09:30:00-05:00,put,7075,88.400000000000006,89.5,126,198,66,2336,0.19839999999999999,84.209999999999994,2026-09-09T16:00:15,7636.3599000000004,2026-09-09T16:14:59,2026-09-09T16:14:59-04:00,2026-09-10 12:42:18,2026-09-10T12:42:45.552283+00:00,https://cdn.cboe.com/api/global/delayed_quotes/options/_SPX.json,2369,0.2733162417554541,88.950000000000003,0.012366498032602521,0.9264885485557065,inverted,,0.039416789233597337,0.013138232028306687,7691.4043970916309,0.1973892002040841,0.19688666421772641,0.19789090258441558,3.6649794310505968e-11,5,1095.3608052174393,1.1090331636446962,-0.10107997959158954,,converged,newton,,converged,,converged,,compared_not_calibrated
SPX,SPX261218P07100000,2026-12-18,AM,2026-12-18T09:30:00-05:00,put,7100,91.599999999999994,92.599999999999994,107,221,1691,17416,0.1961,87.159999999999997,2026-09-09T16:00:15,7636.3599000000004,2026-09-09T16:14:59,2026-09-09T16:14:59-04:00,2026-09-10 12:42:18,2026-09-10T12:42:45.552283+00:00,https://cdn.cboe.com/api/global/delayed_quotes/options/_SPX.json,2372,0.2733162417554541,92.099999999999994,0.010857763300760045,0.92976235968134502,inverted,,0.039416789233597337,0.013138232028306687,7691.4043970916309,0.19514276209780096,0.19469587441510819,0.19558902388632698,1.2875034371973015e-11,5,1119.6359621369693,1.0733615615289693,-0.095723790219903737,-0.51724757828117163,converged,newton,,converged,,converged,,compared_not_calibrated
SPX,SPX261218P07110000,2026-12-18,AM,2026-12-18T09:30:00-05:00,put,7110,92.900000000000006,93.900000000000006,88,143,1,37,0.19520000000000001,86.379999999999995,2026-09-09T10:17:53,7636.3599000000004,2026-09-09T16:14:59,2026-09-09T16:14:59-04:00,2026-09-10 12:42:18,2026-09-10T12:42:45.552283+00:00,https://cdn.cboe.com/api/global/delayed_quotes/options/_SPX.json,2373,0.2733162417554541,93.400000000000006,0.010706638115631691,0.93107188413160036,inverted,,0.039416789233597337,0.013138232028306687,7691.4043970916309,0.19424694998709391,0.19380394097464734,0.19468935714058982,8.0433437688043341e-12,5,1129.4148589985748,1.077957744426925,-0.095305001290610369,,converged,newton,,converged,,converged,,compared_not_calibrated
SPX,SPX261218P07130000,2026-12-18,AM,2026-12-18T09:30:00-05:00,put,7130,95.5,96.599999999999994,122,120,198,246,0.19339999999999999,91.099999999999994,2026-09-09T16:06:39,7636.3599000000004,2026-09-09T16:14:59,2026-09-09T16:14:59-04:00,2026-09-10 12:42:18,2026-09-10T12:42:45.552283+00:00,https://cdn.cboe.com/api/global/delayed_quotes/options/_SPX.json,2376,0.2733162417554541,96.049999999999997,0.011452368558042627,0.93369093303211126,inverted,,0.039416789233597337,0.013138232028306687,7691.4043970916309,0.19244167735043119,0.19196266895760378,0.19292001303808057,3.3679725675028749e-12,5,1149.0149473829681,1.102669810059254,-0.095832264956879909,,converged,newton,,converged,,converged,,compared_not_calibrated
SPX,SPX261218P07140000,2026-12-18,AM,2026-12-18T09:30:00-05:00,put,7140,96.900000000000006,97.900000000000006,91,139,131,167,0.19259999999999999,91.200000000000003,2026-09-09T14:11:54,7636.3599000000004,2026-09-09T16:14:59,2026-09-09T16:14:59-04:00,2026-09-10 12:42:18,2026-09-10T12:42:45.552283+00:00,https://cdn.cboe.com/api/global/delayed_quotes/options/_SPX.json,2377,0.2733162417554541,97.400000000000006,0.010266940451745379,0.9350004574823666,inverted,,0.039416789233597337,0.013138232028306687,7691.4043970916309,0.19153170184115875,0.19109996463237383,0.19196290500642438,2.5863755581667647e-12,5,1158.8308339130258,1.2398650869127721,-0.1068298158841241,,converged,newton,,converged,,converged,,compared_not_calibrated
SPX,SPX261218P07150000,2026-12-18,AM,2026-12-18T09:30:00-05:00,put,7150,98.299999999999997,99.299999999999997,120,175,8,12885,0.19159999999999999,91.780000000000001,2026-09-09T13:54:35,7636.3599000000004,2026-09-09T16:14:59,2026-09-09T16:14:59-04:00,2026-09-10 12:42:18,2026-09-10T12:42:45.552283+00:00,https://cdn.cboe.com/api/global/delayed_quotes/options/_SPX.json,2378,0.2733162417554541,98.799999999999997,0.010121457489878543,0.93630998193262205,inverted,,0.039416789233597337,0.013138232028306687,7691.4043970916309,0.1906450137821456,0.19021694818506998,0.19107256688957655,1.7763568394002505e-12,5,1168.7470429496439,1.1176234848587256,-0.095498621785439219,,converged,newton,,converged,,converged,,compared_not_calibrated
SPX,SPX261218P07180000,2026-12-18,AM,2026-12-18T09:30:00-05:00,put,7180,102.40000000000001,103.7,128,141,6,91,0.18890000000000001,96.400000000000006,2026-09-09T15:34:12,7636.3599000000004,2026-09-09T16:14:59,2026-09-09T16:14:59-04:00,2026-09-10 12:42:18,2026-09-10T12:42:45.552283+00:00,https://cdn.cboe.com/api/global/delayed_quotes/options/_SPX.json,2382,0.2733162417554541,103.05000000000001,0.012615235322658874,0.94023855528338829,inverted,,0.039416789233597337,0.013138232028306687,7691.4043970916309,0.18790645382515878,0.18736365903241664,0.18844848432438505,1.7053025658242404e-13,5,1198.3528880040756,1.1921485791730788,-0.099354617484123664,,converged,newton,,converged,,converged,,compared_not_calibrated
SPX,SPX261218P07190000,2026-12-18,AM,2026-12-18T09:30:00-05:00,put,7190,103.90000000000001,105.2,114,135,4,202,0.188,99.280000000000001,2026-09-09T13:00:54,7636.3599000000004,2026-09-09T16:14:59,2026-09-09T16:14:59-04:00,2026-09-10 12:42:18,2026-09-10T12:42:45.552283+00:00,https://cdn.cboe.com/api/global/delayed_quotes/options/_SPX.json,2383,0.2733162417554541,104.55000000000001,0.01243424198947869,0.94154807973364374,inverted,,0.039416789233597337,0.013138232028306687,7691.4043970916309,0.18702236905791453,0.18648407314167756,0.18755993316390998,1.7053025658242404e-13,5,1208.3387575354534,1.1827632319829604,-0.09776309420854723,,converged,newton,,converged,,converged,,compared_not_calibrated
SPX,SPX261218P07200000,2026-12-18,AM,2026-12-18T09:30:00-05:00,put,7200,105.5,106.7,149,172,1763,24519,0.18709999999999999,100.59999999999999,2026-09-09T15:57:41,7636.3599000000004,2026-09-09T16:14:59,2026-09-09T16:14:59-04:00,2026-09-10 12:42:18,2026-09-10T12:42:45.552283+00:00,https://cdn.cboe.com/api/global/delayed_quotes/options/_SPX.json,2384,0.2733162417554541,106.09999999999999,0.011310084825636219,0.94285760418389919,inverted,,0.039416789233597337,0.013138232028306687,7691.4043970916309,0.1861582485573782,0.18566549630503443,0.18665040437226818,1.4210854715202004e-13,5,1218.3903881927693,1.1487439827921264,-0.0941751442621791,-0.38879008701326256,converged,newton,,converged,,converged,,compared_not_calibrated
SPX,SPX261218P07210000,2026-12-18,AM,2026-12-18T09:30:00-05:00,put,7210,107,108.40000000000001,111,134,10,301,0.18629999999999999,102.3,2026-09-09T15:59:10,7636.3599000000004,2026-09-09T16:14:59,2026-09-09T16:14:59-04:00,2026-09-10 12:42:18,2026-09-10T12:42:45.552283+00:00,https://cdn.cboe.com/api/global/delayed_quotes/options/_SPX.json,2385,0.2733162417554541,107.7,0.012999071494893275,0.94416712863415453,inverted,,0.039416789233597337,0.013138232028306687,7691.4043970916309,0.18531318963563143,0.18474299868307933,0.18588260487186614,-1.8474111129762605e-13,5,1228.4979052948443,1.2137170432427382,-0.098681036436856773,,converged,newton,,converged,,converged,,compared_not_calibrated
SPX,SPX261218P07240000,2026-12-18,AM,2026-12-18T09:30:00-05:00,put,7240,111.8,113.2,107,128,1,138,0.18360000000000001,105.7,2026-09-09T15:50:07,7636.3599000000004,2026-09-09T16:14:59,2026-09-09T16:14:59-04:00,2026-09-10 12:42:18,2026-09-10T12:42:45.552283+00:00,https://cdn.cboe.com/api/global/delayed_quotes/options/_SPX.json,2389,0.2733162417554541,112.5,0.012444444444444496,0.94809570198492077,inverted,,0.039416789233597337,0.013138232028306687,7691.4043970916309,0.18264530247959984,0.18208870215850811,0.18320122694470758,0,5,1258.4018947384661,1.2026400610948258,-0.095469752040017175,,converged,newton,,converged,,converged,,compared_not_calibrated
SPX,SPX261218P07250000,2026-12-18,AM,2026-12-18T09:30:00-05:00,put,7250,113.5,114.8,130,153,2215,16151,0.1827,108.58,2026-09-09T16:10:39,7636.3599000000004,2026-09-09T16:14:59,2026-09-09T16:14:59-04:00,2026-09-10 12:42:18,2026-09-10T12:42:45.552283+00:00,https://cdn.cboe.com/api/global/delayed_quotes/options/_SPX.json,2390,0.2733162417554541,114.15000000000001,0.011388523872098091,0.94940522643517622,inverted,,0.039416789233597337,0.013138232028306687,7691.4043970916309,0.18175151492692709,0.18123875402728626,0.18226372001724828,3.1263880373444408e-13,5,1268.3372187312737,1.2042007376142863,-0.094848507307290775,,converged,newton,,converged,,converged,,compared_not_calibrated
SPX,SPX261218P07280000,2026-12-18,AM,2026-12-18T09:30:00-05:00,put,7280,118.7,120,94,108,60,131,0.18010000000000001,112,2026-09-09T15:48:20,7636.3599000000004,2026-09-09T16:14:59,2026-09-09T16:14:59-04:00,2026-09-10 12:42:18,2026-09-10T12:42:45.552283+00:00,https://cdn.cboe.com/api/global/delayed_quotes/options/_SPX.json,2394,0.2733162417554541,119.34999999999999,0.010892333472978612,0.95333379978594246,inverted,,0.039416789233597337,0.013138232028306687,7691.4043970916309,0.17912837657396627,0.17862743019784857,0.17962884373340843,3.694822225952521e-13,5,1298.1671452850196,1.2624952237944456,-0.097162342603374086,,converged,newton,,converged,,converged,,compared_not_calibrated
SPX,SPX261218P07290000,2026-12-18,AM,2026-12-18T09:30:00-05:00,put,7290,120.3,121.90000000000001,84,120,21,1197,0.1792,112.93000000000001,2026-09-09T15:22:03,7636.3599000000004,2026-09-09T16:14:59,2026-09-09T16:14:59-04:00,2026-09-10 12:42:18,2026-09-10T12:42:45.552283+00:00,https://cdn.cboe.com/api/global/delayed_quotes/options/_SPX.json,2395,0.2733162417554541,121.09999999999999,0.013212221304706924,0.95464332423619791,inverted,,0.039416789233597337,0.013138232028306687,7691.4043970916309,0.17822021356002468,0.17760823094792449,0.17883150604688916,5.9685589803848416e-13,5,1307.967280190094,1.2826810517239267,-0.097978643997531645,,converged,newton,,converged,,converged,,compared_not_calibrated
SPX,SPX261218P07300000,2026-12-18,AM,2026-12-18T09:30:00-05:00,put,7300,122.3,123.7,128,138,1747,23940,0.17829999999999999,116.92,2026-09-09T16:11:24,7636.3599000000004,2026-09-09T16:14:59,2026-09-09T16:14:59-04:00,2026-09-10 12:42:18,2026-09-10T12:42:45.552283+00:00,https://cdn.cboe.com/api/global/delayed_quotes/options/_SPX.json,2396,0.2733162417554541,123,0.011382113821138257,0.95595284868645325,inverted,,0.039416789233597337,0.013138232028306687,7691.4043970916309,0.17740252650498142,0.17687114505277887,0.17793340707855088,-4.5474735088646412e-13,5,1317.9445140900959,1.183758376510923,-0.089747349501856366,-0.26033259574597878,converged,newton,,converged,,converged,,compared_not_calibrated
SPX,SPX261218P07310000,2026-12-18,AM,2026-12-18T09:30:00-05:00,put,7310,124.2,125.59999999999999,79,100,1431,1606,0.17749999999999999,116.40000000000001,2026-09-09T13:59:25,7636.3599000000004,2026-09-09T16:14:59,2026-09-09T16:14:59-04:00,2026-09-10 12:42:18,2026-09-10T12:42:45.552283+00:00,https://cdn.cboe.com/api/global/delayed_quotes/options/_SPX.json,2397,0.2733162417554541,124.90000000000001,0.011208967173738923,0.9572623731367087,inverted,,0.039416789233597337,0.013138232028306687,7691.4043970916309,0.17655986027497317,0.1760324390323694,0.17708680696451143,-3.694822225952521e-13,5,1327.8118905441549,1.2493258309005739,-0.094013972502682286,,converged,newton,,converged,,converged,,compared_not_calibrated
SPX,SPX261218P07320000,2026-12-18,AM,2026-12-18T09:30:00-05:00,put,7320,126.09999999999999,127.5,82,99,86,241,0.17660000000000001,120,2026-09-09T16:00:03,7636.3599000000004,2026-09-09T16:14:59,2026-09-09T16:14:59-04:00,2026-09-10 12:42:18,2026-09-10T12:42:45.552283+00:00,https://cdn.cboe.com/api/global/delayed_quotes/options/_SPX.json,2398,0.2733162417554541,126.8,0.011041009463722443,0.95857189758696415,inverted,,0.039416789233597337,0.013138232028306687,7691.4043970916309,0.17569229952738799,0.17516873665916616,0.1762154130626547,1.8474111129762605e-13,5,1337.5692306302142,1.2150119781483255,-0.090770047261201636,-0.27464109749200816,converged,newton,,converged,,converged,,compared_not_calibrated
SPX,SPX261218P07350000,2026-12-18,AM,2026-12-18T09:30:00-05:00,put,7350,132,133.40000000000001,112,140,81,7150,0.17399999999999999,126.83,2026-09-09T16:04:51,7636.3599000000004,2026-09-09T16:14:59,2026-09-09T16:14:59-04:00,2026-09-10 12:42:18,2026-09-10T12:42:45.552283+00:00,https://cdn.cboe.com/api/global/delayed_quotes/options/_SPX.json,2402,0.2733162417554541,132.69999999999999,0.01055011303692544,0.96250047093773039,inverted,,0.039416789233597337,0.013138232028306687,7691.4043970916309,0.17308717027052928,0.17257470950597759,0.17359925244468027,2.8421709430404007e-13,5,1366.4647423091351,1.2481669621159313,-0.091282972947070995,,converged,newton,,converged,,converged,,compared_not_calibrated
SPX,SPX261218P07375000,2026-12-18,AM,2026-12-18T09:30:00-05:00,put,7375,137.30000000000001,138.69999999999999,99,84,34,2137,0.1719,130.97,2026-09-09T15:58:53,7636.3599000000004,2026-09-09T16:14:59,2026-09-09T16:14:59-04:00,2026-09-10 12:42:18,2026-09-10T12:42:45.552283+00:00,https://cdn.cboe.com/api/global/delayed_quotes/options/_SPX.json,2405,0.2733162417554541,138,0.010144927536231719,0.96577428206336891,inverted,,0.039416789233597337,0.013138232028306687,7691.4043970916309,0.17101725469396331,0.1705135679454671,0.1715206171292859,-4.5474735088646412e-13,5,1390.2017495504685,1.2278835725901445,-0.088274530603668633,-0.11398947729560405,converged,newton,,converged,,converged,,compared_not_calibrated
SPX,SPX261218P07420000,2026-12-18,AM,2026-12-18T09:30:00-05:00,put,7420,147.30000000000001,148.80000000000001,67,99,1,310,0.16819999999999999,139.09999999999999,2026-09-09T15:48:20,7636.3599000000004,2026-09-09T16:14:59,2026-09-09T16:14:59-04:00,2026-09-10 12:42:18,2026-09-10T12:42:45.552283+00:00,https://cdn.cboe.com/api/global/delayed_quotes/options/_SPX.json,2414,0.2733162417554541,148.05000000000001,0.010131712259371832,0.97166714208951832,inverted,,0.039416789233597337,0.013138232028306687,7691.4043970916309,0.16722491630805397,0.16670072785899653,0.16774883058763532,-2.8421709430404007e-13,5,1431.1587445361397,1.3961749885954191,-0.097508369194601596,,converged,newton,,converged,,converged,,compared_not_calibrated
SPX,SPX261218P07425000,2026-12-18,AM,2026-12-18T09:30:00-05:00,put,7425,148.5,150,81,99,2,2212,0.1678,140.52000000000001,2026-09-09T14:36:29,7636.3599000000004,2026-09-09T16:14:59,2026-09-09T16:14:59-04:00,2026-09-10 12:42:18,2026-09-10T12:42:45.552283+00:00,https://cdn.cboe.com/api/global/delayed_quotes/options/_SPX.json,2415,0.2733162417554541,149.25,0.010050251256281407,0.97232190431464605,inverted,,0.039416789233597337,0.013138232028306687,7691.4043970916309,0.16682678236089696,0.16630421545907703,0.16734908510906285,4.5474735088646412e-13,5,1435.5870457589228,1.3977929345796838,-0.097321763910304671,-0.09976073166109245,converged,newton,,converged,,converged,,compared_not_calibrated
SPX,SPX261218P07440000,2026-12-18,AM,2026-12-18T09:30:00-05:00,put,7440,152.09999999999999,153.59999999999999,66,99,1,69,0.16650000000000001,143.69999999999999,2026-09-09T15:48:04,7636.3599000000004,2026-09-09T16:14:59,2026-09-09T16:14:59-04:00,2026-09-10 12:42:18,2026-09-10T12:42:45.552283+00:00,https://cdn.cboe.com/api/global/delayed_quotes/options/_SPX.json,2418,0.2733162417554541,152.84999999999999,0.0098135426889106973,0.97428619099002911,inverted,,0.039416789233597337,0.013138232028306687,7691.4043970916309,0.16558844138376799,0.16507057902086414,0.1661060682141855,-8.5265128291212022e-14,5,1448.5918329856167,1.3210023718778814,-0.091155861623201662,,converged,newton,,converged,,converged,,compared_not_calibrated
SPX,SPX261218P07450000,2026-12-18,AM,2026-12-18T09:30:00-05:00,put,7450,154.5,156,62,68,185,15404,0.1656,147,2026-09-09T15:55:00,7636.3599000000004,2026-09-09T16:14:59,2026-09-09T16:14:59-04:00,2026-09-10 12:42:18,2026-09-10T12:42:45.552283+00:00,https://cdn.cboe.com/api/global/delayed_quotes/options/_SPX.json,2420,0.2733162417554541,155.25,0.0096618357487922701,0.97559571544028456,inverted,,0.039416789233597337,0.013138232028306687,7691.4043970916309,0.16472624926828019,0.16421139276892166,0.16524088818768654,4.5474735088646412e-13,5,1457.0255202127214,1.2735314754445426,-0.087375073171980233,-0.16764635884430845,converged,newton,,converged,,converged,,compared_not_calibrated
SPX,SPX261218P07475000,2026-12-18,AM,2026-12-18T09:30:00-05:00,put,7475,160.90000000000001,162.40000000000001,87,86,2,3216,0.1636,152.77000000000001,2026-09-09T14:33:03,7636.3599000000004,2026-09-09T16:14:59,2026-09-09T16:14:59-04:00,2026-09-10 12:42:18,2026-09-10T12:42:45.552283+00:00,https://cdn.cboe.com/api/global/delayed_quotes/options/_SPX.json,2425,0.2733162417554541,161.65000000000001,0.009279307145066501,0.97886952656592308,inverted,,0.039416789233597337,0.013138232028306687,7691.4043970916309,0.16271292327878328,0.16220523331621214,0.16322043786570706,-3.694822225952521e-13,5,1477.5356221593738,1.3110810249869189,-0.088707672121671188,-0.13553198602747329,converged,newton,,converged,,converged,,compared_not_calibrated
SPX,SPX261218P07480000,2026-12-18,AM,2026-12-18T09:30:00-05:00,put,7480,162.30000000000001,163.59999999999999,35,90,1,65,0.16320000000000001,153.30000000000001,2026-09-09T15:48:04,7636.3599000000004,2026-09-09T16:14:59,2026-09-09T16:14:59-04:00,2026-09-10 12:42:18,2026-09-10T12:42:45.552283+00:00,https://cdn.cboe.com/api/global/delayed_quotes/options/_SPX.json,2426,0.2733162417554541,162.94999999999999,0.0079779073335377905,0.9795242887910508,inverted,,0.039416789233597337,0.013138232028306687,7691.4043970916309,0.16230076097804272,0.16186195019425612,0.16273944592931849,-1.7053025658242404e-13,5,1481.4893099147162,1.3326024093915407,-0.089923902195729322,,converged,newton,,converged,,converged,,compared_not_calibrated
SPX,SPX261218P07505000,2026-12-18,AM,2026-12-18T09:30:00-05:00,put,7505,169,170.40000000000001,33,64,1,4,0.16120000000000001,163.74000000000001,2026-09-09T12:38:58,7636.3599000000004,2026-09-09T16:14:59,2026-09-09T16:14:59-04:00,2026-09-10 12:42:18,2026-09-10T12:42:45.552283+00:00,https://cdn.cboe.com/api/global/delayed_quotes/options/_SPX.json,2431,0.2733162417554541,169.69999999999999,0.0082498526812021557,0.98279809991668932,inverted,,0.039416789233597337,0.013138232028306687,7691.4043970916309,0.16029001076200508,0.15982345557775082,0.16075645195648255,-1.7053025658242404e-13,5,1500.5423080506675,1.3658009405456255,-0.090998923799492926,,converged,newton,,converged,,converged,,compared_not_calibrated
SPX,SPX261218P07515000,2026-12-18,AM,2026-12-18T09:30:00-05:00,put,7515,171.80000000000001,173.09999999999999,38,62,30,40,0.1605,164.40000000000001,2026-09-09T15:59:10,7636.3599000000004,2026-09-09T16:14:59,2026-09-09T16:14:59-04:00,2026-09-10 12:42:18,2026-09-10T12:42:45.552283+00:00,https://cdn.cboe.com/api/global/delayed_quotes/options/_SPX.json,2433,0.2733162417554541,172.44999999999999,0.0075384169324440881,0.98410762436694477,inverted,,0.039416789233597337,0.013138232028306687,7691.4043970916309,0.15946309739132422,0.15903195158000363,0.15989415494974188,-1.7053025658242404e-13,5,1507.7653770882082,1.5637882503563674,-0.10369026086757827,,converged,newton,,converged,,converged,,compared_not_calibrated
SPX,SPX261218P07550000,2026-12-18,AM,2026-12-18T09:30:00-05:00,put,7550,182,183.5,46,100,25,11257,0.15770000000000001,174.03,2026-09-09T15:55:00,7636.3599000000004,2026-09-09T16:14:59,2026-09-09T16:14:59-04:00,2026-09-10 12:42:18,2026-09-10T12:42:45.552283+00:00,https://cdn.cboe.com/api/global/delayed_quotes/options/_SPX.json,2440,0.2733162417554541,182.75,0.0082079343365253077,0.98869095994283873,inverted,,0.039416789233597337,0.013138232028306687,7691.4043970916309,0.15675388458578154,0.15626404677587219,0.1572436464991574,3.637978807091713e-12,4,1531.2380719121932,1.4489434153133516,-0.094611541421846246,-0.03918886757708151,converged,newton,,converged,,converged,,compared_not_calibrated
SPX,SPX261218P07560000,2026-12-18,AM,2026-12-18T09:30:00-05:00,put,7560,185,186.40000000000001,53,59,2,76,0.15690000000000001,171.09999999999999,2026-09-09T09:50:15,7636.3599000000004,2026-09-09T16:14:59,2026-09-09T16:14:59-04:00,2026-09-10 12:42:18,2026-09-10T12:42:45.552283+00:00,https://cdn.cboe.com/api/global/delayed_quotes/options/_SPX.json,2442,0.2733162417554541,185.69999999999999,0.0075390414647280874,0.99000048439309407,inverted,,0.039416789233597337,0.013138232028306687,7691.4043970916309,0.15590832134496965,0.15545295162670225,0.15636363383103632,1.6484591469634324e-12,4,1537.3093609320886,1.5247241698332914,-0.099167865503035912,,converged,newton,,converged,,converged,,compared_not_calibrated
SPX,SPX261218P07580000,2026-12-18,AM,2026-12-18T09:30:00-05:00,put,7580,191.40000000000001,192.80000000000001,30,57,4,119,0.15540000000000001,183.78999999999999,2026-09-09T16:04:51,7636.3599000000004,2026-09-09T16:14:59,2026-09-09T16:14:59-04:00,2026-09-10 12:42:18,2026-09-10T12:42:45.552283+00:00,https://cdn.cboe.com/api/global/delayed_quotes/options/_SPX.json,2446,0.2733162417554541,192.10000000000002,0.0072878709005726469,0.99261953329360497,inverted,,0.039416789233597337,0.013138232028306687,7691.4043970916309,0.15443719214603335,0.15398516839736587,0.15488917485025039,-1.1368683772161603e-13,4,1548.661736260148,1.4912069384957931,-0.096280785396665736,,converged,newton,,converged,,converged,,compared_not_calibrated
SPX,SPX261218P07585000,2026-12-18,AM,2026-12-18T09:30:00-05:00,put,7585,193,194.40000000000001,29,56,104,106,0.155,184.61000000000001,2026-09-09T15:52:08,7636.3599000000004,2026-09-09T16:14:59,2026-09-09T16:14:59-04:00,2026-09-10 12:42:18,2026-09-10T12:42:45.552283+00:00,https://cdn.cboe.com/api/global/delayed_quotes/options/_SPX.json,2447,0.2733162417554541,193.69999999999999,0.0072276716572018881,0.99327429551873259,inverted,,0.039416789233597337,0.013138232028306687,7691.4043970916309,0.15404710255812865,0.15359584877455409,0.15449831893601618,2.8421709430404007e-13,4,1551.298032832568,1.478356463673947,-0.095289744187135317,,converged,newton,,converged,,converged,,compared_not_calibrated
SPX,SPX261218P07605000,2026-12-18,AM,2026-12-18T09:30:00-05:00,put,7605,199.59999999999999,200.90000000000001,34,10,27,32,0.1535,187.97999999999999,2026-09-09T14:47:25,7636.3599000000004,2026-09-09T16:14:59,2026-09-09T16:14:59-04:00,2026-09-10 12:42:18,2026-09-10T12:42:45.552283+00:00,https://cdn.cboe.com/api/global/delayed_quotes/options/_SPX.json,2451,0.2733162417554541,200.25,0.006491885143570594,0.99589334441924349,inverted,,0.039416789233597337,0.013138232028306687,7691.4043970916309,0.15249280138065849,0.15207639862737093,0.15290918310783769,0,4,1561.0282509922922,1.5723608205244091,-0.10071986193415094,,converged,newton,,converged,,converged,,compared_not_calibrated
SPX,SPX261218P07615000,2026-12-18,AM,2026-12-18T09:30:00-05:00,put,7615,203.09999999999999,204.30000000000001,27,10,24,32,0.15279999999999999,191.86000000000001,2026-09-09T15:37:07,7636.3599000000004,2026-09-09T16:14:59,2026-09-09T16:14:59-04:00,2026-09-10 12:42:18,2026-09-10T12:42:45.552283+00:00,https://cdn.cboe.com/api/global/delayed_quotes/options/_SPX.json,2453,0.2733162417554541,203.69999999999999,0.0058910162002946348,0.99720286886949894,inverted,,0.039416789233597337,0.013138232028306687,7691.4043970916309,0.1517725334732182,0.15138923533653925,0.15215581780941143,-1.7053025658242404e-13,4,1565.3893815371944,1.6084622122692167,-0.10274665267817895,,converged,newton,,converged,,converged,,compared_not_calibrated
SPX,SPX261218P07645000,2026-12-18,AM,2026-12-18T09:30:00-05:00,put,7645,213.59999999999999,215,60,36,12,10,0.15049999999999999,201.69999999999999,2026-09-09T13:57:14,7636.3599000000004,2026-09-09T16:14:59,2026-09-09T16:14:59-04:00,2026-09-10 12:42:18,2026-09-10T12:42:45.552283+00:00,https://cdn.cboe.com/api/global/delayed_quotes/options/_SPX.json,2459,0.2733162417554541,214.30000000000001,0.0065328978068129057,1.0011314422202651,inverted,,0.039416789233597337,0.013138232028306687,7691.4043970916309,0.14954366239563927,0.14909956504517338,0.14998775385966401,1.7053025658242404e-13,4,1576.2414673236144,1.5074403033033263,-0.095633760436072968,0.19284574912722974,converged,newton,,converged,,converged,,compared_not_calibrated
SPX,SPX261218P07650000,2026-12-18,AM,2026-12-18T09:30:00-05:00,put,7650,215.5,216.80000000000001,34,9,6184,13061,0.1502,203.69999999999999,2026-09-09T15:34:33,7636.3599000000004,2026-09-09T16:14:59,2026-09-09T16:14:59-04:00,2026-09-10 12:42:18,2026-09-10T12:42:45.552283+00:00,https://cdn.cboe.com/api/global/delayed_quotes/options/_SPX.json,2460,0.2733162417554541,216.15000000000001,0.0060143418922045397,1.0017862044453929,inverted,,0.039416789233597337,0.013138232028306687,7691.4043970916309,0.1491913365305336,0.14877934527541969,0.14960332406710844,-8.2422957348171622e-13,4,1577.7105423104722,1.5913963807812195,-0.10086634694664032,,converged,newton,,converged,,converged,,compared_not_calibrated
SPX,SPX261218P07655000,2026-12-18,AM,2026-12-18T09:30:00-05:00,put,7655,217.30000000000001,218.69999999999999,34,9,1,62,0.14979999999999999,213.09999999999999,2026-09-09T12:25:45,7636.3599000000004,2026-09-09T16:14:59,2026-09-09T16:14:59-04:00,2026-09-10 12:42:18,2026-09-10T12:42:45.552283+00:00,https://cdn.cboe.com/api/global/delayed_quotes/options/_SPX.json,2461,0.2733162417554541,218,0.0064220183486237486,1.0024409666705205,inverted,,0.039416789233597337,0.013138232028306687,7691.4043970916309,0.14882917907993973,0.14838588080170598,0.14927247444721028,9.5042196335271001e-11,3,1579.0774425567429,1.5330123014114179,-0.097082092006026133,0.23569149825380009,converged,newton,,converged,,converged,,compared_not_calibrated
SPX,SPX261218P07670000,2026-12-18,AM,2026-12-18T09:30:00-05:00,put,7670,223,224.40000000000001,31,35,1,49,0.14879999999999999,211.40000000000001,2026-09-09T15:41:14,7636.3599000000004,2026-09-09T16:14:59,2026-09-09T16:14:59-04:00,2026-09-10 12:42:18,2026-09-10T12:42:45.552283+00:00,https://cdn.cboe.com/api/global/delayed_quotes/options/_SPX.json,2464,0.2733162417554541,223.69999999999999,0.006258381761287464,1.0044052533459036,inverted,,0.039416789233597337,0.013138232028306687,7691.4043970916309,0.14777804946603509,0.14733572602805017,0.14822037315696873,-1.7053025658242404e-13,3,1582.5519187419425,1.6172886407005649,-0.10219505339648938,,converged,newton,,converged,,converged,,compared_not_calibrated
SPX,SPX261218P07675000,2026-12-18,AM,2026-12-18T09:30:00-05:00,put,7675,224.90000000000001,226.40000000000001,32,50,5,2703,0.1484,213.90000000000001,2026-09-09T15:43:25,7636.3599000000004,2026-09-09T16:14:59,2026-09-09T16:14:59-04:00,2026-09-10 12:42:18,2026-09-10T12:42:45.552283+00:00,https://cdn.cboe.com/api/global/delayed_quotes/options/_SPX.json,2465,0.2733162417554541,225.65000000000001,0.0066474628849988917,1.0050600155710314,inverted,,0.039416789233597337,0.013138232028306687,7691.4043970916309,0.14743918987683108,0.14696555477898846,0.14791282606725187,5.4001247917767614e-13,3,1583.4956979678168,1.5214350961460639,-0.096081012316892589,,converged,newton,,converged,,converged,,compared_not_calibrated
SPX,SPX261218P07685000,2026-12-18,AM,2026-12-18T09:30:00-05:00,put,7685,228.90000000000001,230.30000000000001,27,35,12,47,0.14779999999999999,210.33000000000001,2026-09-09T09:49:04,7636.3599000000004,2026-09-09T16:14:59,2026-09-09T16:14:59-04:00,2026-09-10 12:42:18,2026-09-10T12:42:45.552283+00:00,https://cdn.cboe.com/api/global/delayed_quotes/options/_SPX.json,2467,0.2733162417554541,229.60000000000002,0.0060975609756097806,1.0063695400212869,inverted,,0.039416789233597337,0.013138232028306687,7691.4043970916309,0.14676252606398765,0.14632090115862287,0.14720415276853313,-1.1368683772161603e-13,3,1585.0523091672128,1.6444425637704398,-0.10374739360123342,,converged,newton,,converged,,converged,,compared_not_calibrated
SPX,SPX261218C07700000,2026-12-18,AM,2026-12-18T09:30:00-05:00,call,7700,226.40000000000001,228.09999999999999,41,22,639,25794,0.1462,234.13999999999999,2026-09-09T15:59:28,7636.3599000000004,2026-09-09T16:14:59,2026-09-09T16:14:59-04:00,2026-09-10 12:42:18,2026-09-10T12:42:45.552283+00:00,https://cdn.cboe.com/api/global/delayed_quotes/options/_SPX.json,2054,0.2733162417554541,227.25,0.0074807480748074308,1.0083338266966699,inverted,,0.039416789233597337,0.013138232028306687,7691.4043970916309,0.14581444697349569,0.1452786900158648,0.14635020636837648,0,3,1586.536690781119,0.61169302002690529,-0.038555302650430945,0.15349736932455471,converged,newton,,converged,,converged,,compared_not_calibrated
SPX,SPX261218C07715000,2026-12-18,AM,2026-12-18T09:30:00-05:00,call,7715,217.69999999999999,219.40000000000001,47,22,64,23,0.1452,225.91,2026-09-09T12:35:13,7636.3599000000004,2026-09-09T16:14:59,2026-09-09T16:14:59-04:00,2026-09-10 12:42:18,2026-09-10T12:42:45.552283+00:00,https://cdn.cboe.com/api/global/delayed_quotes/options/_SPX.json,2057,0.2733162417554541,218.55000000000001,0.0077785403797758727,1.010298113372053,inverted,,0.039416789233597337,0.013138232028306687,7691.4043970916309,0.14476335235099885,0.14422773956886148,0.1452989647245474,-2.8421709430404007e-13,3,1586.9679829604429,0.692946047592784,-0.043664764900114283,,converged,newton,,converged,,converged,,compared_not_calibrated
SPX,SPX261218C07735000,2026-12-18,AM,2026-12-18T09:30:00-05:00,call,7735,206.5,208.19999999999999,64,29,82,81,0.1439,215.90000000000001,2026-09-09T16:08:53,7636.3599000000004,2026-09-09T16:14:59,2026-09-09T16:14:59-04:00,2026-09-10 12:42:18,2026-09-10T12:42:45.552283+00:00,https://cdn.cboe.com/api/global/delayed_quotes/options/_SPX.json,2061,0.2733162417554541,207.34999999999999,0.0081986978538702137,1.0129171622725639,inverted,,0.039416789233597337,0.013138232028306687,7691.4043970916309,0.14346487807713315,0.1429288791228768,0.14400086847548194,-5.4001247917767614e-13,4,1585.8367146582309,0.69003677201990854,-0.043512192286684903,,converged,newton,,converged,,converged,,compared_not_calibrated
SPX,SPX261218C07750000,2026-12-18,AM,2026-12-18T09:30:00-05:00,call,7750,198.40000000000001,199.90000000000001,5,47,54,9644,0.14280000000000001,209.21000000000001,2026-09-09T13:45:48,7636.3599000000004,2026-09-09T16:14:59,2026-09-09T16:14:59-04:00,2026-09-10 12:42:18,2026-09-10T12:42:45.552283+00:00,https://cdn.cboe.com/api/global/delayed_quotes/options/_SPX.json,2064,0.2733162417554541,199.15000000000001,0.0075320110469495353,1.014881448947947,inverted,,0.039416789233597337,0.013138232028306687,7691.4043970916309,0.14250321256631815,0.14202961997480407,0.14297679100806795,-3.694822225952521e-13,4,1583.6633908382255,0.47001578276430678,-0.0296787433681861,0.11772611495817387,converged,newton,,converged,,converged,,compared_not_calibrated
SPX,SPX261218C07760000,2026-12-18,AM,2026-12-18T09:30:00-05:00,call,7760,193,194.59999999999999,65,23,4,104,0.14230000000000001,203.87,2026-09-09T13:52:24,7636.3599000000004,2026-09-09T16:14:59,2026-09-09T16:14:59-04:00,2026-09-10 12:42:18,2026-09-10T12:42:45.552283+00:00,https://cdn.cboe.com/api/global/delayed_quotes/options/_SPX.json,2066,0.2733162417554541,193.80000000000001,0.0082559339525283496,1.0161909733982024,inverted,,0.039416789233597337,0.013138232028306687,7691.4043970916309,0.14188062931973852,0.14137479010527179,0.14238644517433982,6.2527760746888816e-13,4,1581.5668802764646,0.66327543324467797,-0.041937068026148827,,converged,newton,,converged,,converged,,compared_not_calibrated
SPX,SPX261218C07765000,2026-12-18,AM,2026-12-18T09:30:00-05:00,call,7765,190.40000000000001,192,84,39,8,63,0.1419,200.30000000000001,2026-09-09T15:37:11,7636.3599000000004,2026-09-09T16:14:59,2026-09-09T16:14:59-04:00,2026-09-10 12:42:18,2026-09-10T12:42:45.552283+00:00,https://cdn.cboe.com/api/global/delayed_quotes/options/_SPX.json,2067,0.2733162417554541,191.19999999999999,0.0083682008368200552,1.01684573562333,inverted,,0.039416789233597337,0.013138232028306687,7691.4043970916309,0.14160006706812994,0.1410938285087403,0.14210627815744215,-1.7053025658242404e-13,4,1580.3256759454459,0.47399931492537917,-0.02999329318700561,0.3069947386484273,converged,newton,,converged,,converged,,compared_not_calibrated
SPX,SPX261218C07775000,2026-12-18,AM,2026-12-18T09:30:00-05:00,call,7775,185.19999999999999,186.80000000000001,5,40,417,1771,0.14130000000000001,194.09999999999999,2026-09-09T15:41:08,7636.3599000000004,2026-09-09T16:14:59,2026-09-09T16:14:59-04:00,2026-09-10 12:42:18,2026-09-10T12:42:45.552283+00:00,https://cdn.cboe.com/api/global/delayed_quotes/options/_SPX.json,2069,0.2733162417554541,186,0.00860215053763453,1.0181552600735855,inverted,,0.039416789233597337,0.013138232028306687,7691.4043970916309,0.14100533032623461,0.1404981606407342,0.14151246326460007,0,4,1577.4387173856562,0.46483311456677257,-0.029466967376540198,,converged,newton,,converged,,converged,,compared_not_calibrated
SPX,SPX261218C07785000,2026-12-18,AM,2026-12-18T09:30:00-05:00,call,7785,180,181.59999999999999,74,40,2,128,0.14069999999999999,190.44999999999999,2026-09-09T13:49:39,7636.3599000000004,2026-09-09T16:14:59,2026-09-09T16:14:59-04:00,2026-09-10 12:42:18,2026-09-10T12:42:45.552283+00:00,https://cdn.cboe.com/api/global/delayed_quotes/options/_SPX.json,2071,0.2733162417554541,180.80000000000001,0.0088495575221238625,1.0194647845238409,inverted,,0.039416789233597337,0.013138232028306687,7691.4043970916309,0.14036524295118416,0.13985695947421997,0.14087347890527904,1.7053025658242404e-13,4,1573.9987308219495,0.52692335305545157,-0.033475704881583135,,converged,newton,,converged,,converged,,compared_not_calibrated
SPX,SPX261218C07800000,2026-12-18,AM,2026-12-18T09:30:00-05:00,call,7800,172.5,174,5,47,491,24989,0.13980000000000001,179.52000000000001,2026-09-09T15:58:46,7636.3599000000004,2026-09-09T16:14:59,2026-09-09T16:14:59-04:00,2026-09-10 12:42:18,2026-09-10T12:42:45.552283+00:00,https://cdn.cboe.com/api/global/delayed_quotes/options/_SPX.json,2074,0.2733162417554541,173.25,0.008658008658008658,1.021429071199224,inverted,,0.039416789233597337,0.013138232028306687,7691.4043970916309,0.13947793472200015,0.13899953581781518,0.13995627515194956,4.5474735088646412e-13,4,1567.8255131960238,0.50496288729982552,-0.032206527799985563,,converged,newton,,converged,,converged,,compared_not_calibrated
SPX,SPX261218C07805000,2026-12-18,AM,2026-12-18T09:30:00-05:00,call,7805,170,171.59999999999999,85,11,6,34,0.13950000000000001,177,2026-09-09T15:56:48,7636.3599000000004,2026-09-09T16:14:59,2026-09-09T16:14:59-04:00,2026-09-10 12:42:18,2026-09-10T12:42:45.552283+00:00,https://cdn.cboe.com/api/global/delayed_quotes/options/_SPX.json,2075,0.2733162417554541,170.80000000000001,0.0093676814988290051,1.0220838334243518,inverted,,0.039416789233597337,0.013138232028306687,7691.4043970916309,0.13920155199195114,0.13869049552095761,0.13971253480549745,1.7053025658242404e-13,4,1565.4979976118252,0.46723938063104242,-0.029844800804887384,,converged,newton,,converged,,converged,,compared_not_calibrated
SPX,SPX261218C07815000,2026-12-18,AM,2026-12-18T09:30:00-05:00,call,7815,165.09999999999999,166.69999999999999,68,44,7,134,0.13900000000000001,171.80000000000001,2026-09-09T16:03:31,7636.3599000000004,2026-09-09T16:14:59,2026-09-09T16:14:59-04:00,2026-09-10 12:42:18,2026-09-10T12:42:45.552283+00:00,https://cdn.cboe.com/api/global/delayed_quotes/options/_SPX.json,2077,0.2733162417554541,165.89999999999998,0.0096443640747437883,1.0233933578746073,inverted,,0.039416789233597337,0.013138232028306687,7691.4043970916309,0.13861380128839193,0.13810106963219174,0.13912644366677759,2.8421709430404007e-12,4,1560.4067361008015,0.60266648299204917,-0.038619871160808228,,converged,newton,,converged,,converged,,compared_not_calibrated
SPX,SPX261218C07820000,2026-12-18,AM,2026-12-18T09:30:00-05:00,call,7820,162.69999999999999,164.30000000000001,91,40,10,103,0.13869999999999999,170.84999999999999,2026-09-09T15:41:25,7636.3599000000004,2026-09-09T16:14:59,2026-09-09T16:14:59-04:00,2026-09-10 12:42:18,2026-09-10T12:42:45.552283+00:00,https://cdn.cboe.com/api/global/delayed_quotes/options/_SPX.json,2078,0.2733162417554541,163.5,0.0097859327217126781,1.0240481200997349,inverted,,0.039416789233597337,0.013138232028306687,7691.4043970916309,0.13833433408407733,0.13782069302067845,0.13884787740619184,5.9117155615240335e-12,4,1557.6566645210023,0.56962043487237679,-0.036566591592265829,,converged,newton,,converged,,converged,,compared_not_calibrated
SPX,SPX261218C07825000,2026-12-18,AM,2026-12-18T09:30:00-05:00,call,7825,160.30000000000001,161.90000000000001,69,54,1,4941,0.1384,167.78999999999999,2026-09-09T15:43:23,7636.3599000000004,2026-09-09T16:14:59,2026-09-09T16:14:59-04:00,2026-09-10 12:42:18,2026-09-10T12:42:45.552283+00:00,https://cdn.cboe.com/api/global/delayed_quotes/options/_SPX.json,2079,0.2733162417554541,161.10000000000002,0.0099317194289260963,1.0247028823248625,inverted,,0.039416789233597337,0.013138232028306687,7691.4043970916309,0.13804304914852761,0.13752844596040856,0.13855754563068559,1.2164491636212915e-11,4,1554.7577235086201,0.55501190773509279,-0.035695085147238736,,converged,newton,,converged,,converged,,compared_not_calibrated
SPX,SPX261218C07830000,2026-12-18,AM,2026-12-18T09:30:00-05:00,call,7830,157.90000000000001,159.5,72,40,4,151,0.1381,166,2026-09-09T15:41:25,7636.3599000000004,2026-09-09T16:14:59,2026-09-09T16:14:59-04:00,2026-09-10 12:42:18,2026-09-10T12:42:45.552283+00:00,https://cdn.cboe.com/api/global/delayed_quotes/options/_SPX.json,2080,0.2733162417554541,158.69999999999999,0.010081915563957117,1.0253576445499903,inverted,,0.039416789233597337,0.013138232028306687,7691.4043970916309,0.13773984046968571,0.1372242210082299,0.13825534373493228,2.5295321393059567e-11,4,1551.7073573297587,0.55890607138536552,-0.036015953031429127,,converged,newton,,converged,,converged,,compared_not_calibrated
SPX,SPX261218C07840000,2026-12-18,AM,2026-12-18T09:30:00-05:00,call,7840,153.30000000000001,154.80000000000001,86,46,1,254,0.1376,159.80000000000001,2026-09-09T15:50:11,7636.3599000000004,2026-09-09T16:14:59,2026-09-09T16:14:59-04:00,2026-09-10 12:42:18,2026-09-10T12:42:45.552283+00:00,https://cdn.cboe.com/api/global/delayed_quotes/options/_SPX.json,2081,0.2733162417554541,154.05000000000001,0.0097370983446932804,1.0266671690002458,inverted,,0.039416789233597337,0.013138232028306687,7691.4043970916309,0.13719426947911789,0.13670884079138848,0.13767957815231904,8.9301011030329391e-11,4,1545.217855116176,0.62700664574884968,-0.040573052088210826,,converged,newton,,converged,,converged,,compared_not_calibrated
SPX,SPX261218C07850000,2026-12-18,AM,2026-12-18T09:30:00-05:00,call,7850,148.80000000000001,150.30000000000001,96,59,88,6888,0.13700000000000001,157.30000000000001,2026-09-09T15:35:35,7636.3599000000004,2026-09-09T16:14:59,2026-09-09T16:14:59-04:00,2026-09-10 12:42:18,2026-09-10T12:42:45.552283+00:00,https://cdn.cboe.com/api/global/delayed_quotes/options/_SPX.json,2082,0.2733162417554541,149.55000000000001,0.010030090270812437,1.0279766934505012,inverted,,0.039416789233597337,0.013138232028306687,7691.4043970916309,0.13669797761070601,0.13621032470293018,0.13718549088448589,6.2527760746888816e-13,5,1538.2002080578773,0.46461201663140628,-0.030202238929399883,0.54618360622538376,converged,newton,,converged,,converged,,compared_not_calibrated
SPX,SPX261218C07875000,2026-12-18,AM,2026-12-18T09:30:00-05:00,call,7875,137.69999999999999,139.19999999999999,96,49,619,1864,0.13569999999999999,143.81999999999999,2026-09-09T16:00:15,7636.3599000000004,2026-09-09T16:14:59,2026-09-09T16:14:59-04:00,2026-09-10 12:42:18,2026-09-10T12:42:45.552283+00:00,https://cdn.cboe.com/api/global/delayed_quotes/options/_SPX.json,2085,0.2733162417554541,138.44999999999999,0.010834236186348864,1.0312505045761398,inverted,,0.039416789233597337,0.013138232028306687,7691.4043970916309,0.13534289314614079,0.13484873674532047,0.1358368513398811,-1.7053025658242404e-13,5,1518.0437610880635,0.54218222664013638,-0.035710685385920149,,converged,newton,,converged,,converged,,compared_not_calibrated
SPX,SPX261218C07880000,2026-12-18,AM,2026-12-18T09:30:00-05:00,call,7880,135.59999999999999,137.09999999999999,96,47,2,75,0.13550000000000001,146.69,2026-09-09T09:50:19,7636.3599000000004,2026-09-09T16:14:59,2026-09-09T16:14:59-04:00,2026-09-10 12:42:18,2026-09-10T12:42:45.552283+00:00,https://cdn.cboe.com/api/global/delayed_quotes/options/_SPX.json,2086,0.2733162417554541,136.34999999999999,0.011001100110011002,1.0319052668012674,inverted,,0.039416789233597337,0.013138232028306687,7691.4043970916309,0.13511393267287625,0.13461832970967816,0.13560932418873084,-8.5265128291212022e-14,5,1513.6323291927699,0.58446086462654989,-0.038606732712376246,,converged,newton,,converged,,converged,,compared_not_calibrated
SPX,SPX261218C07900000,2026-12-18,AM,2026-12-18T09:30:00-05:00,call,7900,127.3,128.69999999999999,118,45,17,22986,0.13439999999999999,134.30000000000001,2026-09-09T13:41:03,7636.3599000000004,2026-09-09T16:14:59,2026-09-09T16:14:59-04:00,2026-09-10 12:42:18,2026-09-10T12:42:45.552283+00:00,https://cdn.cboe.com/api/global/delayed_quotes/options/_SPX.json,2088,0.2733162417554541,128,0.010937499999999933,1.0345243157017783,inverted,,0.039416789233597337,0.013138232028306687,7691.4043970916309,0.13410774541695417,0.13363922673987022,0.13457602778189862,-9.0949470177292824e-13,5,1494.4489848301553,0.43682816246837319,-0.029225458304582563,0.56041235185892901,converged,newton,,converged,,converged,,compared_not_calibrated
SPX,SPX261218C07910000,2026-12-18,AM,2026-12-18T09:30:00-05:00,call,7910,123.2,124.7,97,53,10,581,0.13400000000000001,130.90000000000001,2026-09-09T15:33:40,7636.3599000000004,2026-09-09T16:14:59,2026-09-09T16:14:59-04:00,2026-09-10 12:42:18,2026-09-10T12:42:45.552283+00:00,https://cdn.cboe.com/api/global/delayed_quotes/options/_SPX.json,2089,0.2733162417554541,123.95,0.012101653892698669,1.0358338401520337,inverted,,0.039416789233597337,0.013138232028306687,7691.4043970916309,0.13361299020348291,0.1331074518217506,0.13411822322688133,2.7000623958883807e-13,5,1484.016966069519,0.57446160150429648,-0.038700979651709599,,converged,newton,,converged,,converged,,compared_not_calibrated
SPX,SPX261218C07925000,2026-12-18,AM,2026-12-18T09:30:00-05:00,call,7925,117.3,118.8,107,54,11,1337,0.1333,124.84,2026-09-09T13:33:54,7636.3599000000004,2026-09-09T16:14:59,2026-09-09T16:14:59-04:00,2026-09-10 12:42:18,2026-09-10T12:42:45.552283+00:00,https://cdn.cboe.com/api/global/delayed_quotes/options/_SPX.json,2091,0.2733162417554541,118.05,0.012706480304955527,1.0377981268274168,inverted,,0.039416789233597337,0.013138232028306687,7691.4043970916309,0.13289411274845045,0.13238280755340928,0.13340505575548464,-2.7000623958883807e-13,5,1467.356274055503,0.59574828939248903,-0.040588725154955263,0.74252672467576986,converged,newton,,converged,,converged,,compared_not_calibrated
SPX,SPX261218C07940000,2026-12-18,AM,2026-12-18T09:30:00-05:00,call,7940,111.59999999999999,113.09999999999999,109,58,1,1023,0.1326,117.5,2026-09-09T15:47:58,7636.3599000000004,2026-09-09T16:14:59,2026-09-09T16:14:59-04:00,2026-09-10 12:42:18,2026-09-10T12:42:45.552283+00:00,https://cdn.cboe.com/api/global/delayed_quotes/options/_SPX.json,2093,0.2733162417554541,112.34999999999999,0.01335113484646195,1.0397624135027999,inverted,,0.039416789233597337,0.013138232028306687,7691.4043970916309,0.13219695403652898,0.13167931791942805,0.13271416353657542,-8.5265128291212022e-14,5,1449.4942566228763,0.5843998755080122,-0.040304596347101596,,converged,newton,,converged,,converged,,compared_not_calibrated
SPX,SPX261218C07950000,2026-12-18,AM,2026-12-18T09:30:00-05:00,call,7950,108,109.3,151,47,73,4417,0.1321,113.17,2026-09-09T16:00:15,7636.3599000000004,2026-09-09T16:14:59,2026-09-09T16:14:59-04:00,2026-09-10 12:42:18,2026-09-10T12:42:45.552283+00:00,https://cdn.cboe.com/api/global/delayed_quotes/options/_SPX.json,2094,0.2733162417554541,108.65000000000001,0.011965025310630439,1.0410719379530553,inverted,,0.039416789233597337,0.013138232028306687,7691.4043970916309,0.13173689388478185,0.13128435737550673,0.13218907412847794,-8.2422957348171622e-13,5,1436.9160673495871,0.52191750837491213,-0.036310611521814251,,converged,newton,,converged,,converged,,compared_not_calibrated
SPX,SPX261218C07975000,2026-12-18,AM,2026-12-18T09:30:00-05:00,call,7975,99.599999999999994,100.59999999999999,10,84,20,1165,0.13120000000000001,105.52,2026-09-09T14:38:57,7636.3599000000004,2026-09-09T16:14:59,2026-09-09T16:14:59-04:00,2026-09-10 12:42:18,2026-09-10T12:42:45.552283+00:00,https://cdn.cboe.com/api/global/delayed_quotes/options/_SPX.json,2097,0.2733162417554541,100.09999999999999,0.00999000999000999,1.0443457490786938,inverted,,0.039416789233597337,0.013138232028306687,7691.4043970916309,0.13085357548097118,0.1304972971907804,0.13120958335770208,-5.4001247917767614e-13,5,1403.931843205379,0.48653558158585497,-0.034642451902883176,0.90675547031025872,converged,newton,,converged,,converged,,compared_not_calibrated
SPX,SPX261218C08000000,2026-12-18,AM,2026-12-18T09:30:00-05:00,call,8000,91.299999999999997,92.299999999999997,98,100,6546,215893,0.13020000000000001,95.700000000000003,2026-09-09T16:04:57,7636.3599000000004,2026-09-09T16:14:59,2026-09-09T16:14:59-04:00,2026-09-10 12:42:18,2026-09-10T12:42:45.552283+00:00,https://cdn.cboe.com/api/global/delayed_quotes/options/_SPX.json,2100,0.2733162417554541,91.799999999999997,0.010893246187363835,1.0476195602043323,inverted,,0.039416789233597337,0.013138232028306687,7691.4043970916309,0.12982821833725947,0.12946240816115365,0.1301936837905891,6.3948846218409017e-13,5,1367.4756681879999,0.50864544117503385,-0.037178166274054458,0.98886984312701998,converged,newton,,converged,,converged,,compared_not_calibrated
SPX,SPX261218C08010000,2026-12-18,AM,2026-12-18T09:30:00-05:00,call,8010,88.099999999999994,89.200000000000003,77,76,2,60,0.1298,95.900000000000006,2026-09-09T09:50:18,7636.3599000000004,2026-09-09T16:14:59,2026-09-09T16:14:59-04:00,2026-09-10 12:42:18,2026-09-10T12:42:45.552283+00:00,https://cdn.cboe.com/api/global/delayed_quotes/options/_SPX.json,2101,0.2733162417554541,88.650000000000006,0.012408347433728239,1.0489290846545878,inverted,,0.039416789233597337,0.013138232028306687,7691.4043970916309,0.12945035055502607,0.12904336770716129,0.12985687516570998,5.4001247917767614e-13,5,1352.1725080951021,0.47301474426203072,-0.034964944497392625,,converged,newton,,converged,,converged,,compared_not_calibrated
SPX,SPX261218C08025000,2026-12-18,AM,2026-12-18T09:30:00-05:00,call,8025,83.599999999999994,84.599999999999994,10,91,4,1170,0.12920000000000001,89.120000000000005,2026-09-09T14:39:19,7636.3599000000004,2026-09-09T16:14:59,2026-09-09T16:14:59-04:00,2026-09-10 12:42:18,2026-09-10T12:42:45.552283+00:00,https://cdn.cboe.com/api/global/delayed_quotes/options/_SPX.json,2103,0.2733162417554541,84.099999999999994,0.011890606420927468,1.0508933713299708,inverted,,0.039416789233597337,0.013138232028306687,7691.4043970916309,0.12891548596416266,0.12853890501353721,0.12929163208492972,1.4210854715202004e-13,5,1328.5056109872651,0.37814323540024475,-0.028451403583734658,,converged,newton,,converged,,converged,,compared_not_calibrated
SPX,SPX261218C08040000,2026-12-18,AM,2026-12-18T09:30:00-05:00,call,8040,79.200000000000003,80.200000000000003,10,78,1,1653,0.12870000000000001,83.700000000000003,2026-09-09T15:49:46,7636.3599000000004,2026-09-09T16:14:59,2026-09-09T16:14:59-04:00,2026-09-10 12:42:18,2026-09-10T12:42:45.552283+00:00,https://cdn.cboe.com/api/global/delayed_quotes/options/_SPX.json,2105,0.2733162417554541,79.700000000000003,0.012547051442910916,1.0528576580053541,inverted,,0.039416789233597337,0.013138232028306687,7691.4043970916309,0.12837572315248619,0.12799199716845194,0.12875895076015365,2.7000623958883807e-13,5,1303.8631302001329,0.42304445420204217,-0.032427684751382135,,converged,newton,,converged,,converged,,compared_not_calibrated
SPX,SPX261218C08050000,2026-12-18,AM,2026-12-18T09:30:00-05:00,call,8050,76.400000000000006,77.299999999999997,10,31,10,6626,0.12839999999999999,81.739999999999995,2026-09-09T15:33:41,7636.3599000000004,2026-09-09T16:14:59,2026-09-09T16:14:59-04:00,2026-09-10 12:42:18,2026-09-10T12:42:45.552283+00:00,https://cdn.cboe.com/api/global/delayed_quotes/options/_SPX.json,2106,0.2733162417554541,76.849999999999994,0.011711125569290716,1.0541671824556094,inverted,,0.039416789233597337,0.013138232028306687,7691.4043970916309,0.12801358253963169,0.12766368699957789,0.12836303632411217,8.2422957348171622e-13,5,1286.9134281332747,0.49763205318200221,-0.038641746036829905,0.95309858876066755,converged,newton,,converged,,converged,,compared_not_calibrated
SPX,SPX261218C08070000,2026-12-18,AM,2026-12-18T09:30:00-05:00,call,8070,70.900000000000006,72,116,63,10,71,0.12770000000000001,76.099999999999994,2026-09-09T15:33:40,7636.3599000000004,2026-09-09T16:14:59,2026-09-09T16:14:59-04:00,2026-09-10 12:42:18,2026-09-10T12:42:45.552283+00:00,https://cdn.cboe.com/api/global/delayed_quotes/options/_SPX.json,2108,0.2733162417554541,71.450000000000003,0.015395381385584245,1.0567862313561203,inverted,,0.039416789233597337,0.013138232028306687,7691.4043970916309,0.12736501140684744,0.12692540072848704,0.12780383501646572,9.3649532573181204e-12,5,1252.2332073767129,0.41976987309685398,-0.033498859315256313,,converged,newton,,converged,,converged,,compared_not_calibrated
SPX,SPX261218C08075000,2026-12-18,AM,2026-12-18T09:30:00-05:00,call,8075,69.599999999999994,70.700000000000003,119,63,604,2084,0.1275,73.359999999999999,2026-09-09T15:55:00,7636.3599000000004,2026-09-09T16:14:59,2026-09-09T16:14:59-04:00,2026-09-10 12:42:18,2026-09-10T12:42:45.552283+00:00,https://cdn.cboe.com/api/global/delayed_quotes/options/_SPX.json,2109,0.2733162417554541,70.150000000000006,0.015680684248040033,1.0574409935812481,inverted,,0.039416789233597337,0.013138232028306687,7691.4043970916309,0.12720967576705253,0.1267669190060817,0.12765161043557841,1.4409806681214832e-11,5,1243.3768362159601,0.36120216799108107,-0.029032423294747534,,converged,newton,,converged,,converged,,compared_not_calibrated
SPX,SPX261218C08100000,2026-12-18,AM,2026-12-18T09:30:00-05:00,call,8100,63.399999999999999,64.5,157,149,291,14643,0.12690000000000001,67.340000000000003,2026-09-09T16:10:21,7636.3599000000004,2026-09-09T16:14:59,2026-09-09T16:14:59-04:00,2026-09-10 12:42:18,2026-09-10T12:42:45.552283+00:00,https://cdn.cboe.com/api/global/delayed_quotes/options/_SPX.json,2112,0.2733162417554541,63.950000000000003,0.01720093823299455,1.0607148047068866,inverted,,0.039416789233597337,0.013138232028306687,7691.4043970916309,0.1264799916814309,0.12602044019191666,0.12693852409587192,4.2632564145606011e-14,6,1198.1543782430481,0.50374453747581072,-0.042000831856911502,1.2173273343942128,converged,newton,,converged,,converged,,compared_not_calibrated
SPX,SPX261218C08125000,2026-12-18,AM,2026-12-18T09:30:00-05:00,call,8125,57.600000000000001,58.700000000000003,138,101,6,5137,0.12609999999999999,61.539999999999999,2026-09-09T16:10:21,7636.3599000000004,2026-09-09T16:14:59,2026-09-09T16:14:59-04:00,2026-09-10 12:42:18,2026-09-10T12:42:45.552283+00:00,https://cdn.cboe.com/api/global/delayed_quotes/options/_SPX.json,2115,0.2733162417554541,58.150000000000006,0.018916595012897702,1.0639886158325251,inverted,,0.039416789233597337,0.013138232028306687,7691.4043970916309,0.12575519443603483,0.12527678873513978,0.12623233897803762,3.1263880373444408e-13,6,1151.177648951963,0.39730973329628227,-0.034480556396515594,1.1494417072110537,converged,newton,,converged,,converged,,compared_not_calibrated
SPX,SPX261218C08140000,2026-12-18,AM,2026-12-18T09:30:00-05:00,call,8140,54.399999999999999,55.399999999999999,162,105,1,57,0.1258,57.399999999999999,2026-09-09T15:50:07,7636.3599000000004,2026-09-09T16:14:59,2026-09-09T16:14:59-04:00,2026-09-10 12:42:18,2026-09-10T12:42:45.552283+00:00,https://cdn.cboe.com/api/global/delayed_quotes/options/_SPX.json,2117,0.2733162417554541,54.899999999999999,0.018214936247723135,1.0659529025079082,inverted,,0.039416789233597337,0.013138232028306687,7691.4043970916309,0.12536080971565075,0.12491478728875098,0.12580564975877509,3.1974423109204508e-13,6,1122.5156602301799,0.49364141853707366,-0.043919028434924456,,converged,newton,,converged,,converged,,compared_not_calibrated
SPX,SPX261218C08150000,2026-12-18,AM,2026-12-18T09:30:00-05:00,call,8150,52.299999999999997,53.299999999999997,256,83,427,6390,0.1255,54.799999999999997,2026-09-09T15:55:00,7636.3599000000004,2026-09-09T16:14:59,2026-09-09T16:14:59-04:00,2026-09-10 12:42:18,2026-09-10T12:42:45.552283+00:00,https://cdn.cboe.com/api/global/delayed_quotes/options/_SPX.json,2118,0.2733162417554541,52.799999999999997,0.01893939393939394,1.0672624269581636,inverted,,0.039416789233597337,0.013138232028306687,7691.4043970916309,0.12509119262295951,0.12463727804085595,0.12554382084626103,-4.2632564145606011e-14,6,1103.1005152134728,0.45153134523953042,-0.040880737704049319,1.1815560800278035,converged,newton,,converged,,converged,,compared_not_calibrated
SPX,SPX261218C08160000,2026-12-18,AM,2026-12-18T09:30:00-05:00,call,8160,50.299999999999997,51.299999999999997,214,107,275,303,0.12520000000000001,53.75,2026-09-09T12:32:50,7636.3599000000004,2026-09-09T16:14:59,2026-09-09T16:14:59-04:00,2026-09-10 12:42:18,2026-09-10T12:42:45.552283+00:00,https://cdn.cboe.com/api/global/delayed_quotes/options/_SPX.json,2119,0.2733162417554541,50.799999999999997,0.01968503937007874,1.0685719514084191,inverted,,0.039416789233597337,0.013138232028306687,7691.4043970916309,0.12485978645888111,0.12439772941997264,0.12532044596369776,-7.2475359047530219e-13,6,1083.7658342255611,0.36912279538155701,-0.034021354111889168,,converged,newton,,converged,,converged,,compared_not_calibrated
SPX,SPX261218C08170000,2026-12-18,AM,2026-12-18T09:30:00-05:00,call,8170,48.600000000000001,49.299999999999997,116,60,18,53,0.12509999999999999,53.07,2026-09-09T13:56:46,7636.3599000000004,2026-09-09T16:14:59,2026-09-09T16:14:59-04:00,2026-09-10 12:42:18,2026-09-10T12:42:45.552283+00:00,https://cdn.cboe.com/api/global/delayed_quotes/options/_SPX.json,2120,0.2733162417554541,48.950000000000003,0.014300306435137808,1.0698814758586745,inverted,,0.039416789233597337,0.013138232028306687,7691.4043970916309,0.12471639641817597,0.12438735997813434,0.12504469134955337,4.2632564145606011e-14,6,1064.9168783275454,0.40904258708501118,-0.038360358182401577,,converged,newton,,converged,,converged,,compared_not_calibrated
SPX,SPX261218C08190000,2026-12-18,AM,2026-12-18T09:30:00-05:00,call,8190,44.899999999999999,45.600000000000001,120,92,290,295,0.12470000000000001,49.170000000000002,2026-09-09T13:56:46,7636.3599000000004,2026-09-09T16:14:59,2026-09-09T16:14:59-04:00,2026-09-10 12:42:18,2026-09-10T12:42:45.552283+00:00,https://cdn.cboe.com/api/global/delayed_quotes/options/_SPX.json,2123,0.2733162417554541,45.25,0.015469613259668571,1.0725005247591852,inverted,,0.039416789233597337,0.013138232028306687,7691.4043970916309,0.12427824665418438,0.12393659382834564,0.12461902492770184,-1.1368683772161603e-12,6,1025.750438640061,0.43329733147197658,-0.042175334581562307,,converged,newton,,converged,,converged,,compared_not_calibrated
SPX,SPX261218C08200000,2026-12-18,AM,2026-12-18T09:30:00-05:00,call,8200,43.100000000000001,43.799999999999997,181,166,825,22062,0.1244,46,2026-09-09T15:50:12,7636.3599000000004,2026-09-09T16:14:59,2026-09-09T16:14:59-04:00,2026-09-10 12:42:18,2026-09-10T12:42:45.552283+00:00,https://cdn.cboe.com/api/global/delayed_quotes/options/_SPX.json,2124,0.2733162417554541,43.450000000000003,0.016110471806674239,1.0738100492094407,inverted,,0.039416789233597337,0.013138232028306687,7691.4043970916309,0.12402900169112184,0.12368053077764395,0.1243765215048795,-6.3948846218409017e-13,6,1005.7668922094043,0.37368032430394749,-0.037099830887815655,1.2457848256614739,converged,newton,,converged,,converged,,compared_not_calibrated
SPX,SPX261218C08225000,2026-12-18,AM,2026-12-18T09:30:00-05:00,call,8225,39,39.700000000000003,128,83,1,651,0.124,42.950000000000003,2026-09-09T09:50:12,7636.3599000000004,2026-09-09T16:14:59,2026-09-09T16:14:59-04:00,2026-09-10 12:42:18,2026-09-10T12:42:45.552283+00:00,https://cdn.cboe.com/api/global/delayed_quotes/options/_SPX.json,2125,0.2733162417554541,39.350000000000001,0.017789072426937811,1.0770838603350792,inverted,,0.039416789233597337,0.013138232028306687,7691.4043970916309,0.12358087370770061,0.12321451736447564,0.12394606428664837,1.0444978215673473e-12,6,956.88417902935839,0.4017860426160027,-0.041912629229938492,,converged,newton,,converged,,converged,,compared_not_calibrated
SPX,SPX261218C08250000,2026-12-18,AM,2026-12-18T09:30:00-05:00,call,8250,35.200000000000003,35.799999999999997,182,177,223,8515,0.1234,38.359999999999999,2026-09-09T14:27:10,7636.3599000000004,2026-09-09T16:14:59,2026-09-09T16:14:59-04:00,2026-09-10 12:42:18,2026-09-10T12:42:45.552283+00:00,https://cdn.cboe.com/api/global/delayed_quotes/options/_SPX.json,2126,0.2733162417554541,35.5,0.016901408450704064,1.0803576714607177,inverted,,0.039416789233597337,0.013138232028306687,7691.4043970916309,0.12307327682009207,0.12274209354218504,0.12340340624265636,4.5474735088646412e-13,6,907.29333191766148,0.29689977918860677,-0.032672317990792288,,converged,newton,,converged,,converged,,compared_not_calibrated
SPX,SPX261218C08275000,2026-12-18,AM,2026-12-18T09:30:00-05:00,call,8275,31.699999999999999,32.399999999999999,163,126,1397,2421,0.1231,33.600000000000001,2026-09-09T15:59:22,7636.3599000000004,2026-09-09T16:14:59,2026-09-09T16:14:59-04:00,2026-09-10 12:42:18,2026-09-10T12:42:45.552283+00:00,https://cdn.cboe.com/api/global/delayed_quotes/options/_SPX.json,2127,0.2733162417554541,32.049999999999997,0.021840873634945378,1.0836314825863562,inverted,,0.039416789233597337,0.013138232028306687,7691.4043970916309,0.12268709749658031,0.12227867797561406,0.12309375828447587,1.0942358130705543e-12,6,858.82257304052723,0.35538372014350728,-0.041290250341968759,,converged,newton,,converged,,converged,,compared_not_calibrated
SPX,SPX261218C08300000,2026-12-18,AM,2026-12-18T09:30:00-05:00,call,8300,28.5,29.100000000000001,253,127,1166,13045,0.1226,30.75,2026-09-09T15:53:08,7636.3599000000004,2026-09-09T16:14:59,2026-09-09T16:14:59-04:00,2026-09-10 12:42:18,2026-09-10T12:42:45.552283+00:00,https://cdn.cboe.com/api/global/delayed_quotes/options/_SPX.json,2128,0.2733162417554541,28.800000000000001,0.020833333333333381,1.0869052937119947,inverted,,0.039416789233597337,0.013138232028306687,7691.4043970916309,0.12221484030586954,0.12184361279837054,0.12258447400819936,4.5012882310402347e-12,6,809.87857180003687,0.31262915122301749,-0.038515969413045748,,converged,newton,,converged,,converged,,compared_not_calibrated
SPX,SPX261218C08350000,2026-12-18,AM,2026-12-18T09:30:00-05:00,call,8350,23,23.600000000000001,60,143,3,4140,0.122,25.66,2026-09-09T09:54:32,7636.3599000000004,2026-09-09T16:14:59,2026-09-09T16:14:59-04:00,2026-09-10 12:42:18,2026-09-10T12:42:45.552283+00:00,https://cdn.cboe.com/api/global/delayed_quotes/options/_SPX.json,2130,0.2733162417554541,23.300000000000001,0.025751072961373449,1.093452915963272,inverted,,0.039416789233597337,0.013138232028306687,7691.4043970916309,0.1215814860661112,0.12116175039984885,0.12199881604553862,4.0856207306205761e-13,7,716.80465164233124,0.30085352372345753,-0.041851393388879499,,converged,newton,,converged,,converged,,compared_not_calibrated
SPX,SPX261218C08375000,2026-12-18,AM,2026-12-18T09:30:00-05:00,call,8375,20.5,21.199999999999999,255,154,3,817,0.1217,22.989999999999998,2026-09-09T10:10:25,7636.3599000000004,2026-09-09T16:14:59,2026-09-09T16:14:59-04:00,2026-09-10 12:42:18,2026-09-10T12:42:45.552283+00:00,https://cdn.cboe.com/api/global/delayed_quotes/options/_SPX.json,2131,0.2733162417554541,20.850000000000001,0.033573141486810516,1.0967267270889105,inverted,,0.039416789233597337,0.013138232028306687,7691.4043970916309,0.12120692549447096,0.12068331254444271,0.12172648778672913,1.3500311979441904e-13,7,671.05290657497005,0.33209163620963267,-0.04930745055290453,,converged,newton,,converged,,converged,,compared_not_calibrated
SPX,SPX261218C08400000,2026-12-18,AM,2026-12-18T09:30:00-05:00,call,8400,18.399999999999999,19,210,169,356,17809,0.12139999999999999,20.41,2026-09-09T15:31:22,7636.3599000000004,2026-09-09T16:14:59,2026-09-09T16:14:59-04:00,2026-09-10 12:42:18,2026-09-10T12:42:45.552283+00:00,https://cdn.cboe.com/api/global/delayed_quotes/options/_SPX.json,2132,0.2733162417554541,18.699999999999999,0.032085561497326283,1.100000538214549,inverted,,0.039416789233597337,0.013138232028306687,7691.4043970916309,0.12097110479847127,0.12049141235988049,0.12144713360612913,2.7355895326763857e-13,7,627.81993203173295,0.27019420499873448,-0.042889520152872285,,converged,newton,,converged,,converged,,compared_not_calibrated
SPX,SPX261218C08475000,2026-12-18,AM,2026-12-18T09:30:00-05:00,call,8475,13,13.699999999999999,501,199,6,323,0.1208,14.9,2026-09-09T10:09:18,7636.3599000000004,2026-09-09T16:14:59,2026-09-09T16:14:59-04:00,2026-09-10 12:42:18,2026-09-10T12:42:45.552283+00:00,https://cdn.cboe.com/api/global/delayed_quotes/options/_SPX.json,2135,0.2733162417554541,13.35,0.052434456928838899,1.1098219715914646,inverted,,0.039416789233597337,0.013138232028306687,7691.4043970916309,0.12030903572073268,0.11961355004646949,0.12099508840132046,7.9936057773011271e-14,7,506.73292585788573,0.24999401059673154,-0.0490964279267328,,converged,newton,,converged,,converged,,compared_not_calibrated
SPX,SPX261218C08500000,2026-12-18,AM,2026-12-18T09:30:00-05:00,call,8500,11.6,12.300000000000001,523,334,2414,18064,0.1207,13.199999999999999,2026-09-09T12:55:11,7636.3599000000004,2026-09-09T16:14:59,2026-09-09T16:14:59-04:00,2026-09-10 12:42:18,2026-09-10T12:42:45.552283+00:00,https://cdn.cboe.com/api/global/delayed_quotes/options/_SPX.json,2136,0.2733162417554541,11.949999999999999,0.058577405857740676,1.1130957827171031,inverted,,0.039416789233597337,0.013138232028306687,7691.4043970916309,0.12023049213289881,0.11948119914910289,0.1209681607959768,5.0093262871087063e-13,7,470.81974360390865,0.22214410445291222,-0.046950786710119041,,converged,newton,,converged,,converged,,compared_not_calibrated
SPX,SPX261218C08525000,2026-12-18,AM,2026-12-18T09:30:00-05:00,call,8525,10.300000000000001,11,808,314,10,479,0.1206,12,2026-09-09T10:09:18,7636.3599000000004,2026-09-09T16:14:59,2026-09-09T16:14:59-04:00,2026-09-10 12:42:18,2026-09-10T12:42:45.552283+00:00,https://cdn.cboe.com/api/global/delayed_quotes/options/_SPX.json,2137,0.2733162417554541,10.65,0.065727699530516367,1.1163695938427416,inverted,,0.039416789233597337,0.013138232028306687,7691.4043970916309,0.12008445096847445,0.11927406387122005,0.12088041039391327,1.7390533457728452e-12,7,435.84454740395557,0.22599397981824687,-0.051554903152555009,,converged,newton,,converged,,converged,,compared_not_calibrated
SPX,SPX261218C08550000,2026-12-18,AM,2026-12-18T09:30:00-05:00,call,8550,9.1999999999999993,9.9000000000000004,791,346,6,6094,0.1207,10.300000000000001,2026-09-09T10:20:06,7636.3599000000004,2026-09-09T16:14:59,2026-09-09T16:14:59-04:00,2026-09-10 12:42:18,2026-09-10T12:42:45.552283+00:00,https://cdn.cboe.com/api/global/delayed_quotes/options/_SPX.json,2138,0.2733162417554541,9.5500000000000007,0.073298429319371833,1.1196434049683803,inverted,,0.039416789233597337,0.013138232028306687,7691.4043970916309,0.12012676881355548,0.11925207901213751,0.12098374236191321,1.4562573369403253e-11,7,404.32186065223459,0.23333919452097618,-0.057323118644451998,,converged,newton,,converged,,converged,,compared_not_calibrated
SPX,SPX261218C08575000,2026-12-18,AM,2026-12-18T09:30:00-05:00,call,8575,8.3000000000000007,8.9000000000000004,682,368,68,534,0.1208,9.6500000000000004,2026-09-09T13:46:56,7636.3599000000004,2026-09-09T16:14:59,2026-09-09T16:14:59-04:00,2026-09-10 12:42:18,2026-09-10T12:42:45.552283+00:00,https://cdn.cboe.com/api/global/delayed_quotes/options/_SPX.json,2139,0.2733162417554541,8.6000000000000014,0.06976744186046506,1.1229172160940188,inverted,,0.039416789233597337,0.013138232028306687,7691.4043970916309,0.12029519589080746,0.11948831933852629,0.12108621060581233,9.3699270564684412e-11,7,375.56899540130229,0.19077776630850707,-0.050480410919254148,,converged,newton,,converged,,converged,,compared_not_calibrated
SPX,SPX261218C08600000,2026-12-18,AM,2026-12-18T09:30:00-05:00,call,8600,7.5,8,633,623,12,15888,0.1211,8.3000000000000007,2026-09-09T15:54:14,7636.3599000000004,2026-09-09T16:14:59,2026-09-09T16:14:59-04:00,2026-09-10 12:42:18,2026-09-10T12:42:45.552283+00:00,https://cdn.cboe.com/api/global/delayed_quotes/options/_SPX.json,2140,0.2733162417554541,7.75,0.064516129032258063,1.1261910272196574,inverted,,0.039416789233597337,0.013138232028306687,7691.4043970916309,0.12049965542626256,0.11977581826263531,0.12121008798637564,-5.6843418860808015e-14,8,348.66946728164999,0.21095979219569472,-0.060034457373743522,,converged,newton,,converged,,converged,,compared_not_calibrated
SPX,SPX261218C08800000,2026-12-18,AM,2026-12-18T09:30:00-05:00,call,8800,3.2999999999999998,3.7000000000000002,1896,577,100,23875,0.124,4,2026-09-09T11:01:42,7636.3599000000004,2026-09-09T16:14:59,2026-09-09T16:14:59-04:00,2026-09-10 12:42:18,2026-09-10T12:42:45.552283+00:00,https://cdn.cboe.com/api/global/delayed_quotes/options/_SPX.json,2148,0.2733162417554541,3.5,0.11428571428571439,1.1523815162247657,inverted,,0.039416789233597337,0.013138232028306687,7691.4043970916309,0.12330975023752061,0.12224564735356794,0.12433523970247647,4.8601123125990853e-12,8,191.54207141269922,0.13382987236437316,-0.069024976247938907,,converged,newton,,converged,,converged,,compared_not_calibrated
SPX,SPX261218C08900000,2026-12-18,AM,2026-12-18T09:30:00-05:00,call,8900,2.3500000000000001,2.7000000000000002,880,399,100,11149,0.1268,2.6699999999999999,2026-09-09T11:22:20,7636.3599000000004,2026-09-09T16:14:59,2026-09-09T16:14:59-04:00,2026-09-10 12:42:18,2026-09-10T12:42:45.552283+00:00,https://cdn.cboe.com/api/global/delayed_quotes/options/_SPX.json,2150,0.2733162417554541,2.5250000000000004,0.13861386138613863,1.1654767607273198,inverted,,0.039416789233597337,0.013138232028306687,7691.4043970916309,0.12604058782163943,0.12481972530820727,0.12720604811228078,-5.1514348342607263e-14,9,146.80690090136028,0.11314051306779582,-0.075941217836056341,,converged,newton,,converged,,converged,,compared_not_calibrated
SPX,SPX261218C09000000,2026-12-18,AM,2026-12-18T09:30:00-05:00,call,9000,1.8500000000000001,2.0499999999999998,5,367,22,47067,0.13059999999999999,2.1000000000000001,2026-09-09T11:40:58,7636.3599000000004,2026-09-09T16:14:59,2026-09-09T16:14:59-04:00,2026-09-10 12:42:18,2026-09-10T12:42:45.552283+00:00,https://cdn.cboe.com/api/global/delayed_quotes/options/_SPX.json,2151,0.2733162417554541,1.95,0.10256410256410244,1.1785720052298738,inverted,,0.039416789233597337,0.013138232028306687,7691.4043970916309,0.12976777244529689,0.12890061025360583,0.13060492543528451,-3.9745984281580604e-14,9,117.41128743448158,0.099401600248785416,-0.083222755470310772,,converged,newton,,converged,,converged,,compared_not_calibrated
SPX,SPX270319P05825000,2027-03-19,AM,2027-03-19T09:30:00-04:00,put,5825,46.899999999999999,47.799999999999997,292,307,4,459,0.28260000000000002,45.450000000000003,2026-09-09T15:42:20,7636.3599000000004,2026-09-09T16:14:59,2026-09-09T16:14:59-04:00,2026-09-10 12:42:18,2026-09-10T12:42:45.552283+00:00,https://cdn.cboe.com/api/global/delayed_quotes/options/_SPX.json,2906,0.52251715499746321,47.349999999999994,0.019007391763463541,0.76279799227377953,inverted,,0.039773928749996877,0.006893328954972279,7768.6912524819518,0.28146115290146989,0.28081155678152714,0.28210777525197389,4.1211478674085811e-12,6,694.33596567261452,0.79392576847803298,-0.11388470985301269,,converged,newton,,converged,,converged,,compared_not_calibrated
SPX,SPX270319P06000000,2027-03-19,AM,2027-03-19T09:30:00-04:00,put,6000,54.700000000000003,55.600000000000001,261,291,20,48989,0.26960000000000001,52.75,2026-09-09T13:22:43,7636.3599000000004,2026-09-09T16:14:59,2026-09-09T16:14:59-04:00,2026-09-10 12:42:18,2026-09-10T12:42:45.552283+00:00,https://cdn.cboe.com/api/global/delayed_quotes/options/_SPX.json,2913,0.52251715499746321,55.150000000000006,0.01631912964641883,0.78571467015324925,inverted,,0.039773928749996877,0.006893328954972279,7768.6912524819518,0.26855156659394469,0.26798209899956899,0.26911891478004796,4.2632564145606011e-13,6,791.69181419542315,0.83288575754554017,-0.10484334060553158,-4.9126498500149864,converged,newton,,converged,,converged,,compared_not_calibrated
SPX,SPX270319P06100000,2027-03-19,AM,2027-03-19T09:30:00-04:00,put,6100,59.799999999999997,60.799999999999997,268,262,6,12603,0.26229999999999998,57.799999999999997,2026-09-09T15:06:11,7636.3599000000004,2026-09-09T16:14:59,2026-09-09T16:14:59-04:00,2026-09-10 12:42:18,2026-09-10T12:42:45.552283+00:00,https://cdn.cboe.com/api/global/delayed_quotes/options/_SPX.json,2917,0.52251715499746321,60.299999999999997,0.01658374792703151,0.79880991465580342,inverted,,0.039773928749996877,0.006893328954972279,7768.6912524819518,0.26132967622740799,0.26074251880888666,0.26191469150220065,-8.3844042819691822e-13,6,853.123935741894,0.83030671190392979,-0.097032377259198554,,converged,newton,,converged,,converged,,compared_not_calibrated
SPX,SPX270319P06150000,2027-03-19,AM,2027-03-19T09:30:00-04:00,put,6150,62.600000000000001,63.600000000000001,263,231,8,1452,0.25869999999999999,60.130000000000003,2026-09-09T15:27:28,7636.3599000000004,2026-09-09T16:14:59,2026-09-09T16:14:59-04:00,2026-09-10 12:42:18,2026-09-10T12:42:45.552283+00:00,https://cdn.cboe.com/api/global/delayed_quotes/options/_SPX.json,2919,0.52251715499746321,63.100000000000001,0.015847860538827259,0.80535753690708056,inverted,,0.039773928749996877,0.006893328954972279,7768.6912524819518,0.25777035614571675,0.25720477095387617,0.25833400740971629,-9.2370555648813024e-14,6,885.56093325724351,0.82557360161106175,-0.092964385428323526,,converged,newton,,converged,,converged,,compared_not_calibrated
SPX,SPX270319P06200000,2027-03-19,AM,2027-03-19T09:30:00-04:00,put,6200,65.599999999999994,66.599999999999994,209,290,5,5925,0.25519999999999998,63.600000000000001,2026-09-09T12:54:13,7636.3599000000004,2026-09-09T16:14:59,2026-09-09T16:14:59-04:00,2026-09-10 12:42:18,2026-09-10T12:42:45.552283+00:00,https://cdn.cboe.com/api/global/delayed_quotes/options/_SPX.json,2921,0.52251715499746321,66.099999999999994,0.015128593040847203,0.81190515915835759,inverted,,0.039773928749996877,0.006893328954972279,7768.6912524819518,0.25428485286252062,0.25374014017318564,0.25482782399060089,4.8316906031686813e-13,6,919.39114336243665,0.84364097764867552,-0.091514713747936627,,converged,newton,,converged,,converged,,compared_not_calibrated
SPX,SPX270319P06225000,2027-03-19,AM,2027-03-19T09:30:00-04:00,put,6225,67.099999999999994,68.200000000000003,231,329,5,1351,0.2535,64.700000000000003,2026-09-09T15:12:44,7636.3599000000004,2026-09-09T16:14:59,2026-09-09T16:14:59-04:00,2026-09-10 12:42:18,2026-09-10T12:42:45.552283+00:00,https://cdn.cboe.com/api/global/delayed_quotes/options/_SPX.json,2922,0.52251715499746321,67.650000000000006,0.016260162601626139,0.81517897028399611,inverted,,0.039773928749996877,0.006893328954972279,7768.6912524819518,0.25253800182068631,0.2519498072016822,0.25312419711880096,6.5369931689929217e-13,6,936.6638985330909,0.90357713102727644,-0.096199817931369447,,converged,newton,,converged,,converged,,compared_not_calibrated
SPX,SPX270319P06250000,2027-03-19,AM,2027-03-19T09:30:00-04:00,put,6250,68.700000000000003,69.700000000000003,225,227,9,1931,0.25169999999999998,67.25,2026-09-09T12:43:12,7636.3599000000004,2026-09-09T16:14:59,2026-09-09T16:14:59-04:00,2026-09-10 12:42:18,2026-09-10T12:42:45.552283+00:00,https://cdn.cboe.com/api/global/delayed_quotes/options/_SPX.json,2923,0.52251715499746321,69.200000000000003,0.014450867052023121,0.81845278140963462,inverted,,0.039773928749996877,0.006893328954972279,7768.6912524819518,0.25075223803142394,0.25022733051016788,0.2512755768147007,-1.3216094885137863e-12,6,953.98012264466558,0.90658792054345838,-0.094776196857604411,,converged,newton,,converged,,converged,,compared_not_calibrated
SPX,SPX270319P06300000,2027-03-19,AM,2027-03-19T09:30:00-04:00,put,6300,71.900000000000006,73,328,350,2508,12751,0.24809999999999999,69,2026-09-09T14:57:38,7636.3599000000004,2026-09-09T16:14:59,2026-09-09T16:14:59-04:00,2026-09-10 12:42:18,2026-09-10T12:42:45.552283+00:00,https://cdn.cboe.com/api/global/delayed_quotes/options/_SPX.json,2925,0.52251715499746321,72.450000000000003,0.01518288474810206,0.82500040366091176,inverted,,0.039773928749996877,0.006893328954972279,7768.6912524819518,0.24721955669686241,0.24666291582338024,0.24777448941938954,3.836930773104541e-13,6,989.59465859311354,0.87339880098640776,-0.088044330313757913,,converged,newton,,converged,,converged,,compared_not_calibrated
SPX,SPX270319P06350000,2027-03-19,AM,2027-03-19T09:30:00-04:00,put,6350,75.400000000000006,76.5,292,265,1,4504,0.2447,73.5,2026-09-09T16:02:32,7636.3599000000004,2026-09-09T16:14:59,2026-09-09T16:14:59-04:00,2026-09-10 12:42:18,2026-09-10T12:42:45.552283+00:00,https://cdn.cboe.com/api/global/delayed_quotes/options/_SPX.json,2927,0.52251715499746321,75.950000000000003,0.014483212639894593,0.83154802591218879,inverted,,0.039773928749996877,0.006893328954972279,7768.6912524819518,0.24377550719383839,0.24323905807088764,0.24431042399712152,-8.6686213762732223e-13,6,1026.7327511336821,0.95154490580596018,-0.092449280616160867,,converged,newton,,converged,,converged,,compared_not_calibrated
SPX,SPX270319P06400000,2027-03-19,AM,2027-03-19T09:30:00-04:00,put,6400,79.099999999999994,80.099999999999994,276,260,2,8895,0.2412,76.200000000000003,2026-09-09T15:37:54,7636.3599000000004,2026-09-09T16:14:59,2026-09-09T16:14:59-04:00,2026-09-10 12:42:18,2026-09-10T12:42:45.552283+00:00,https://cdn.cboe.com/api/global/delayed_quotes/options/_SPX.json,2929,0.52251715499746321,79.599999999999994,0.012562814070351759,0.83809564816346593,inverted,,0.039773928749996877,0.006893328954972279,7768.6912524819518,0.24030762598166083,0.23983747847027262,0.24077663821342035,2.5579538487363607e-13,6,1064.7861953057106,0.95236547993172849,-0.089237401833916485,,converged,newton,,converged,,converged,,compared_not_calibrated
SPX,SPX270319P06450000,2027-03-19,AM,2027-03-19T09:30:00-04:00,put,6450,82.900000000000006,84,277,260,7,4474,0.23769999999999999,81,2026-09-09T11:10:28,7636.3599000000004,2026-09-09T16:14:59,2026-09-09T16:14:59-04:00,2026-09-10 12:42:18,2026-09-10T12:42:45.552283+00:00,https://cdn.cboe.com/api/global/delayed_quotes/options/_SPX.json,2931,0.52251715499746321,83.450000000000003,0.013181545835829769,0.84464327041474296,inverted,,0.039773928749996877,0.006893328954972279,7768.6912524819518,0.23685410263344783,0.2363552819134532,0.23735169393396752,-8.6686213762732223e-13,6,1103.9661192349724,0.93579404686538226,-0.084589736655216186,,converged,newton,,converged,,converged,,compared_not_calibrated
SPX,SPX270319P06475000,2027-03-19,AM,2027-03-19T09:30:00-04:00,put,6475,84.900000000000006,86.099999999999994,209,244,10,827,0.23599999999999999,80.650000000000006,2026-09-09T09:42:17,7636.3599000000004,2026-09-09T16:14:59,2026-09-09T16:14:59-04:00,2026-09-10 12:42:18,2026-09-10T12:42:45.552283+00:00,https://cdn.cboe.com/api/global/delayed_quotes/options/_SPX.json,2932,0.52251715499746321,85.5,0.014035087719298112,0.84791708154038148,inverted,,0.039773928749996877,0.006893328954972279,7768.6912524819518,0.23517359928579734,0.23463919294524996,0.23570662368819623,2.2737367544323206e-13,6,1124.2005584008787,0.93089838667754066,-0.082640071420264638,,converged,newton,,converged,,converged,,compared_not_calibrated
SPX,SPX270319P06500000,2027-03-19,AM,2027-03-19T09:30:00-04:00,put,6500,87,88.099999999999994,203,250,1600,12462,0.23430000000000001,84,2026-09-09T13:34:27,7636.3599000000004,2026-09-09T16:14:59,2026-09-09T16:14:59-04:00,2026-09-10 12:42:18,2026-09-10T12:42:45.552283+00:00,https://cdn.cboe.com/api/global/delayed_quotes/options/_SPX.json,2933,0.52251715499746321,87.549999999999997,0.012564249000571038,0.8511908926660201,inverted,,0.039773928749996877,0.006893328954972279,7768.6912524819518,0.23344719241112835,0.23296605906862841,0.23392722826910467,6.3948846218409017e-13,6,1144.444203405596,0.97796362112360669,-0.085280758887165686,,converged,newton,,converged,,converged,,compared_not_calibrated
SPX,SPX270319P06600000,2027-03-19,AM,2027-03-19T09:30:00-04:00,put,6600,95.900000000000006,97,202,227,1,5608,0.22750000000000001,91.200000000000003,2026-09-09T09:54:10,7636.3599000000004,2026-09-09T16:14:59,2026-09-09T16:14:59-04:00,2026-09-10 12:42:18,2026-09-10T12:42:45.552283+00:00,https://cdn.cboe.com/api/global/delayed_quotes/options/_SPX.json,2937,0.52251715499746321,96.450000000000003,0.011404872991187084,0.86428613716857416,inverted,,0.039773928749996877,0.006893328954972279,7768.6912524819518,0.22667272193322921,0.2262246537500322,0.22711992087300256,4.2632564145606011e-14,6,1228.6874863961641,1.0182856102087925,-0.082727806677079796,-3.0035044500098138,converged,newton,,converged,,converged,,compared_not_calibrated
SPX,SPX270319P06625000,2027-03-19,AM,2027-03-19T09:30:00-04:00,put,6625,98.200000000000003,99.5,193,249,1,676,0.2258,95.099999999999994,2026-09-09T11:08:15,7636.3599000000004,2026-09-09T16:14:59,2026-09-09T16:14:59-04:00,2026-09-10 12:42:18,2026-09-10T12:42:45.552283+00:00,https://cdn.cboe.com/api/global/delayed_quotes/options/_SPX.json,2938,0.52251715499746321,98.849999999999994,0.013151239251390969,0.86755994829421279,inverted,,0.039773928749996877,0.006893328954972279,7768.6912524819518,0.22500164306360695,0.22448127371118379,0.22552086907758062,-1.2221335055073723e-12,6,1250.4917510310888,1.0000209802784923,-0.07983569363930465,,converged,newton,,converged,,converged,,compared_not_calibrated
SPX,SPX270319P06650000,2027-03-19,AM,2027-03-19T09:30:00-04:00,put,6650,100.7,101.8,203,169,1,2332,0.22409999999999999,97.400000000000006,2026-09-09T11:08:21,7636.3599000000004,2026-09-09T16:14:59,2026-09-09T16:14:59-04:00,2026-09-10 12:42:18,2026-09-10T12:42:45.552283+00:00,https://cdn.cboe.com/api/global/delayed_quotes/options/_SPX.json,2939,0.52251715499746321,101.25,0.010864197530864142,0.87083375941985131,inverted,,0.039773928749996877,0.006893328954972279,7768.6912524819518,0.22328072674586635,0.22284804325853616,0.22371263891729459,6.8212102632969618e-13,6,1272.2745875316768,1.0440982779996375,-0.081927325413364005,,converged,newton,,converged,,converged,,compared_not_calibrated
SPX,SPX270319P06700000,2027-03-19,AM,2027-03-19T09:30:00-04:00,put,6700,105.8,106.90000000000001,160,194,58,11541,0.22070000000000001,101.94,2026-09-09T15:42:30,7636.3599000000004,2026-09-09T16:14:59,2026-09-09T16:14:59-04:00,2026-09-10 12:42:18,2026-09-10T12:42:45.552283+00:00,https://cdn.cboe.com/api/global/delayed_quotes/options/_SPX.json,2941,0.52251715499746321,106.34999999999999,0.010343206393982216,0.87738138167112834,inverted,,0.039773928749996877,0.006893328954972279,7768.6912524819518,0.21992122532427871,0.21950326054234467,0.22033850779532591,8.2422957348171622e-13,6,1316.9785328947105,1.0271879015894285,-0.077877467572129433,,converged,newton,,converged,,converged,,compared_not_calibrated
SPX,SPX270319P06725000,2027-03-19,AM,2027-03-19T09:30:00-04:00,put,6725,108.40000000000001,109.7,196,235,66,2500,0.21909999999999999,105.40000000000001,2026-09-09T16:02:34,7636.3599000000004,2026-09-09T16:14:59,2026-09-09T16:14:59-04:00,2026-09-10 12:42:18,2026-09-10T12:42:45.552283+00:00,https://cdn.cboe.com/api/global/delayed_quotes/options/_SPX.json,2942,0.52251715499746321,109.05000000000001,0.011921137093076543,0.88065519279676696,inverted,,0.039773928749996877,0.006893328954972279,7768.6912524819518,0.21827677706346479,0.21779119901352137,0.21876146036007496,9.7031715995399281e-11,5,1339.8494847399097,1.1047160748223064,-0.082322293653519507,,converged,newton,,converged,,converged,,compared_not_calibrated
SPX,SPX270319P06750000,2027-03-19,AM,2027-03-19T09:30:00-04:00,put,6750,111.2,112.3,137,199,1,7017,0.21740000000000001,107,2026-09-09T14:07:12,7636.3599000000004,2026-09-09T16:14:59,2026-09-09T16:14:59-04:00,2026-09-10 12:42:18,2026-09-10T12:42:45.552283+00:00,https://cdn.cboe.com/api/global/delayed_quotes/options/_SPX.json,2943,0.52251715499746321,111.75,0.0098434004474272415,0.88392900392240548,inverted,,0.039773928749996877,0.006893328954972279,7768.6912524819518,0.21657875890276421,0.21617483578454641,0.21698208028061869,5.3205440053716302e-11,5,1362.6631882049512,1.1207675294633646,-0.082124109723580307,,converged,newton,,converged,,converged,,compared_not_calibrated
SPX,SPX270319P06800000,2027-03-19,AM,2027-03-19T09:30:00-04:00,put,6800,116.90000000000001,118.09999999999999,131,219,21,13651,0.21410000000000001,112.37,2026-09-09T14:05:21,7636.3599000000004,2026-09-09T16:14:59,2026-09-09T16:14:59-04:00,2026-09-10 12:42:18,2026-09-10T12:42:45.552283+00:00,https://cdn.cboe.com/api/global/delayed_quotes/options/_SPX.json,2945,0.52251715499746321,117.5,0.010212765957446713,0.89047662617368251,inverted,,0.039773928749996877,0.006893328954972279,7768.6912524819518,0.21327437283981013,0.21284833311831269,0.21369978342454238,1.432454155292362e-11,5,1409.3631227251792,1.1652709728857644,-0.082562716018988458,,converged,newton,,converged,,converged,,compared_not_calibrated
SPX,SPX270319P06850000,2027-03-19,AM,2027-03-19T09:30:00-04:00,put,6850,122.90000000000001,124.09999999999999,56,95,2,2861,0.2107,118.13,2026-09-09T14:39:57,7636.3599000000004,2026-09-09T16:14:59,2026-09-09T16:14:59-04:00,2026-09-10 12:42:18,2026-09-10T12:42:45.552283+00:00,https://cdn.cboe.com/api/global/delayed_quotes/options/_SPX.json,2947,0.52251715499746321,123.5,0.0097165991902833093,0.89702424842495965,inverted,,0.039773928749996877,0.006893328954972279,7768.6912524819518,0.20992241653913718,0.20951021562366365,0.21033406608848029,3.637978807091713e-12,5,1456.5778154398829,1.1340375392533133,-0.077758346086281849,,converged,newton,,converged,,converged,,compared_not_calibrated
SPX,SPX270319P06900000,2027-03-19,AM,2027-03-19T09:30:00-04:00,put,6900,129.30000000000001,130.5,86,181,22,9509,0.2074,125.59999999999999,2026-09-09T15:59:10,7636.3599000000004,2026-09-09T16:14:59,2026-09-09T16:14:59-04:00,2026-09-10 12:42:18,2026-09-10T12:42:45.552283+00:00,https://cdn.cboe.com/api/global/delayed_quotes/options/_SPX.json,2949,0.52251715499746321,129.90000000000001,0.0092378752886835142,0.90357187067623668,inverted,,0.039773928749996877,0.006893328954972279,7768.6912524819518,0.20661325706878611,0.20621425175004923,0.20701178151802258,1.4495071809506044e-12,5,1504.6485321500204,1.1851754911004662,-0.078674293121389072,,converged,newton,,converged,,converged,,compared_not_calibrated
SPX,SPX270319P06950000,2027-03-19,AM,2027-03-19T09:30:00-04:00,put,6950,136,137.30000000000001,192,82,192,2478,0.2041,131.06,2026-09-09T15:06:11,7636.3599000000004,2026-09-09T16:14:59,2026-09-09T16:14:59-04:00,2026-09-10 12:42:18,2026-09-10T12:42:45.552283+00:00,https://cdn.cboe.com/api/global/delayed_quotes/options/_SPX.json,2951,0.52251715499746321,136.65000000000001,0.009513355287230232,0.91011949292751371,inverted,,0.039773928749996877,0.006893328954972279,7768.6912524819518,0.20329630130251281,0.20287756941461751,0.20371454314791149,9.9475983006414026e-13,5,1553.2174178479929,1.249717903621189,-0.080369869748719847,,converged,newton,,converged,,converged,,compared_not_calibrated
SPX,SPX270319P07000000,2027-03-19,AM,2027-03-19T09:30:00-04:00,put,7000,143.09999999999999,144.5,155,88,5526,79729,0.20080000000000001,137.08000000000001,2026-09-09T15:27:28,7636.3599000000004,2026-09-09T16:14:59,2026-09-09T16:14:59-04:00,2026-09-10 12:42:18,2026-09-10T12:42:45.552283+00:00,https://cdn.cboe.com/api/global/delayed_quotes/options/_SPX.json,2953,0.52251715499746321,143.80000000000001,0.0097357440890125553,0.91666711517879085,inverted,,0.039773928749996877,0.006893328954972279,7768.6912524819518,0.19998844070318619,0.19955130165998139,0.20042508893565422,-7.3896444519050419e-13,5,1602.2232975283971,1.3016513202696274,-0.0811559296813813,-1.6307408500060774,converged,newton,,converged,,converged,,compared_not_calibrated
SPX,SPX270319P07025000,2027-03-19,AM,2027-03-19T09:30:00-04:00,put,7025,146.90000000000001,148.40000000000001,112,138,33,760,0.19919999999999999,141.69999999999999,2026-09-09T14:07:19,7636.3599000000004,2026-09-09T16:14:59,2026-09-09T16:14:59-04:00,2026-09-10 12:42:18,2026-09-10T12:42:45.552283+00:00,https://cdn.cboe.com/api/global/delayed_quotes/options/_SPX.json,2954,0.52251715499746321,147.65000000000001,0.01015916017609211,0.91994092630442936,inverted,,0.039773928749996877,0.006893328954972279,7768.6912524819518,0.19840957119097843,0.19794837400444576,0.19887024674969503,5.4001247917767614e-13,5,1627.1254873393937,1.2873705755449407,-0.079042880902155388,,converged,newton,,converged,,converged,,compared_not_calibrated
SPX,SPX270319P07075000,2027-03-19,AM,2027-03-19T09:30:00-04:00,put,7075,154.69999999999999,156.19999999999999,96,98,4,835,0.19589999999999999,146.56999999999999,2026-09-09T10:29:15,7636.3599000000004,2026-09-09T16:14:59,2026-09-09T16:14:59-04:00,2026-09-10 12:42:18,2026-09-10T12:42:45.552283+00:00,https://cdn.cboe.com/api/global/delayed_quotes/options/_SPX.json,2956,0.52251715499746321,155.44999999999999,0.0096494049533612097,0.9264885485557065,inverted,,0.039773928749996877,0.006893328954972279,7768.6912524819518,0.19511229414007686,0.19466469271906456,0.19555944949251688,-1.7053025658242404e-13,5,1676.4357447629648,1.3216933345041184,-0.078770585992313236,,converged,newton,,converged,,converged,,compared_not_calibrated
SPX,SPX270319P07100000,2027-03-19,AM,2027-03-19T09:30:00-04:00,put,7100,158.80000000000001,160.30000000000001,166,145,1141,5364,0.19420000000000001,153.66,2026-09-09T13:18:55,7636.3599000000004,2026-09-09T16:14:59,2026-09-09T16:14:59-04:00,2026-09-10 12:42:18,2026-09-10T12:42:45.552283+00:00,https://cdn.cboe.com/api/global/delayed_quotes/options/_SPX.json,2957,0.52251715499746321,159.55000000000001,0.0094014415543716701,0.92976235968134502,inverted,,0.039773928749996877,0.006893328954972279,7768.6912524819518,0.1934818896071821,0.19304080415324679,0.19392256389672866,1.7053025658242404e-13,5,1701.1459926141395,1.222535422338467,-0.071811039281791111,,converged,newton,,converged,,converged,,compared_not_calibrated
SPX,SPX270319P07150000,2027-03-19,AM,2027-03-19T09:30:00-04:00,put,7150,167.30000000000001,168.90000000000001,132,118,89,2623,0.191,161.09999999999999,2026-09-09T15:49:15,7636.3599000000004,2026-09-09T16:14:59,2026-09-09T16:14:59-04:00,2026-09-10 12:42:18,2026-09-10T12:42:45.552283+00:00,https://cdn.cboe.com/api/global/delayed_quotes/options/_SPX.json,2959,0.52251715499746321,168.10000000000002,0.0095181439619273899,0.93630998193262205,inverted,,0.039773928749996877,0.006893328954972279,7768.6912524819518,0.19021560051279734,0.18975835617108816,0.19067244998002175,-1.1368683772161603e-13,5,1750.3696801345748,1.3740032328972802,-0.078439948720265829,,converged,newton,,converged,,converged,,compared_not_calibrated
SPX,SPX270319P07175000,2027-03-19,AM,2027-03-19T09:30:00-04:00,put,7175,171.80000000000001,173.40000000000001,131,104,314,2275,0.18940000000000001,167.18000000000001,2026-09-09T16:12:10,7636.3599000000004,2026-09-09T16:14:59,2026-09-09T16:14:59-04:00,2026-09-10 12:42:18,2026-09-10T12:42:45.552283+00:00,https://cdn.cboe.com/api/global/delayed_quotes/options/_SPX.json,2960,0.52251715499746321,172.60000000000002,0.0092699884125144495,0.93958379305826056,inverted,,0.039773928749996877,0.006893328954972279,7768.6912524819518,0.18860354761644571,0.18815263588986827,0.18905409807031492,3.4106051316484809e-13,5,1774.8963162969362,1.4146176414006959,-0.079645238355430248,,converged,newton,,converged,,converged,,compared_not_calibrated
SPX,SPX270319P07200000,2027-03-19,AM,2027-03-19T09:30:00-04:00,put,7200,176.5,178,103,140,41,9470,0.18779999999999999,171.30000000000001,2026-09-09T16:01:59,7636.3599000000004,2026-09-09T16:14:59,2026-09-09T16:14:59-04:00,2026-09-10 12:42:18,2026-09-10T12:42:45.552283+00:00,https://cdn.cboe.com/api/global/delayed_quotes/options/_SPX.json,2961,0.52251715499746321,177.25,0.0084626234132581107,0.94285760418389919,inverted,,0.039773928749996877,0.006893328954972279,7768.6912524819518,0.18700171190415907,0.18658473783266036,0.18741839635664304,2.2737367544323206e-13,5,1799.2995722969847,1.4373113618667048,-0.079828809584092664,,converged,newton,,converged,,converged,,compared_not_calibrated
SPX,SPX270319P07250000,2027-03-19,AM,2027-03-19T09:30:00-04:00,put,7250,186.19999999999999,187.69999999999999,90,96,3,2730,0.18459999999999999,180.90000000000001,2026-09-09T15:55:41,7636.3599000000004,2026-09-09T16:14:59,2026-09-09T16:14:59-04:00,2026-09-10 12:42:18,2026-09-10T12:42:45.552283+00:00,https://cdn.cboe.com/api/global/delayed_quotes/options/_SPX.json,2963,0.52251715499746321,186.94999999999999,0.0080235357047338859,0.94940522643517622,inverted,,0.039773928749996877,0.006893328954972279,7768.6912524819518,0.1837905822932315,0.18338449980608254,0.18419642615171677,-1.7053025658242404e-13,5,1847.4596570664642,1.4962392391105936,-0.080941770676848379,,converged,newton,,converged,,converged,,compared_not_calibrated
SPX,SPX270319P07300000,2027-03-19,AM,2027-03-19T09:30:00-04:00,put,7300,196.5,198.09999999999999,99,121,1000,7249,0.18140000000000001,192.84999999999999,2026-09-09T11:52:25,7636.3599000000004,2026-09-09T16:14:59,2026-09-09T16:14:59-04:00,2026-09-10 12:42:18,2026-09-10T12:42:45.552283+00:00,https://cdn.cboe.com/api/global/delayed_quotes/options/_SPX.json,2965,0.52251715499746321,197.30000000000001,0.0081094779523567875,0.95595284868645325,inverted,,0.039773928749996877,0.006893328954972279,7768.6912524819518,0.18061560599932872,0.18019324066391018,0.18103775128271013,-7.3896444519050419e-13,5,1894.5897289443656,1.4868211836630394,-0.078439400067129017,,converged,newton,,converged,,converged,,compared_not_calibrated
SPX,SPX270319P07350000,2027-03-19,AM,2027-03-19T09:30:00-04:00,put,7350,207.5,209.09999999999999,86,112,8,2226,0.1782,196.63,2026-09-09T10:29:15,7636.3599000000004,2026-09-09T16:14:59,2026-09-09T16:14:59-04:00,2026-09-10 12:42:18,2026-09-10T12:42:45.552283+00:00,https://cdn.cboe.com/api/global/delayed_quotes/options/_SPX.json,2967,0.52251715499746321,208.30000000000001,0.0076812289966394342,0.96250047093773039,inverted,,0.039773928749996877,0.006893328954972279,7768.6912524819518,0.17745426450916985,0.17704185412160423,0.17786650012335706,6.2527760746888816e-13,5,1940.227569194712,1.4474489208207046,-0.074573549083015167,,converged,newton,,converged,,converged,,compared_not_calibrated
SPX,SPX270319P07400000,2027-03-19,AM,2027-03-19T09:30:00-04:00,put,7400,219.30000000000001,220.90000000000001,54,151,81,6561,0.17510000000000001,212.71000000000001,2026-09-09T15:53:21,7636.3599000000004,2026-09-09T16:14:59,2026-09-09T16:14:59-04:00,2026-09-10 12:42:18,2026-09-10T12:42:45.552283+00:00,https://cdn.cboe.com/api/global/delayed_quotes/options/_SPX.json,2969,0.52251715499746321,220.10000000000002,0.0072694229895501781,0.96904809318900742,inverted,,0.039773928749996877,0.006893328954972279,7768.6912524819518,0.17436057668254329,0.17395728719484788,0.17476373110011512,-5.6843418860808015e-13,5,1984.0198329694167,1.4674792244594528,-0.073942331745671663,-0.55797725000343235,converged,newton,,converged,,converged,,compared_not_calibrated
SPX,SPX270319P07500000,2027-03-19,AM,2027-03-19T09:30:00-04:00,put,7500,245.19999999999999,246.80000000000001,6,132,264,11887,0.16900000000000001,238.53,2026-09-09T15:58:27,7636.3599000000004,2026-09-09T16:14:59,2026-09-09T16:14:59-04:00,2026-09-10 12:42:18,2026-09-10T12:42:45.552283+00:00,https://cdn.cboe.com/api/global/delayed_quotes/options/_SPX.json,2973,0.52251715499746321,246,0.0065040650406504993,0.98214333769156159,inverted,,0.039773928749996877,0.006893328954972279,7768.6912524819518,0.16822656285990487,0.16783887042466133,0.1686141837520336,7.3214323492720723e-11,4,2063.6822853835156,1.5964209883027252,-0.077343714009514564,-0.41478635000203212,converged,newton,,converged,,converged,,compared_not_calibrated
SPX,SPX270319P07550000,2027-03-19,AM,2027-03-19T09:30:00-04:00,put,7550,259.39999999999998,261.10000000000002,22,102,1,3072,0.16600000000000001,245.84999999999999,2026-09-09T09:37:44,7636.3599000000004,2026-09-09T16:14:59,2026-09-09T16:14:59-04:00,2026-09-10 12:42:18,2026-09-10T12:42:45.552283+00:00,https://cdn.cboe.com/api/global/delayed_quotes/options/_SPX.json,2975,0.52251715499746321,260.25,0.0065321805955813467,0.98869095994283873,inverted,,0.039773928749996877,0.006893328954972279,7768.6912524819518,0.16521153300006683,0.16480644089598304,0.16561657186850637,2.2737367544323206e-12,4,2098.4265083417799,1.6547506083124972,-0.078846699993317948,-0.29319090000137749,converged,newton,,converged,,converged,,compared_not_calibrated
SPX,SPX270319P07600000,2027-03-19,AM,2027-03-19T09:30:00-04:00,put,7600,274.60000000000002,276.30000000000001,25,136,11,7922,0.16309999999999999,265.56999999999999,2026-09-09T15:06:11,7636.3599000000004,2026-09-09T16:14:59,2026-09-09T16:14:59-04:00,2026-09-10 12:42:18,2026-09-10T12:42:45.552283+00:00,https://cdn.cboe.com/api/global/delayed_quotes/options/_SPX.json,2977,0.52251715499746321,275.45000000000005,0.0061717190052640713,0.99523858219411576,inverted,,0.039773928749996877,0.006893328954972279,7768.6912524819518,0.16223746720407187,0.16183818800281294,0.16263671535076218,-2.2737367544323206e-13,4,2128.9191836647756,1.8364159606360317,-0.086253279592812815,,converged,newton,,converged,,converged,,compared_not_calibrated
SPX,SPX270319P07625000,2027-03-19,AM,2027-03-19T09:30:00-04:00,put,7625,282.5,284.39999999999998,53,76,136,1737,0.16159999999999999,274.95999999999998,2026-09-09T15:52:08,7636.3599000000004,2026-09-09T16:14:59,2026-09-09T16:14:59-04:00,2026-09-10 12:42:18,2026-09-10T12:42:45.552283+00:00,https://cdn.cboe.com/api/global/delayed_quotes/options/_SPX.json,2978,0.52251715499746321,283.44999999999999,0.006703122243781892,0.99851239331975428,inverted,,0.039773928749996877,0.006893328954972279,7768.6912524819518,0.16077829242997771,0.16033484169293144,0.16122171573628322,2.8421709430404007e-13,4,2142.3563033379087,1.7604906739582589,-0.082170757002228423,,converged,newton,,converged,,converged,,compared_not_calibrated
SPX,SPX270319P07650000,2027-03-19,AM,2027-03-19T09:30:00-04:00,put,7650,291,292.69999999999999,3,119,1061,3397,0.16020000000000001,279.32999999999998,2026-09-09T15:27:28,7636.3599000000004,2026-09-09T16:14:59,2026-09-09T16:14:59-04:00,2026-09-10 12:42:18,2026-09-10T12:42:45.552283+00:00,https://cdn.cboe.com/api/global/delayed_quotes/options/_SPX.json,2979,0.52251715499746321,291.85000000000002,0.0058249100565358524,1.0017862044453929,inverted,,0.039773928749996877,0.006893328954972279,7768.6912524819518,0.15939514764652632,0.15900061272285393,0.15978966837494452,3.4106051316484809e-13,4,2154.4742693008084,1.734096910227322,-0.080485235347368955,-9.0949470177292824e-13,converged,newton,,converged,,converged,,compared_not_calibrated
SPX,SPX270319P07675000,2027-03-19,AM,2027-03-19T09:30:00-04:00,put,7675,299.39999999999998,301.30000000000001,38,73,4,854,0.1588,289.60000000000002,2026-09-09T13:48:33,7636.3599000000004,2026-09-09T16:14:59,2026-09-09T16:14:59-04:00,2026-09-10 12:42:18,2026-09-10T12:42:45.552283+00:00,https://cdn.cboe.com/api/global/delayed_quotes/options/_SPX.json,2980,0.52251715499746321,300.35000000000002,0.0063259530547695488,1.0050600155710314,inverted,,0.039773928749996877,0.006893328954972279,7768.6912524819518,0.15794534810462976,0.15750657411077404,0.15838411230416305,-1.1368683772161603e-13,4,2165.1480304725196,1.8504877633198475,-0.085465189537023423,0.28579772499938372,converged,newton,,converged,,converged,,compared_not_calibrated
SPX,SPX270319P07700000,2027-03-19,AM,2027-03-19T09:30:00-04:00,put,7700,308.30000000000001,310.10000000000002,14,120,10,4881,0.1575,300,2026-09-09T15:52:10,7636.3599000000004,2026-09-09T16:14:59,2026-09-09T16:14:59-04:00,2026-09-10 12:42:18,2026-09-10T12:42:45.552283+00:00,https://cdn.cboe.com/api/global/delayed_quotes/options/_SPX.json,2981,0.52251715499746321,309.20000000000005,0.0058214747736093503,1.0083338266966699,inverted,,0.039773928749996877,0.006893328954972279,7768.6912524819518,0.15654184580651853,0.15612791939868581,0.15695576897548444,9.2995833256281912e-11,3,2174.3081062609931,2.0833410164107136,-0.095815419348146968,0.2715954499997224,converged,newton,,converged,,converged,,compared_not_calibrated
SPX,SPX270319P07725000,2027-03-19,AM,2027-03-19T09:30:00-04:00,put,7725,317.30000000000001,319.30000000000001,23,69,3,1283,0.15609999999999999,310.10000000000002,2026-09-09T13:05:17,7636.3599000000004,2026-09-09T16:14:59,2026-09-09T16:14:59-04:00,2026-09-10 12:42:18,2026-09-10T12:42:45.552283+00:00,https://cdn.cboe.com/api/global/delayed_quotes/options/_SPX.json,2982,0.52251715499746321,318.30000000000001,0.0062833804586867733,1.0116076378223084,inverted,,0.039773928749996877,0.006893328954972279,7768.6912524819518,0.15513529771209114,0.15467697246678713,0.15559362378934999,1.7053025658242404e-13,3,2181.8547379990005,2.1048360915467015,-0.096470228790884738,,converged,newton,,converged,,converged,,compared_not_calibrated
SPX,SPX270319P07750000,2027-03-19,AM,2027-03-19T09:30:00-04:00,put,7750,327,328.80000000000001,41,83,1,4404,0.1547,315.89999999999998,2026-09-09T11:04:06,7636.3599000000004,2026-09-09T16:14:59,2026-09-09T16:14:59-04:00,2026-09-10 12:42:18,2026-09-10T12:42:45.552283+00:00,https://cdn.cboe.com/api/global/delayed_quotes/options/_SPX.json,2983,0.52251715499746321,327.89999999999998,0.0054894784995425782,1.014881448947947,inverted,,0.039773928749996877,0.006893328954972279,7768.6912524819518,0.15383706120377377,0.15342567017937231,0.15424845511298538,1.1368683772161603e-13,3,2187.6919911228501,1.8878303647212533,-0.086293879622623137,,converged,newton,,converged,,converged,,compared_not_calibrated
SPX,SPX270319C07800000,2027-03-19,AM,2027-03-19T09:30:00-04:00,call,7800,316.89999999999998,318.5,19,13,135,7775,0.15190000000000001,326.37,2026-09-09T13:40:18,7636.3599000000004,2026-09-09T16:14:59,2026-09-09T16:14:59-04:00,2026-09-10 12:42:18,2026-09-10T12:42:45.552283+00:00,https://cdn.cboe.com/api/global/delayed_quotes/options/_SPX.json,2757,0.52251715499746321,317.69999999999999,0.0050361976707586492,1.021429071199224,inverted,,0.039773928749996877,0.006893328954972279,7768.6912524819518,0.15144463968138738,0.15107998902387759,0.15180929178428901,-1.7053025658242404e-13,3,2193.876257918253,0.99900170878601102,-0.045536031861262427,0.56478635000024724,converged,newton,,converged,,converged,,compared_not_calibrated
SPX,SPX270319C07825000,2027-03-19,AM,2027-03-19T09:30:00-04:00,call,7825,303.10000000000002,304.80000000000001,11,17,114,1148,0.1507,314.74000000000001,2026-09-09T15:18:03,7636.3599000000004,2026-09-09T16:14:59,2026-09-09T16:14:59-04:00,2026-09-10 12:42:18,2026-09-10T12:42:45.552283+00:00,https://cdn.cboe.com/api/global/delayed_quotes/options/_SPX.json,2758,0.52251715499746321,303.95000000000005,0.0055930251686132203,1.0247028823248625,inverted,,0.039773928749996877,0.006893328954972279,7768.6912524819518,0.15028627397511968,0.14989886522717569,0.15067368125583677,1.1368683772161603e-12,3,2194.0692598513651,0.90774537033280467,-0.041372602488032317,0.80058407500058593,converged,newton,,converged,,converged,,compared_not_calibrated
SPX,SPX270319C07850000,2027-03-19,AM,2027-03-19T09:30:00-04:00,call,7850,289.39999999999998,291.10000000000002,19,18,1,2421,0.14949999999999999,299.10000000000002,2026-09-09T10:19:32,7636.3599000000004,2026-09-09T16:14:59,2026-09-09T16:14:59-04:00,2026-09-10 12:42:18,2026-09-10T12:42:45.552283+00:00,https://cdn.cboe.com/api/global/delayed_quotes/options/_SPX.json,2759,0.52251715499746321,290.25,0.005857019810508339,1.0279766934505012,inverted,,0.039773928749996877,0.006893328954972279,7768.6912524819518,0.14901978428132726,0.14863204674065042,0.14940751532329954,4.5474735088646412e-13,4,2192.2229959035349,1.0527508118670994,-0.048021571867273849,0.78638180000086777,converged,newton,,converged,,converged,,compared_not_calibrated
SPX,SPX270319C07900000,2027-03-19,AM,2027-03-19T09:30:00-04:00,call,7900,263.30000000000001,265,22,26,17,4214,0.14710000000000001,270.55000000000001,2026-09-09T15:56:09,7636.3599000000004,2026-09-09T16:14:59,2026-09-09T16:14:59-04:00,2026-09-10 12:42:18,2026-09-10T12:42:45.552283+00:00,https://cdn.cboe.com/api/global/delayed_quotes/options/_SPX.json,2761,0.52251715499746321,264.14999999999998,0.0064357372704902096,1.0345243157017783,inverted,,0.039773928749996877,0.006893328954972279,7768.6912524819518,0.14667764408904194,0.14628810901943892,0.14706715621463717,-3.4106051316484809e-13,4,2182.1529784945333,0.92167454229058876,-0.042235591095807212,0.90797725000152241,converged,newton,,converged,,converged,,compared_not_calibrated
SPX,SPX270319C08000000,2027-03-19,AM,2027-03-19T09:30:00-04:00,call,8000,215.40000000000001,217,56,27,5519,45707,0.1426,221.71000000000001,2026-09-09T15:53:21,7636.3599000000004,2026-09-09T16:14:59,2026-09-09T16:14:59-04:00,2026-09-10 12:42:18,2026-09-10T12:42:45.552283+00:00,https://cdn.cboe.com/api/global/delayed_quotes/options/_SPX.json,2765,0.52251715499746321,216.19999999999999,0.0074005550416280964,1.0476195602043323,inverted,,0.039773928749996877,0.006893328954972279,7768.6912524819518,0.14227267705625596,0.14189793758924993,0.14264733881290981,2.8421709430404007e-13,5,2135.0385200264154,0.69891024998406692,-0.032732294374404614,1.2511681500020018,converged,newton,,converged,,converged,,compared_not_calibrated
SPX,SPX270319C08050000,2027-03-19,AM,2027-03-19T09:30:00-04:00,call,8050,193.80000000000001,195.5,15,33,4,2749,0.1406,201.80000000000001,2026-09-09T13:43:08,7636.3599000000004,2026-09-09T16:14:59,2026-09-09T16:14:59-04:00,2026-09-10 12:42:18,2026-09-10T12:42:45.552283+00:00,https://cdn.cboe.com/api/global/delayed_quotes/options/_SPX.json,2767,0.52251715499746321,194.65000000000001,0.0087336244541484122,1.0541671824556094,inverted,,0.039773928749996877,0.006893328954972279,7768.6912524819518,0.14033117877162088,0.13992590596068377,0.1407363107251661,5.4001247917767614e-13,5,2097.7183507266873,0.56397612528425611,-0.026882122837912359,,converged,newton,,converged,,converged,,compared_not_calibrated
SPX,SPX270319C08075000,2027-03-19,AM,2027-03-19T09:30:00-04:00,call,8075,183.5,185.19999999999999,63,33,32,453,0.13969999999999999,188.69999999999999,2026-09-09T15:55:18,7636.3599000000004,2026-09-09T16:14:59,2026-09-09T16:14:59-04:00,2026-09-10 12:42:18,2026-09-10T12:42:45.552283+00:00,https://cdn.cboe.com/api/global/delayed_quotes/options/_SPX.json,2768,0.52251715499746321,184.34999999999999,0.0092215893680498429,1.0574409935812481,inverted,,0.039773928749996877,0.006893328954972279,7768.6912524819518,0.13936208621876184,0.13895246548012816,0.1397715326639957,-8.5265128291212022e-14,5,2075.5332700489653,0.70147414771864192,-0.033791378123815274,,converged,newton,,converged,,converged,,compared_not_calibrated
SPX,SPX270319C08100000,2027-03-19,AM,2027-03-19T09:30:00-04:00,call,8100,173.59999999999999,175.40000000000001,65,51,1,6801,0.13880000000000001,180.90000000000001,2026-09-09T14:35:31,7636.3599000000004,2026-09-09T16:14:59,2026-09-09T16:14:59-04:00,2026-09-10 12:42:18,2026-09-10T12:42:45.552283+00:00,https://cdn.cboe.com/api/global/delayed_quotes/options/_SPX.json,2769,0.52251715499746321,174.5,0.010315186246418404,1.0607148047068866,inverted,,0.039773928749996877,0.006893328954972279,7768.6912524819518,0.13845811598894209,0.1380192195739457,0.13889677377937992,0,5,2051.1573502680294,0.70140612605337083,-0.03418840110579191,,converged,newton,,converged,,converged,,compared_not_calibrated
SPX,SPX270319C08125000,2027-03-19,AM,2027-03-19T09:30:00-04:00,call,8125,164.09999999999999,165.80000000000001,96,28,6,647,0.13789999999999999,169.80000000000001,2026-09-09T15:56:10,7636.3599000000004,2026-09-09T16:14:59,2026-09-09T16:14:59-04:00,2026-09-10 12:42:18,2026-09-10T12:42:45.552283+00:00,https://cdn.cboe.com/api/global/delayed_quotes/options/_SPX.json,2770,0.52251715499746321,164.94999999999999,0.010306153379812168,1.0639886158325251,inverted,,0.039773928749996877,0.006893328954972279,7768.6912524819518,0.13754716964073613,0.13712717641789479,0.13796690530988279,-1.7053025658242404e-13,5,2024.4650948084238,0.71447640079878738,-0.035283035926386708,,converged,newton,,converged,,converged,,compared_not_calibrated
SPX,SPX270319C08150000,2027-03-19,AM,2027-03-19T09:30:00-04:00,call,8150,155.19999999999999,156.69999999999999,115,43,2,2838,0.1371,161.71000000000001,2026-09-09T15:39:37,7636.3599000000004,2026-09-09T16:14:59,2026-09-09T16:14:59-04:00,2026-09-10 12:42:18,2026-09-10T12:42:45.552283+00:00,https://cdn.cboe.com/api/global/delayed_quotes/options/_SPX.json,2771,0.52251715499746321,155.94999999999999,0.0096184674575184367,1.0672624269581636,inverted,,0.039773928749996877,0.006893328954972279,7768.6912524819518,0.13675402088517291,0.13637812864810997,0.13712967304114188,2.8421709430404007e-13,5,1995.892129761661,0.69073961303212172,-0.034597911482708854,,converged,newton,,converged,,converged,,compared_not_calibrated
SPX,SPX270319C08175000,2027-03-19,AM,2027-03-19T09:30:00-04:00,call,8175,146.40000000000001,148,108,29,6,425,0.13619999999999999,153.30000000000001,2026-09-09T13:42:41,7636.3599000000004,2026-09-09T16:14:59,2026-09-09T16:14:59-04:00,2026-09-10 12:42:18,2026-09-10T12:42:45.552283+00:00,https://cdn.cboe.com/api/global/delayed_quotes/options/_SPX.json,2772,0.52251715499746321,147.19999999999999,0.010869565217391266,1.0705362380838022,inverted,,0.039773928749996877,0.006893328954972279,7768.6912524819518,0.13593151352043406,0.13552423889887233,0.13633846287327617,-1.7053025658242404e-13,5,1965.0640710092928,0.527731877261715,-0.026848647956592697,,converged,newton,,converged,,converged,,compared_not_calibrated
SPX,SPX270319C08200000,2027-03-19,AM,2027-03-19T09:30:00-04:00,call,8200,138.09999999999999,139.59999999999999,112,37,12,10043,0.13550000000000001,144.11000000000001,2026-09-09T15:39:37,7636.3599000000004,2026-09-09T16:14:59,2026-09-09T16:14:59-04:00,2026-09-10 12:42:18,2026-09-10T12:42:45.552283+00:00,https://cdn.cboe.com/api/global/delayed_quotes/options/_SPX.json,2773,0.52251715499746321,138.84999999999999,0.010803024846957148,1.0738100492094407,inverted,,0.039773928749996877,0.006893328954972279,7768.6912524819518,0.13515632403585118,0.13476801944974973,0.13554429034760831,-8.5265128291212022e-14,5,1932.3180615619494,0.66434692052999367,-0.034367596414883184,2.0875499500037904,converged,newton,,converged,,converged,,compared_not_calibrated
SPX,SPX270319C08225000,2027-03-19,AM,2027-03-19T09:30:00-04:00,call,8225,130.09999999999999,131.69999999999999,20,52,4,374,0.13469999999999999,138.90000000000001,2026-09-09T10:32:00,7636.3599000000004,2026-09-09T16:14:59,2026-09-09T16:14:59-04:00,2026-09-10 12:42:18,2026-09-10T12:42:45.552283+00:00,https://cdn.cboe.com/api/global/delayed_quotes/options/_SPX.json,2774,0.52251715499746321,130.89999999999998,0.012223071046600417,1.0770838603350792,inverted,,0.039773928749996877,0.006893328954972279,7768.6912524819518,0.13443170036240129,0.13400993116723955,0.1348530166424122,1.0231815394945443e-12,5,1897.7949245236164,0.50935147562734073,-0.026829963759869568,,converged,newton,,converged,,converged,,compared_not_calibrated
SPX,SPX270319C08250000,2027-03-19,AM,2027-03-19T09:30:00-04:00,call,8250,122.59999999999999,124.09999999999999,152,64,1,2601,0.1341,130.90000000000001,2026-09-09T10:32:00,7636.3599000000004,2026-09-09T16:14:59,2026-09-09T16:14:59-04:00,2026-09-10 12:42:18,2026-09-10T12:42:45.552283+00:00,https://cdn.cboe.com/api/global/delayed_quotes/options/_SPX.json,2775,0.52251715499746321,123.34999999999999,0.012160518848804217,1.0803576714607177,inverted,,0.039773928749996877,0.006893328954972279,7768.6912524819518,0.13376161976489662,0.1333585194001827,0.13416425399147941,8.2422957348171622e-13,5,1861.6593111699362,0.63025413707205757,-0.033838023510338044,,converged,newton,,converged,,converged,,compared_not_calibrated
SPX,SPX270319C08300000,2027-03-19,AM,2027-03-19T09:30:00-04:00,call,8300,108.5,109.90000000000001,196,83,3,7484,0.1328,113.8,2026-09-09T14:35:31,7636.3599000000004,2026-09-09T16:14:59,2026-09-09T16:14:59-04:00,2026-09-10 12:42:18,2026-09-10T12:42:45.552283+00:00,https://cdn.cboe.com/api/global/delayed_quotes/options/_SPX.json,2777,0.52251715499746321,109.2,0.012820512820512872,1.0869052937119947,inverted,,0.039773928749996877,0.006893328954972279,7768.6912524819518,0.13246503737195039,0.13207248035577052,0.13285704254647496,4.2632564145606011e-14,5,1784.4396212559961,0.59807880421799098,-0.033496262804960653,,converged,newton,,converged,,converged,,compared_not_calibrated
SPX,SPX270319C08350000,2027-03-19,AM,2027-03-19T09:30:00-04:00,call,8350,95.700000000000003,97.099999999999994,112,45,160,1334,0.13159999999999999,101.34999999999999,2026-09-09T15:15:57,7636.3599000000004,2026-09-09T16:14:59,2026-09-09T16:14:59-04:00,2026-09-10 12:42:18,2026-09-10T12:42:45.552283+00:00,https://cdn.cboe.com/api/global/delayed_quotes/options/_SPX.json,2779,0.52251715499746321,96.400000000000006,0.014522821576763396,1.093452915963272,inverted,,0.039773928749996877,0.006893328954972279,7768.6912524819518,0.13129592436541765,0.13088424701849657,0.13170685975600821,7.58859641791787e-12,5,1701.9010660411011,0.51785106936117131,-0.030407563458234588,,converged,newton,,converged,,converged,,compared_not_calibrated
SPX,SPX270319C08375000,2027-03-19,AM,2027-03-19T09:30:00-04:00,call,8375,89.799999999999997,91.299999999999997,152,96,2,426,0.13109999999999999,93.900000000000006,2026-09-09T16:00:44,7636.3599000000004,2026-09-09T16:14:59,2026-09-09T16:14:59-04:00,2026-09-10 12:42:18,2026-09-10T12:42:45.552283+00:00,https://cdn.cboe.com/api/global/delayed_quotes/options/_SPX.json,2780,0.52251715499746321,90.549999999999997,0.016565433462175594,1.0967267270889105,inverted,,0.039773928749996877,0.006893328954972279,7768.6912524819518,0.13079774827717891,0.13034526326540261,0.13124924999882809,3.7701397559430916e-11,5,1659.3252707712711,0.50189804824772466,-0.030225172282108415,,converged,newton,,converged,,converged,,compared_not_calibrated
SPX,SPX270319C08425000,2027-03-19,AM,2027-03-19T09:30:00-04:00,call,8425,78.799999999999997,80.400000000000006,228,97,7,508,0.13009999999999999,82.700000000000003,2026-09-09T15:44:26,7636.3599000000004,2026-09-09T16:14:59,2026-09-09T16:14:59-04:00,2026-09-10 12:42:18,2026-09-10T12:42:45.552283+00:00,https://cdn.cboe.com/api/global/delayed_quotes/options/_SPX.json,2782,0.52251715499746321,79.599999999999994,0.020100502512562922,1.1032743493401875,inverted,,0.039773928749996877,0.006893328954972279,7768.6912524819518,0.12979073908502292,0.12928072962935189,0.1302992597087462,-8.5265128291212022e-14,6,1570.9047809716351,0.48624991372722093,-0.030926091497707198,,converged,newton,,converged,,converged,,compared_not_calibrated
SPX,SPX270319C08475000,2027-03-19,AM,2027-03-19T09:30:00-04:00,call,8475,69.099999999999994,70.5,217,32,100,521,0.12920000000000001,72.620000000000005,2026-09-09T15:57:12,7636.3599000000004,2026-09-09T16:14:59,2026-09-09T16:14:59-04:00,2026-09-10 12:42:18,2026-09-10T12:42:45.552283+00:00,https://cdn.cboe.com/api/global/delayed_quotes/options/_SPX.json,2784,0.52251715499746321,69.799999999999997,0.020057306590257961,1.1098219715914646,inverted,,0.039773928749996877,0.006893328954972279,7768.6912524819518,0.1288929937959554,0.12841929056182688,0.12936518697296404,-4.2632564145606011e-14,6,1480.0912331441182,0.45486727201951282,-0.03070062040446131,,converged,newton,,converged,,converged,,compared_not_calibrated
SPX,SPX270319C08500000,2027-03-19,AM,2027-03-19T09:30:00-04:00,call,8500,64.599999999999994,66,221,92,912,10086,0.1288,68.5,2026-09-09T15:35:27,7636.3599000000004,2026-09-09T16:14:59,2026-09-09T16:14:59-04:00,2026-09-10 12:42:18,2026-09-10T12:42:45.552283+00:00,https://cdn.cboe.com/api/global/delayed_quotes/options/_SPX.json,2785,0.52251715499746321,65.299999999999997,0.021439509954058279,1.1130957827171031,inverted,,0.039773928749996877,0.006893328954972279,7768.6912524819518,0.12847982578009318,0.12799084934732544,0.12896706609323713,-2.7000623958883807e-13,6,1434.123515848064,0.4597040889597821,-0.032017421990682138,,converged,newton,,converged,,converged,,compared_not_calibrated
SPX,SPX270319C08525000,2027-03-19,AM,2027-03-19T09:30:00-04:00,call,8525,60.399999999999999,61.700000000000003,239,33,51,346,0.12839999999999999,64.200000000000003,2026-09-09T15:33:36,7636.3599000000004,2026-09-09T16:14:59,2026-09-09T16:14:59-04:00,2026-09-10 12:42:18,2026-09-10T12:42:45.552283+00:00,https://cdn.cboe.com/api/global/delayed_quotes/options/_SPX.json,2786,0.52251715499746321,61.049999999999997,0.021294021294021366,1.1163695938427416,inverted,,0.039773928749996877,0.006893328954972279,7768.6912524819518,0.12808742152965738,0.12761823873847028,0.128554884046401,6.3948846218409017e-13,6,1387.9475940425395,0.43437348352740912,-0.0312578470342606,,converged,newton,,converged,,converged,,compared_not_calibrated
SPX,SPX270319C08550000,2027-03-19,AM,2027-03-19T09:30:00-04:00,call,8550,56.5,57.700000000000003,189,35,140,469,0.12809999999999999,59.920000000000002,2026-09-09T15:49:01,7636.3599000000004,2026-09-09T16:14:59,2026-09-09T16:14:59-04:00,2026-09-10 12:42:18,2026-09-10T12:42:45.552283+00:00,https://cdn.cboe.com/api/global/delayed_quotes/options/_SPX.json,2787,0.52251715499746321,57.100000000000001,0.021015761821366073,1.1196434049683803,inverted,,0.039773928749996877,0.006893328954972279,7768.6912524819518,0.12775982953214757,0.12731195753477312,0.12820602063820058,8.1712414612411521e-13,6,1342.2023185175988,0.45722965571930985,-0.034017046785242422,,converged,newton,,converged,,converged,,compared_not_calibrated
SPX,SPX270319C08575000,2027-03-19,AM,2027-03-19T09:30:00-04:00,call,8575,52.600000000000001,54,264,75,16,399,0.12770000000000001,55.840000000000003,2026-09-09T10:19:49,7636.3599000000004,2026-09-09T16:14:59,2026-09-09T16:14:59-04:00,2026-09-10 12:42:18,2026-09-10T12:42:45.552283+00:00,https://cdn.cboe.com/api/global/delayed_quotes/options/_SPX.json,2788,0.52251715499746321,53.299999999999997,0.026266416510318923,1.1229172160940188,inverted,,0.039773928749996877,0.006893328954972279,7768.6912524819518,0.12739311089687308,0.12685160548689597,0.12793198703634068,6.3948846218409017e-13,6,1295.8621325972308,0.39823496655385782,-0.03068891031269283,,converged,newton,,converged,,converged,,compared_not_calibrated
SPX,SPX270319C08600000,2027-03-19,AM,2027-03-19T09:30:00-04:00,call,8600,49.299999999999997,50.299999999999997,159,52,84,3103,0.12740000000000001,52.759999999999998,2026-09-09T15:14:18,7636.3599000000004,2026-09-09T16:14:59,2026-09-09T16:14:59-04:00,2026-09-10 12:42:18,2026-09-10T12:42:45.552283+00:00,https://cdn.cboe.com/api/global/delayed_quotes/options/_SPX.json,2789,0.52251715499746321,49.799999999999997,0.020080321285140562,1.1261910272196574,inverted,,0.039773928749996877,0.006893328954972279,7768.6912524819518,0.12710805869466837,0.12670742796823933,0.12750715210623914,1.0942358130705543e-12,6,1250.4449231204103,0.36556816666730185,-0.029194130533163887,,converged,newton,,converged,,converged,,compared_not_calibrated
SPX,SPX270319C08650000,2027-03-19,AM,2027-03-19T09:30:00-04:00,call,8650,42.799999999999997,43.799999999999997,206,80,2,1224,0.1268,46.009999999999998,2026-09-09T12:03:19,7636.3599000000004,2026-09-09T16:14:59,2026-09-09T16:14:59-04:00,2026-09-10 12:42:18,2026-09-10T12:42:45.552283+00:00,https://cdn.cboe.com/api/global/delayed_quotes/options/_SPX.json,2791,0.52251715499746321,43.299999999999997,0.023094688221709007,1.1327386494709344,inverted,,0.039773928749996877,0.006893328954972279,7768.6912524819518,0.1264986595482277,0.1260664248648089,0.12692886717000459,2.9842794901924208e-13,6,1159.5157010727955,0.34998212225623604,-0.030134045177229729,,converged,newton,,converged,,converged,,compared_not_calibrated
SPX,SPX270319C08700000,2027-03-19,AM,2027-03-19T09:30:00-04:00,call,8700,37.100000000000001,38,282,68,10,3378,0.1263,39.619999999999997,2026-09-09T15:49:01,7636.3599000000004,2026-09-09T16:14:59,2026-09-09T16:14:59-04:00,2026-09-10 12:42:18,2026-09-10T12:42:45.552283+00:00,https://cdn.cboe.com/api/global/delayed_quotes/options/_SPX.json,2793,0.52251715499746321,37.549999999999997,0.023968042609853493,1.1392862717222114,inverted,,0.039773928749996877,0.006893328954972279,7768.6912524819518,0.12594368385766858,0.12552220156486177,0.12636299856966171,5.1869619710487314e-12,6,1070.4316606565098,0.38224431470594311,-0.035631614233141984,,converged,newton,,converged,,converged,,compared_not_calibrated
SPX,SPX270319C08775000,2027-03-19,AM,2027-03-19T09:30:00-04:00,call,8775,29.699999999999999,30.699999999999999,304,43,1,76,0.12559999999999999,32.539999999999999,2026-09-09T10:01:23,7636.3599000000004,2026-09-09T16:14:59,2026-09-09T16:14:59-04:00,2026-09-10 12:42:18,2026-09-10T12:42:45.552283+00:00,https://cdn.cboe.com/api/global/delayed_quotes/options/_SPX.json,2796,0.52251715499746321,30.199999999999999,0.033112582781456956,1.1491077050991272,inverted,,0.039773928749996877,0.006893328954972279,7768.6912524819518,0.12522490265822697,0.12469211979903549,0.12575361679486532,-1.4317436125566019e-12,7,942.09956681217682,0.35433514019921475,-0.037509734177301746,,converged,newton,,converged,,converged,,compared_not_calibrated
SPX,SPX270319C08800000,2027-03-19,AM,2027-03-19T09:30:00-04:00,call,8800,27.699999999999999,28.600000000000001,187,127,2,7230,0.1255,30.399999999999999,2026-09-09T15:24:43,7636.3599000000004,2026-09-09T16:14:59,2026-09-09T16:14:59-04:00,2026-09-10 12:42:18,2026-09-10T12:42:45.552283+00:00,https://cdn.cboe.com/api/global/delayed_quotes/options/_SPX.json,2797,0.52251715499746321,28.149999999999999,0.031971580817051586,1.1523815162247657,inverted,,0.039773928749996877,0.006893328954972279,7768.6912524819518,0.12511804721173611,0.12461750994829029,0.12561481341330474,5.4711790653527714e-13,7,902.46426690048281,0.3456959513168627,-0.038195278826388956,,converged,newton,,converged,,converged,,compared_not_calibrated
SPX,SPX270319C08900000,2027-03-19,AM,2027-03-19T09:30:00-04:00,call,8900,20.5,21.300000000000001,229,170,53,3629,0.12479999999999999,22.300000000000001,2026-09-09T15:34:12,7636.3599000000004,2026-09-09T16:14:59,2026-09-09T16:14:59-04:00,2026-09-10 12:42:18,2026-09-10T12:42:45.552283+00:00,https://cdn.cboe.com/api/global/delayed_quotes/options/_SPX.json,2799,0.52251715499746321,20.899999999999999,0.038277511961722521,1.1654767607273198,inverted,,0.039773928749996877,0.006893328954972279,7768.6912524819518,0.12443420380233802,0.12389729978079067,0.12496587165880498,-2.1316282072803006e-14,7,748.70252672197762,0.27479066007865782,-0.036579619766197169,,converged,newton,,converged,,converged,,compared_not_calibrated
SPX,SPX270319C09000000,2027-03-19,AM,2027-03-19T09:30:00-04:00,call,9000,15.1,15.800000000000001,341,167,4,6241,0.1244,16.73,2026-09-09T12:03:19,7636.3599000000004,2026-09-09T16:14:59,2026-09-09T16:14:59-04:00,2026-09-10 12:42:18,2026-09-10T12:42:45.552283+00:00,https://cdn.cboe.com/api/global/delayed_quotes/options/_SPX.json,2800,0.52251715499746321,15.449999999999999,0.045307443365695865,1.1785720052298738,inverted,,0.039773928749996877,0.006893328954972279,7768.6912524819518,0.12399416594608859,0.12341996142040516,0.12456129888254291,4.4408920985006262e-13,7,613.36443941474954,0.25002057595519389,-0.040583405391141081,,converged,newton,,converged,,converged,,compared_not_calibrated
SPX,SPX270319C09100000,2027-03-19,AM,2027-03-19T09:30:00-04:00,call,9100,11.1,11.800000000000001,427,211,185,2342,0.12429999999999999,12.34,2026-09-09T15:08:11,7636.3599000000004,2026-09-09T16:14:59,2026-09-09T16:14:59-04:00,2026-09-10 12:42:18,2026-09-10T12:42:45.552283+00:00,https://cdn.cboe.com/api/global/delayed_quotes/options/_SPX.json,2801,0.52251715499746321,11.449999999999999,0.061135371179039395,1.1916672497324281,inverted,,0.039773928749996877,0.006893328954972279,7768.6912524819518,0.12389330587416204,0.12318516074409823,0.1245890524529988,6.1834981579522719e-11,7,498.69078672054252,0.20385245014977116,-0.040669412583795028,,converged,newton,,converged,,converged,,compared_not_calibrated
SPX,SPX270319C09200000,2027-03-19,AM,2027-03-19T09:30:00-04:00,call,9200,8.3000000000000007,8.9000000000000004,395,405,15,4928,0.12470000000000001,9.3000000000000007,2026-09-09T10:15:37,7636.3599000000004,2026-09-09T16:14:59,2026-09-09T16:14:59-04:00,2026-09-10 12:42:18,2026-09-10T12:42:45.552283+00:00,https://cdn.cboe.com/api/global/delayed_quotes/options/_SPX.json,2802,0.52251715499746321,8.6000000000000014,0.06976744186046506,1.2047624942349822,inverted,,0.039773928749996877,0.006893328954972279,7768.6912524819518,0.12427680001769759,0.12352926142326075,0.12500874444009136,4.9737991503207013e-14,8,405.63261436679647,0.17269941755332496,-0.042319998230241906,,converged,newton,,converged,,converged,,compared_not_calibrated
SPX,SPX270319C09300000,2027-03-19,AM,2027-03-19T09:30:00-04:00,call,9300,6.2000000000000002,6.7999999999999998,530,439,2,1812,0.12540000000000001,7.2000000000000002,2026-09-09T13:14:41,7636.3599000000004,2026-09-09T16:14:59,2026-09-09T16:14:59-04:00,2026-09-10 12:42:18,2026-09-10T12:42:45.552283+00:00,https://cdn.cboe.com/api/global/delayed_quotes/options/_SPX.json,2803,0.52251715499746321,6.5,0.092307692307692257,1.2178577387375364,inverted,,0.039773928749996877,0.006893328954972279,7768.6912524819518,0.1248939922636827,0.12396929804428918,0.1257922799425864,1.1368683772161603e-13,8,329.25800348605082,0.16794849722077743,-0.050600773631731544,,converged,newton,,converged,,converged,,compared_not_calibrated
SPX,SPX270617P05900000,2027-06-17,AM,2027-06-17T09:30:00-04:00,put,5900,78.700000000000003,80,254,274,2,2828,0.26429999999999998,78.120000000000005,2026-09-09T11:38:37,7636.3599000000004,2026-09-09T16:14:59,2026-09-09T16:14:59-04:00,2026-09-10 12:42:18,2026-09-10T12:42:45.552283+00:00,https://cdn.cboe.com/api/global/delayed_quotes/options/_SPX.json,3389,0.76909249746321662,79.349999999999994,0.016383112791430336,0.77261942565069508,inverted,,0.040547283675258422,0.0054811190935917728,7845.1080630200859,0.26336318366585032,0.2627550747250425,0.26396918158762833,1.4210854715202004e-13,6,1070.7546031661061,1.0057870855391968,-0.093681633414965937,,converged,newton,,converged,,converged,,compared_not_calibrated
SPX,SPX270617P05975000,2027-06-17,AM,2027-06-17T09:30:00-04:00,put,5975,83.700000000000003,85,84,294,125,585,0.25990000000000002,80.650000000000006,2026-09-09T10:08:33,7636.3599000000004,2026-09-09T16:14:59,2026-09-09T16:14:59-04:00,2026-09-10 12:42:18,2026-09-10T12:42:45.552283+00:00,https://cdn.cboe.com/api/global/delayed_quotes/options/_SPX.json,3392,0.76909249746321662,84.349999999999994,0.015411973918197952,0.78244085902761074,inverted,,0.040547283675258422,0.0054811190935917728,7845.1080630200859,0.25895841514384238,0.25837927964399976,0.25953571107016554,8.2422957348171622e-13,6,1124.1557690616885,1.0612245802870177,-0.094158485615764009,,converged,newton,,converged,,converged,,compared_not_calibrated
SPX,SPX270617P06000000,2027-06-17,AM,2027-06-17T09:30:00-04:00,put,6000,85.400000000000006,86.700000000000003,90,270,707,57783,0.25840000000000002,82.650000000000006,2026-09-09T15:27:29,7636.3599000000004,2026-09-09T16:14:59,2026-09-09T16:14:59-04:00,2026-09-10 12:42:18,2026-09-10T12:42:45.552283+00:00,https://cdn.cboe.com/api/global/delayed_quotes/options/_SPX.json,3393,0.76909249746321662,86.050000000000011,0.015107495642068531,0.78571467015324925,inverted,,0.040547283675258422,0.0054811190935917728,7845.1080630200859,0.25746355089144179,0.25689358932827028,0.2580317546174164,-1.7053025658242404e-13,6,1142.1966904326639,1.0723220132803704,-0.093644910855822383,-7.7069962773830412,converged,newton,,converged,,converged,,compared_not_calibrated
SPX,SPX270617P06125000,2027-06-17,AM,2027-06-17T09:30:00-04:00,put,6125,94.599999999999994,95.700000000000003,86,134,4,436,0.251,92.700000000000003,2026-09-09T16:06:39,7636.3599000000004,2026-09-09T16:14:59,2026-09-09T16:14:59-04:00,2026-09-10 12:42:18,2026-09-10T12:42:45.552283+00:00,https://cdn.cboe.com/api/global/delayed_quotes/options/_SPX.json,3398,0.76909249746321662,95.150000000000006,0.011560693641618587,0.80208372578144194,inverted,,0.040547283675258422,0.0054811190935917728,7845.1080630200859,0.25007395005098504,0.24962845856099281,0.25051844247570709,5.4001247917767614e-13,6,1235.9819714245884,1.1472490421653845,-0.092604994901496207,,converged,newton,,converged,,converged,,compared_not_calibrated
SPX,SPX270617P06175000,2027-06-17,AM,2027-06-17T09:30:00-04:00,put,6175,98.5,99.700000000000003,85,134,78,495,0.24809999999999999,96.75,2026-09-09T11:55:59,7636.3599000000004,2026-09-09T16:14:59,2026-09-09T16:14:59-04:00,2026-09-10 12:42:18,2026-09-10T12:42:45.552283+00:00,https://cdn.cboe.com/api/global/delayed_quotes/options/_SPX.json,3400,0.76909249746321662,99.099999999999994,0.012108980827447052,0.80863134803271908,inverted,,0.040547283675258422,0.0054811190935917728,7845.1080630200859,0.24716521859041435,0.24669416827933052,0.24763518702914841,2.8421709430404007e-14,6,1275.2187726269283,1.1947672994450897,-0.093478140958563882,,converged,newton,,converged,,converged,,compared_not_calibrated
SPX,SPX270617P06250000,2027-06-17,AM,2027-06-17T09:30:00-04:00,put,6250,104.8,106.09999999999999,108,144,3,1350,0.24379999999999999,101.40000000000001,2026-09-09T10:41:36,7636.3599000000004,2026-09-09T16:14:59,2026-09-09T16:14:59-04:00,2026-09-10 12:42:18,2026-09-10T12:42:45.552283+00:00,https://cdn.cboe.com/api/global/delayed_quotes/options/_SPX.json,3403,0.76909249746321662,105.44999999999999,0.01232811759127546,0.81845278140963462,inverted,,0.040547283675258422,0.0054811190935917728,7845.1080630200859,0.24289890135299988,0.24241189510496272,0.24338480930223921,5.6843418860808015e-14,6,1336.1971600661611,1.2065572630143038,-0.090109864700010922,,converged,newton,,converged,,converged,,compared_not_calibrated
SPX,SPX270617P06275000,2027-06-17,AM,2027-06-17T09:30:00-04:00,put,6275,107.09999999999999,108.5,78,270,1,3183,0.24249999999999999,104.90000000000001,2026-09-09T15:59:53,7636.3599000000004,2026-09-09T16:14:59,2026-09-09T16:14:59-04:00,2026-09-10 12:42:18,2026-09-10T12:42:45.552283+00:00,https://cdn.cboe.com/api/global/delayed_quotes/options/_SPX.json,3404,0.76909249746321662,107.8,0.01298701298701304,0.82172659253527325,inverted,,0.040547283675258422,0.0054811190935917728,7845.1080630200859,0.241585948087569,0.24106972448207886,0.24210096137367623,5.2580162446247414e-13,6,1357.5989545512434,1.2434914134787078,-0.091405191243099093,,converged,newton,,converged,,converged,,compared_not_calibrated
SPX,SPX270617P06375000,2027-06-17,AM,2027-06-17T09:30:00-04:00,put,6375,116.40000000000001,118,63,261,6,1424,0.2369,112.5,2026-09-09T10:51:20,7636.3599000000004,2026-09-09T16:14:59,2026-09-09T16:14:59-04:00,2026-09-10 12:42:18,2026-09-10T12:42:45.552283+00:00,https://cdn.cboe.com/api/global/delayed_quotes/options/_SPX.json,3408,0.76909249746321662,117.2,0.013651877133105754,0.83482183703782742,inverted,,0.040547283675258422,0.0054811190935917728,7845.1080630200859,0.23598806552730645,0.23543301769380226,0.23654181793409687,-1.8474111129762605e-13,6,1443.0077739085766,1.3184507538717725,-0.09119344726935541,,converged,newton,,converged,,converged,,compared_not_calibrated
SPX,SPX270617P06400000,2027-06-17,AM,2027-06-17T09:30:00-04:00,put,6400,118.8,120.40000000000001,100,251,20,4558,0.2354,115.18000000000001,2026-09-09T14:43:22,7636.3599000000004,2026-09-09T16:14:59,2026-09-09T16:14:59-04:00,2026-09-10 12:42:18,2026-09-10T12:42:45.552283+00:00,https://cdn.cboe.com/api/global/delayed_quotes/options/_SPX.json,3409,0.76909249746321662,119.59999999999999,0.013377926421404755,0.83809564816346593,inverted,,0.040547283675258422,0.0054811190935917728,7845.1080630200859,0.23454009241153631,0.23399322745555037,0.23508572436903596,5.9685589803848416e-13,6,1464.5414230120891,1.2616020726146928,-0.085990758846368753,,converged,newton,,converged,,converged,,compared_not_calibrated
SPX,SPX270617P06550000,2027-06-17,AM,2027-06-17T09:30:00-04:00,put,6550,135,136.59999999999999,55,214,7,736,0.22720000000000001,132.56999999999999,2026-09-09T13:00:50,7636.3599000000004,2026-09-09T16:14:59,2026-09-09T16:14:59-04:00,2026-09-10 12:42:18,2026-09-10T12:42:45.552283+00:00,https://cdn.cboe.com/api/global/delayed_quotes/options/_SPX.json,3415,0.76909249746321662,135.80000000000001,0.011782032400589058,0.85773851491729713,inverted,,0.040547283675258422,0.0054811190935917728,7845.1080630200859,0.22631382285829463,0.22581344647977133,0.22681329747962498,4.9453774408902973e-12,5,1600.2434106688818,1.4203596552164868,-0.088617714170538542,,converged,newton,,converged,,converged,,compared_not_calibrated
SPX,SPX270617P06575000,2027-06-17,AM,2027-06-17T09:30:00-04:00,put,6575,137.80000000000001,139.19999999999999,52,117,6,906,0.22570000000000001,133.40000000000001,2026-09-09T10:47:48,7636.3599000000004,2026-09-09T16:14:59,2026-09-09T16:14:59-04:00,2026-09-10 12:42:18,2026-09-10T12:42:45.552283+00:00,https://cdn.cboe.com/api/global/delayed_quotes/options/_SPX.json,3416,0.76909249746321662,138.5,0.01010830324909731,0.86101232604293565,inverted,,0.040547283675258422,0.0054811190935917728,7845.1080630200859,0.22481887793091318,0.22438717575525616,0.22524992396136428,2.9558577807620168e-12,5,1622.7250849749296,1.43203349586679,-0.088112206908683155,,converged,newton,,converged,,converged,,compared_not_calibrated
SPX,SPX270617P06750000,2027-06-17,AM,2027-06-17T09:30:00-04:00,put,6750,160.09999999999999,162,124,235,23,5714,0.21640000000000001,155.33000000000001,2026-09-09T14:43:22,7636.3599000000004,2026-09-09T16:14:59,2026-09-09T16:14:59-04:00,2026-09-10 12:42:18,2026-09-10T12:42:45.552283+00:00,https://cdn.cboe.com/api/global/delayed_quotes/options/_SPX.json,3423,0.76909249746321662,161.05000000000001,0.011797578391803822,0.88392900392240548,inverted,,0.040547283675258422,0.0054811190935917728,7845.1080630200859,0.21548212702007236,0.21495107119377244,0.21601236733703974,3.979039320256561e-13,5,1790.2685992030699,1.6454157150876085,-0.091787297992765304,,converged,newton,,converged,,converged,,compared_not_calibrated
SPX,SPX270617P06775000,2027-06-17,AM,2027-06-17T09:30:00-04:00,put,6775,163.59999999999999,165.09999999999999,119,63,7,619,0.21490000000000001,159.16,2026-09-09T14:28:42,7636.3599000000004,2026-09-09T16:14:59,2026-09-09T16:14:59-04:00,2026-09-10 12:42:18,2026-09-10T12:42:45.552283+00:00,https://cdn.cboe.com/api/global/delayed_quotes/options/_SPX.json,3424,0.76909249746321662,164.34999999999999,0.0091268634012777617,0.88720281504804399,inverted,,0.040547283675258422,0.0054811190935917728,7845.1080630200859,0.21403566500771254,0.21362198504994495,0.21444886451799977,1.4210854715202004e-13,5,1814.0520469496662,1.5698469782436462,-0.08643349922874688,,converged,newton,,converged,,converged,,compared_not_calibrated
SPX,SPX270617P06875000,2027-06-17,AM,2027-06-17T09:30:00-04:00,put,6875,178.59999999999999,180,74,82,1,1333,0.20960000000000001,175.09999999999999,2026-09-09T15:55:01,7636.3599000000004,2026-09-09T16:14:59,2026-09-09T16:14:59-04:00,2026-09-10 12:42:18,2026-09-10T12:42:45.552283+00:00,https://cdn.cboe.com/api/global/delayed_quotes/options/_SPX.json,3428,0.76909249746321662,179.30000000000001,0.0078081427774679621,0.90029805955059816,inverted,,0.040547283675258422,0.0054811190935917728,7845.1080630200859,0.20878727544759804,0.20842111420755796,0.20915310863501199,1.7053025658242404e-13,5,1912.584913643049,1.5559465111409168,-0.081272455240197217,,converged,newton,,converged,,converged,,compared_not_calibrated
SPX,SPX270617P06900000,2027-06-17,AM,2027-06-17T09:30:00-04:00,put,6900,182.40000000000001,183.90000000000001,129,57,2,9307,0.20830000000000001,179.59999999999999,2026-09-09T15:59:30,7636.3599000000004,2026-09-09T16:14:59,2026-09-09T16:14:59-04:00,2026-09-10 12:42:18,2026-09-10T12:42:45.552283+00:00,https://cdn.cboe.com/api/global/delayed_quotes/options/_SPX.json,3429,0.76909249746321662,183.15000000000001,0.0081900081900081901,0.90357187067623668,inverted,,0.040547283675258422,0.0054811190935917728,7845.1080630200859,0.20742662578205115,0.20703926886684176,0.20781362878225518,3.1263880373444408e-13,5,1937.0859679136722,1.6935388302802892,-0.08733742179488635,,converged,newton,,converged,,converged,,compared_not_calibrated
SPX,SPX270617P06925000,2027-06-17,AM,2027-06-17T09:30:00-04:00,put,6925,186.5,187.90000000000001,59,63,150,1454,0.20699999999999999,185.03,2026-09-09T11:11:22,7636.3599000000004,2026-09-09T16:14:59,2026-09-09T16:14:59-04:00,2026-09-10 12:42:18,2026-09-10T12:42:45.552283+00:00,https://cdn.cboe.com/api/global/delayed_quotes/options/_SPX.json,3430,0.76909249746321662,187.19999999999999,0.0074786324786325093,0.90684568180187519,inverted,,0.040547283675258422,0.0054811190935917728,7845.1080630200859,0.20612499008510873,0.20576804267098636,0.20648164838473934,2.8421709430404007e-13,5,1961.869536773105,1.7183546394565496,-0.087500991489125601,,converged,newton,,converged,,converged,,compared_not_calibrated
SPX,SPX270617P06975000,2027-06-17,AM,2027-06-17T09:30:00-04:00,put,6975,194.69999999999999,196.40000000000001,70,135,2,1044,0.2044,189.81999999999999,2026-09-09T13:51:47,7636.3599000000004,2026-09-09T16:14:59,2026-09-09T16:14:59-04:00,2026-09-10 12:42:18,2026-09-10T12:42:45.552283+00:00,https://cdn.cboe.com/api/global/delayed_quotes/options/_SPX.json,3432,0.76909249746321662,195.55000000000001,0.0086934287905907279,0.91339330405315233,inverted,,0.040547283675258422,0.0054811190935917728,7845.1080630200859,0.20351185608830671,0.20308906717664485,0.2039342712548306,-2.8421709430404007e-13,5,2011.3509707496264,1.7880228450800928,-0.088814391169328433,,converged,newton,,converged,,converged,,compared_not_calibrated
SPX,SPX270617P07000000,2027-06-17,AM,2027-06-17T09:30:00-04:00,put,7000,199.09999999999999,200.69999999999999,105,151,708,69647,0.2031,192.75,2026-09-09T15:27:29,7636.3599000000004,2026-09-09T16:14:59,2026-09-09T16:14:59-04:00,2026-09-10 12:42:18,2026-09-10T12:42:45.552283+00:00,https://cdn.cboe.com/api/global/delayed_quotes/options/_SPX.json,3433,0.76909249746321662,199.89999999999998,0.0080040020010004719,0.91666711517879085,inverted,,0.040547283675258422,0.0054811190935917728,7845.1080630200859,0.20222301991407102,0.20182995890009933,0.20261577159906186,5.6843418860808015e-13,5,2036.1106254167853,1.787191316985286,-0.087698008592898558,-2.6103831836090876,converged,newton,,converged,,converged,,compared_not_calibrated
SPX,SPX270617P07100000,2027-06-17,AM,2027-06-17T09:30:00-04:00,put,7100,217.19999999999999,219.30000000000001,98,172,200,8916,0.19789999999999999,210.13999999999999,2026-09-09T14:56:53,7636.3599000000004,2026-09-09T16:14:59,2026-09-09T16:14:59-04:00,2026-09-10 12:42:18,2026-09-10T12:42:45.552283+00:00,https://cdn.cboe.com/api/global/delayed_quotes/options/_SPX.json,3437,0.76909249746321662,218.25,0.0096219931271478709,0.92976235968134502,inverted,,0.040547283675258422,0.0054811190935917728,7845.1080630200859,0.1970498562164722,0.19655767993781037,0.1975416320227904,0,5,2134.2529732828116,1.8156929325764395,-0.085014378352779585,-2.3307218742316991,converged,newton,,converged,,converged,,compared_not_calibrated
SPX,SPX270617P07125000,2027-06-17,AM,2027-06-17T09:30:00-04:00,put,7125,222.19999999999999,224.09999999999999,49,172,294,1900,0.1966,215.61000000000001,2026-09-09T10:29:05,7636.3599000000004,2026-09-09T16:14:59,2026-09-09T16:14:59-04:00,2026-09-10 12:42:18,2026-09-10T12:42:45.552283+00:00,https://cdn.cboe.com/api/global/delayed_quotes/options/_SPX.json,3438,0.76909249746321662,223.14999999999998,0.0085144521622227461,0.93303617080698353,inverted,,0.040547283675258422,0.0054811190935917728,7845.1080630200859,0.19578160437192565,0.19534134501967476,0.19622155991412596,-3.4106051316484809e-13,5,2158.5658628851265,1.7676902941092294,-0.081839562807434207,,converged,newton,,converged,,converged,,compared_not_calibrated
SPX,SPX270617P07150000,2027-06-17,AM,2027-06-17T09:30:00-04:00,put,7150,227,229.09999999999999,107,167,12,1243,0.1953,222.80000000000001,2026-09-09T16:02:49,7636.3599000000004,2026-09-09T16:14:59,2026-09-09T16:14:59-04:00,2026-09-10 12:42:18,2026-09-10T12:42:45.552283+00:00,https://cdn.cboe.com/api/global/delayed_quotes/options/_SPX.json,3439,0.76909249746321662,228.05000000000001,0.0092085069063801549,0.93630998193262205,inverted,,0.040547283675258422,0.0054811190935917728,7845.1080630200859,0.19446314082273061,0.19398187794624641,0.19494406009942092,3.979039320256561e-13,5,2182.5412867005839,1.8276097182826447,-0.083685917726938897,-2.1158912195428456,converged,newton,,converged,,converged,,compared_not_calibrated
SPX,SPX270617P07175000,2027-06-17,AM,2027-06-17T09:30:00-04:00,put,7175,232.09999999999999,234.09999999999999,46,163,110,775,0.19400000000000001,225.84,2026-09-09T14:28:42,7636.3599000000004,2026-09-09T16:14:59,2026-09-09T16:14:59-04:00,2026-09-10 12:42:18,2026-09-10T12:42:45.552283+00:00,https://cdn.cboe.com/api/global/delayed_quotes/options/_SPX.json,3440,0.76909249746321662,233.09999999999999,0.0085800085800085794,0.93958379305826056,inverted,,0.040547283675258422,0.0054811190935917728,7845.1080630200859,0.19316290107786332,0.19270952750472506,0.19361598683963557,8.2422957348171622e-13,5,2206.3888962966098,1.8480444608357232,-0.083709892213668091,-2.0334758921991352,converged,newton,,converged,,converged,,compared_not_calibrated
SPX,SPX270617P07250000,2027-06-17,AM,2027-06-17T09:30:00-04:00,put,7250,247.90000000000001,249.59999999999999,99,72,41,1221,0.19009999999999999,243.5,2026-09-09T15:55:01,7636.3599000000004,2026-09-09T16:14:59,2026-09-09T16:14:59-04:00,2026-09-10 12:42:18,2026-09-10T12:42:45.552283+00:00,https://cdn.cboe.com/api/global/delayed_quotes/options/_SPX.json,3443,0.76909249746321662,248.75,0.0068341708542713113,0.94940522643517622,inverted,,0.040547283675258422,0.0054811190935917728,7845.1080630200859,0.18917824624428092,0.18880475476486527,0.18955157614263804,4.5474735088646412e-13,5,2276.3152114925883,2.099317419889303,-0.092175375571906804,,converged,newton,,converged,,converged,,compared_not_calibrated
SPX,SPX270617P07300000,2027-06-17,AM,2027-06-17T09:30:00-04:00,put,7300,259.10000000000002,260.80000000000001,104,96,127,5929,0.1875,251.78,2026-09-09T14:42:08,7636.3599000000004,2026-09-09T16:14:59,2026-09-09T16:14:59-04:00,2026-09-10 12:42:18,2026-09-10T12:42:45.552283+00:00,https://cdn.cboe.com/api/global/delayed_quotes/options/_SPX.json,3445,0.76909249746321662,259.95000000000005,0.0065397191767647177,0.95595284868645325,inverted,,0.040547283675258422,0.0054811190935917728,7845.1080630200859,0.18659454599029693,0.1862283681536977,0.18696058951017028,2.2737367544323206e-13,5,2321.7032695236294,2.1031446966715066,-0.090545400970307166,,converged,newton,,converged,,converged,,compared_not_calibrated
SPX,SPX270617P07350000,2027-06-17,AM,2027-06-17T09:30:00-04:00,put,7350,270.80000000000001,272.60000000000002,55,48,60,2949,0.185,261.10000000000002,2026-09-09T10:16:10,7636.3599000000004,2026-09-09T16:14:59,2026-09-09T16:14:59-04:00,2026-09-10 12:42:18,2026-09-10T12:42:45.552283+00:00,https://cdn.cboe.com/api/global/delayed_quotes/options/_SPX.json,3447,0.76909249746321662,271.70000000000005,0.0066249539933750864,0.96250047093773039,inverted,,0.040547283675258422,0.0054811190935917728,7845.1080630200859,0.1840266930735534,0.1836461901497303,0.18440707279212007,6.8212102632969618e-13,5,2365.6745450439589,2.3034762256354497,-0.097330692644659322,,converged,newton,,converged,,converged,,compared_not_calibrated
SPX,SPX270617P07375000,2027-06-17,AM,2027-06-17T09:30:00-04:00,put,7375,276.69999999999999,279,107,139,14,1243,0.1837,270.60000000000002,2026-09-09T11:04:52,7636.3599000000004,2026-09-09T16:14:59,2026-09-09T16:14:59-04:00,2026-09-10 12:42:18,2026-09-10T12:42:45.552283+00:00,https://cdn.cboe.com/api/global/delayed_quotes/options/_SPX.json,3448,0.76909249746321662,277.85000000000002,0.0082778477595825493,0.96577428206336891,inverted,,0.040547283675258422,0.0054811190935917728,7845.1080630200859,0.18277401122216702,0.18229216218794567,0.18325567968442499,3.4106051316484809e-13,5,2387.0882684352973,2.2112091097723123,-0.092598877783298117,,converged,newton,,converged,,converged,,compared_not_calibrated
SPX,SPX270617P07475000,2027-06-17,AM,2027-06-17T09:30:00-04:00,put,7475,302.5,304.69999999999999,56,105,5,297,0.17860000000000001,291.5,2026-09-09T09:55:31,7636.3599000000004,2026-09-09T16:14:59,2026-09-09T16:14:59-04:00,2026-09-10 12:42:18,2026-09-10T12:42:45.552283+00:00,https://cdn.cboe.com/api/global/delayed_quotes/options/_SPX.json,3452,0.76909249746321662,303.60000000000002,0.0072463768115941648,0.97886952656592308,inverted,,0.040547283675258422,0.0054811190935917728,7845.1080630200859,0.17765222087765062,0.17720636824061495,0.17809797266674812,8.9016793936025351e-11,4,2467.4627598471529,2.339168885464801,-0.094777912234939032,-0.49449196406669671,converged,newton,,converged,,converged,,compared_not_calibrated
SPX,SPX270617P07500000,2027-06-17,AM,2027-06-17T09:30:00-04:00,put,7500,309.5,311.19999999999999,22,82,25,11269,0.17730000000000001,301.62,2026-09-09T15:44:05,7636.3599000000004,2026-09-09T16:14:59,2026-09-09T16:14:59-04:00,2026-09-10 12:42:18,2026-09-10T12:42:45.552283+00:00,https://cdn.cboe.com/api/global/delayed_quotes/options/_SPX.json,3453,0.76909249746321662,310.35000000000002,0.0054776864830030237,0.98214333769156159,inverted,,0.040547283675258422,0.0054811190935917728,7845.1080630200859,0.1763486519897032,0.17600672091058173,0.17669053094137038,2.5806912162806839e-11,4,2486.0710041596822,2.365617475814247,-0.095134801029680971,-0.31207663672182662,converged,newton,,converged,,converged,,compared_not_calibrated
SPX,SPX270617P07525000,2027-06-17,AM,2027-06-17T09:30:00-04:00,put,7525,316.30000000000001,318.5,79,103,7,274,0.17610000000000001,308.67000000000002,2026-09-09T13:51:47,7636.3599000000004,2026-09-09T16:14:59,2026-09-09T16:14:59-04:00,2026-09-10 12:42:18,2026-09-10T12:42:45.552283+00:00,https://cdn.cboe.com/api/global/delayed_quotes/options/_SPX.json,3454,0.76909249746321662,317.39999999999998,0.0069313169502205063,0.98541714881720011,inverted,,0.040547283675258422,0.0054811190935917728,7845.1080630200859,0.17510334200710623,0.17466402061608213,0.17554258878826196,6.4801497501321137e-12,4,2504.074941404926,2.4961841806581333,-0.09966579928937791,,converged,newton,,converged,,converged,,compared_not_calibrated
SPX,SPX270617P07550000,2027-06-17,AM,2027-06-17T09:30:00-04:00,put,7550,323.5,325.69999999999999,46,87,5,2219,0.17480000000000001,312.10000000000002,2026-09-09T09:53:53,7636.3599000000004,2026-09-09T16:14:59,2026-09-09T16:14:59-04:00,2026-09-10 12:42:18,2026-09-10T12:42:45.552283+00:00,https://cdn.cboe.com/api/global/delayed_quotes/options/_SPX.json,3455,0.76909249746321662,324.60000000000002,0.0067775723967960213,0.98869095994283873,inverted,,0.040547283675258422,0.0054811190935917728,7845.1080630200859,0.17385415622268816,0.17341785127576081,0.17429039829317924,7.9580786405131221e-13,4,2521.3546351274194,2.3851779136415416,-0.094584377731185554,,converged,newton,,converged,,converged,,compared_not_calibrated
SPX,SPX270617P07575000,2027-06-17,AM,2027-06-17T09:30:00-04:00,put,7575,330.80000000000001,333,65,87,10,1281,0.1736,322.42000000000002,2026-09-09T14:28:42,7636.3599000000004,2026-09-09T16:14:59,2026-09-09T16:14:59-04:00,2026-09-10 12:42:18,2026-09-10T12:42:45.552283+00:00,https://cdn.cboe.com/api/global/delayed_quotes/options/_SPX.json,3456,0.76909249746321662,331.89999999999998,0.0066285025610123196,0.99196477106847725,inverted,,0.040547283675258422,0.0054811190935917728,7845.1080630200859,0.17258005733568779,0.1721465937418781,0.17301346882502211,1.1368683772161603e-13,4,2537.8516910458325,2.5888268605500571,-0.10199426643122123,,converged,newton,,converged,,converged,,compared_not_calibrated
SPX,SPX270617P07600000,2027-06-17,AM,2027-06-17T09:30:00-04:00,put,7600,338.10000000000002,340.30000000000001,95,113,109,11385,0.17219999999999999,336.69999999999999,2026-09-09T12:21:38,7636.3599000000004,2026-09-09T16:14:59,2026-09-09T16:14:59-04:00,2026-09-10 12:42:18,2026-09-10T12:42:45.552283+00:00,https://cdn.cboe.com/api/global/delayed_quotes/options/_SPX.json,3457,0.76909249746321662,339.20000000000005,0.0064858490566037392,0.99523858219411576,inverted,,0.040547283675258422,0.0054811190935917728,7845.1080630200859,0.17124091352563081,0.17081011193570816,0.17167167281052376,2.2737367544323206e-13,4,2553.5053824601214,2.4492984463474841,-0.095908647436918071,-0.032415327344324396,converged,newton,,converged,,converged,,compared_not_calibrated
SPX,SPX270617P07625000,2027-06-17,AM,2027-06-17T09:30:00-04:00,put,7625,346,348.19999999999999,27,78,113,292,0.1711,335.87,2026-09-09T15:32:15,7636.3599000000004,2026-09-09T16:14:59,2026-09-09T16:14:59-04:00,2026-09-10 12:42:18,2026-09-10T12:42:45.552283+00:00,https://cdn.cboe.com/api/global/delayed_quotes/options/_SPX.json,3458,0.76909249746321662,347.10000000000002,0.0063382310573321474,0.99851239331975428,inverted,,0.040547283675258422,0.0054811190935917728,7845.1080630200859,0.1700699949203569,0.16964169579460892,0.17049826077911076,-1.1368683772161603e-13,4,2568.3985583399372,2.645708824332246,-0.10300050796430982,-3.4106051316484809e-13,converged,newton,,converged,,converged,,compared_not_calibrated
SPX,SPX270617P07650000,2027-06-17,AM,2027-06-17T09:30:00-04:00,put,7650,353.89999999999998,356.10000000000002,46,78,6,1232,0.1699,351.10000000000002,2026-09-09T12:25:45,7636.3599000000004,2026-09-09T16:14:59,2026-09-09T16:14:59-04:00,2026-09-10 12:42:18,2026-09-10T12:42:45.552283+00:00,https://cdn.cboe.com/api/global/delayed_quotes/options/_SPX.json,3459,0.76909249746321662,355,0.0061971830985916776,1.0017862044453929,inverted,,0.040547283675258422,0.0054811190935917728,7845.1080630200859,0.16883067436730792,0.16840469159572802,0.16925663193369916,4.5474735088646412e-13,4,2582.3407108513716,2.7615665147513937,-0.10693256326920753,,converged,newton,,converged,,converged,,compared_not_calibrated
SPX,SPX270617P07700000,2027-06-17,AM,2027-06-17T09:30:00-04:00,put,7700,370.30000000000001,372.30000000000001,55,111,1,7242,0.16739999999999999,357.85000000000002,2026-09-09T10:41:53,7636.3599000000004,2026-09-09T16:14:59,2026-09-09T16:14:59-04:00,2026-09-10 12:42:18,2026-09-10T12:42:45.552283+00:00,https://cdn.cboe.com/api/global/delayed_quotes/options/_SPX.json,3461,0.76909249746321662,371.30000000000001,0.0053864799353622404,1.0083338266966699,inverted,,0.040547283675258422,0.0054811190935917728,7845.1080630200859,0.16633698973016106,0.1659534442894198,0.1667205253891762,-2.8421709430404007e-13,4,2607.2863711376672,2.7716691238476301,-0.10630102698389321,0.39724598203230244,converged,newton,,converged,,converged,,compared_not_calibrated
SPX,SPX270617P07725000,2027-06-17,AM,2027-06-17T09:30:00-04:00,put,7725,378.80000000000001,381,26,76,5,780,0.16619999999999999,365.89999999999998,2026-09-09T09:53:23,7636.3599000000004,2026-09-09T16:14:59,2026-09-09T16:14:59-04:00,2026-09-10 12:42:18,2026-09-10T12:42:45.552283+00:00,https://cdn.cboe.com/api/global/delayed_quotes/options/_SPX.json,3462,0.76909249746321662,379.89999999999998,0.0057909976309554849,1.0116076378223084,inverted,,0.040547283675258422,0.0054811190935917728,7845.1080630200859,0.16515618463689513,0.16473604460534844,0.16557631814652127,1.1368683772161603e-13,4,2618.1951300302048,2.732964289839515,-0.10438153631048552,,converged,newton,,converged,,converged,,compared_not_calibrated
SPX,SPX270617P07750000,2027-06-17,AM,2027-06-17T09:30:00-04:00,put,7750,387.5,389.80000000000001,39,73,4,2241,0.16500000000000001,384.89999999999998,2026-09-09T11:23:04,7636.3599000000004,2026-09-09T16:14:59,2026-09-09T16:14:59-04:00,2026-09-10 12:42:18,2026-09-10T12:42:45.552283+00:00,https://cdn.cboe.com/api/global/delayed_quotes/options/_SPX.json,3463,0.76909249746321662,388.64999999999998,0.0059179210086196098,1.014881448947947,inverted,,0.040547283675258422,0.0054811190935917728,7845.1080630200859,0.16395966576853005,0.163522065480291,0.16439726368941979,1.9326762412674725e-12,3,2627.9762105216405,2.7339907037086277,-0.10403342314699582,,converged,newton,,converged,,converged,,compared_not_calibrated
SPX,SPX270617P07775000,2027-06-17,AM,2027-06-17T09:30:00-04:00,put,7775,396.39999999999998,398.69999999999999,24,71,6,2387,0.1638,381.62,2026-09-09T09:59:19,7636.3599000000004,2026-09-09T16:14:59,2026-09-09T16:14:59-04:00,2026-09-10 12:42:18,2026-09-10T12:42:45.552283+00:00,https://cdn.cboe.com/api/global/delayed_quotes/options/_SPX.json,3464,0.76909249746321662,397.54999999999995,0.0057854357942397471,1.0181552600735855,inverted,,0.040547283675258422,0.0054811190935917728,7845.1080630200859,0.16274615550530747,0.1623099849841394,0.16318232735534097,-2.2737367544323206e-13,3,2636.5795387607241,2.778534277078279,-0.10538444946925352,0.69449196406588953,converged,newton,,converged,,converged,,compared_not_calibrated
SPX,SPX270617P07800000,2027-06-17,AM,2027-06-17T09:30:00-04:00,put,7800,405.5,407.80000000000001,78,93,209,8238,0.16259999999999999,397.30000000000001,2026-09-09T13:42:01,7636.3599000000004,2026-09-09T16:14:59,2026-09-09T16:14:59-04:00,2026-09-10 12:42:18,2026-09-10T12:42:45.552283+00:00,https://cdn.cboe.com/api/global/delayed_quotes/options/_SPX.json,3465,0.76909249746321662,406.64999999999998,0.0056559695069470341,1.021429071199224,inverted,,0.040547283675258422,0.0054811190935917728,7845.1080630200859,0.16153324785505557,0.16109829489253785,0.16196820475277873,-1.3983481039758772e-11,3,2643.9521299199746,2.8204101100155867,-0.10667521449444217,0.92690729140974781,converged,newton,,converged,,converged,,compared_not_calibrated
SPX,SPX270617P07825000,2027-06-17,AM,2027-06-17T09:30:00-04:00,put,7825,415,417.30000000000001,24,52,14,4822,0.1615,405.11000000000001,2026-09-09T13:51:06,7636.3599000000004,2026-09-09T16:14:59,2026-09-09T16:14:59-04:00,2026-09-10 12:42:18,2026-09-10T12:42:45.552283+00:00,https://cdn.cboe.com/api/global/delayed_quotes/options/_SPX.json,3466,0.76909249746321662,416.14999999999998,0.0055268532980896588,1.0247028823248625,inverted,,0.040547283675258422,0.0054811190935917728,7845.1080630200859,0.1603949192644934,0.1599609651053541,0.16082887884046415,-1.7053025658242404e-12,3,2650.0329741992082,2.9284537073664296,-0.11050807355066083,,converged,newton,,converged,,converged,,compared_not_calibrated
SPX,SPX270617C07850000,2027-06-17,AM,2027-06-17T09:30:00-04:00,call,7850,421,423.39999999999998,17,31,25,2142,0.1603,426,2026-09-09T11:14:39,7636.3599000000004,2026-09-09T16:14:59,2026-09-09T16:14:59-04:00,2026-09-10 12:42:18,2026-09-10T12:42:45.552283+00:00,https://cdn.cboe.com/api/global/delayed_quotes/options/_SPX.json,3227,0.76909249746321662,422.19999999999999,0.0056845097110373695,1.0279766934505012,inverted,,0.040547283675258422,0.0054811190935917728,7845.1080630200859,0.15966517729597235,0.15921315840922912,0.16011720242995783,-6.2527760746888816e-13,3,2654.7380006162143,1.6852715785424266,-0.063482270402764884,1.2417379460985103,converged,newton,,converged,,converged,,compared_not_calibrated
SPX,SPX270617C07875000,2027-06-17,AM,2027-06-17T09:30:00-04:00,call,7875,406.80000000000001,409.10000000000002,17,26,9,1259,0.15920000000000001,413.5,2026-09-09T12:24:59,7636.3599000000004,2026-09-09T16:14:59,2026-09-09T16:14:59-04:00,2026-09-10 12:42:18,2026-09-10T12:42:45.552283+00:00,https://cdn.cboe.com/api/global/delayed_quotes/options/_SPX.json,3228,0.76909249746321662,407.95000000000005,0.0056379458266944751,1.0312505045761398,inverted,,0.040547283675258422,0.0054811190935917728,7845.1080630200859,0.158550658833819,0.15811801886896865,0.15898330362168522,-3.865352482534945e-12,3,2658.0845358433648,1.7259892389931792,-0.064934116618101112,,converged,newton,,converged,,converged,,compared_not_calibrated
SPX,SPX270617C07900000,2027-06-17,AM,2027-06-17T09:30:00-04:00,call,7900,392.89999999999998,395.19999999999999,8,26,5,5087,0.15809999999999999,399.39999999999998,2026-09-09T12:24:59,7636.3599000000004,2026-09-09T16:14:59,2026-09-09T16:14:59-04:00,2026-09-10 12:42:18,2026-09-10T12:42:45.552283+00:00,https://cdn.cboe.com/api/global/delayed_quotes/options/_SPX.json,3229,0.76909249746321662,394.04999999999995,0.0058368227382312185,1.0345243157017783,inverted,,0.040547283675258422,0.0054811190935917728,7845.1080630200859,0.15748730807037625,0.15705497700606796,0.15791964176955306,-4.3200998334214091e-12,3,2659.9904761036023,1.629747608482603,-0.061269192962373764,1.4565686007871932,converged,newton,,converged,,converged,,compared_not_calibrated
SPX,SPX270617C07925000,2027-06-17,AM,2027-06-17T09:30:00-04:00,call,7925,379.19999999999999,381.5,11,33,13,921,0.157,385.19999999999999,2026-09-09T12:25:51,7636.3599000000004,2026-09-09T16:14:59,2026-09-09T16:14:59-04:00,2026-09-10 12:42:18,2026-09-10T12:42:45.552283+00:00,https://cdn.cboe.com/api/global/delayed_quotes/options/_SPX.json,3230,0.76909249746321662,380.35000000000002,0.0060470619166557412,1.0377981268274168,inverted,,0.040547283675258422,0.0054811190935917728,7845.1080630200859,0.15641738818678086,0.15598512388782643,0.15684965158792746,-1.1368683772161603e-13,3,2660.4122244122541,1.54998968407142,-0.058261181321914157,1.4389839281320747,converged,newton,,converged,,converged,,compared_not_calibrated
SPX,SPX270617C07950000,2027-06-17,AM,2027-06-17T09:30:00-04:00,call,7950,365.69999999999999,368.10000000000002,19,33,85,1904,0.15590000000000001,373.89999999999998,2026-09-09T15:54:10,7636.3599000000004,2026-09-09T16:14:59,2026-09-09T16:14:59-04:00,2026-09-10 12:42:18,2026-09-10T12:42:45.552283+00:00,https://cdn.cboe.com/api/global/delayed_quotes/options/_SPX.json,3231,0.76909249746321662,366.89999999999998,0.0065412919051513604,1.0410719379530553,inverted,,0.040547283675258422,0.0054811190935917728,7845.1080630200859,0.15535845784869551,0.15490720854514603,0.15580970077927997,-3.4106051316484809e-13,4,2659.302785391139,1.4401366592607019,-0.054154215130450267,1.6213992554759216,converged,newton,,converged,,converged,,compared_not_calibrated
SPX,SPX270617C07975000,2027-06-17,AM,2027-06-17T09:30:00-04:00,call,7975,352.60000000000002,354.80000000000001,11,27,15,500,0.15479999999999999,358.89999999999998,2026-09-09T12:24:59,7636.3599000000004,2026-09-09T16:14:59,2026-09-09T16:14:59-04:00,2026-09-10 12:42:18,2026-09-10T12:42:45.552283+00:00,https://cdn.cboe.com/api/global/delayed_quotes/options/_SPX.json,3232,0.76909249746321662,353.70000000000005,0.006219960418433668,1.0443457490786938,inverted,,0.040547283675258422,0.0054811190935917728,7845.1080630200859,0.15430931581333246,0.15389524991038231,0.15472337044236345,6.8212102632969618e-13,4,2656.6182630388425,1.3035814954621401,-0.049068418666753377,,converged,newton,,converged,,converged,,compared_not_calibrated
SPX,SPX270617C08000000,2027-06-17,AM,2027-06-17T09:30:00-04:00,call,8000,339.80000000000001,341.69999999999999,3,23,82,35760,0.15379999999999999,348.56999999999999,2026-09-09T15:44:05,7636.3599000000004,2026-09-09T16:14:59,2026-09-09T16:14:59-04:00,2026-09-10 12:42:18,2026-09-10T12:42:45.552283+00:00,https://cdn.cboe.com/api/global/delayed_quotes/options/_SPX.json,3233,0.76909249746321662,340.75,0.0055759354365369843,1.0476195602043323,inverted,,0.040547283675258422,0.0054811190935917728,7845.1080630200859,0.1532688088614951,0.15291062442694814,0.15362697936690412,-4.5474735088646412e-13,4,2652.3166276423267,1.408927526388652,-0.053119113850488842,1.686229910164684,converged,newton,,converged,,converged,,compared_not_calibrated
SPX,SPX270617C08025000,2027-06-17,AM,2027-06-17T09:30:00-04:00,call,8025,327.10000000000002,329.30000000000001,27,35,2,430,0.15279999999999999,332.5,2026-09-09T12:21:52,7636.3599000000004,2026-09-09T16:14:59,2026-09-09T16:14:59-04:00,2026-09-10 12:42:18,2026-09-10T12:42:45.552283+00:00,https://cdn.cboe.com/api/global/delayed_quotes/options/_SPX.json,3234,0.76909249746321662,328.20000000000005,0.0067032297379646198,1.0508933713299708,inverted,,0.040547283675258422,0.0054811190935917728,7845.1080630200859,0.15229251068947638,0.15187683495543,0.15270815879150959,2.2737367544323206e-13,4,2646.3817781560524,1.3430647411989867,-0.050748931052360668,,converged,newton,,converged,,converged,,compared_not_calibrated
SPX,SPX270617C08050000,2027-06-17,AM,2027-06-17T09:30:00-04:00,call,8050,314.69999999999999,316.89999999999998,49,37,1,1522,0.15179999999999999,319.76999999999998,2026-09-09T11:30:44,7636.3599000000004,2026-09-09T16:14:59,2026-09-09T16:14:59-04:00,2026-09-10 12:42:18,2026-09-10T12:42:45.552283+00:00,https://cdn.cboe.com/api/global/delayed_quotes/options/_SPX.json,3235,0.76909249746321662,315.79999999999995,0.0069664344521848925,1.0541671824556094,inverted,,0.040547283675258422,0.0054811190935917728,7845.1080630200859,0.15128510652753099,0.15086822289663354,0.15170195183649421,2.2737367544323206e-13,4,2638.747713627939,1.358750804327201,-0.051489347246899686,1.9010605648534238,converged,newton,,converged,,converged,,compared_not_calibrated
SPX,SPX270617C08100000,2027-06-17,AM,2027-06-17T09:30:00-04:00,call,8100,291,293.10000000000002,13,54,5,7830,0.14990000000000001,304.39999999999998,2026-09-09T10:00:57,7636.3599000000004,2026-09-09T16:14:59,2026-09-09T16:14:59-04:00,2026-09-10 12:42:18,2026-09-10T12:42:45.552283+00:00,https://cdn.cboe.com/api/global/delayed_quotes/options/_SPX.json,3237,0.76909249746321662,292.05000000000001,0.0071905495634309972,1.0607148047068866,inverted,,0.040547283675258422,0.0054811190935917728,7845.1080630200859,0.14940076755700341,0.14899972785128426,0.14980174778064337,1.9895196601282805e-12,4,2618.3893939028417,1.3073051906027899,-0.049923244299659997,2.2658912195421976,converged,newton,,converged,,converged,,compared_not_calibrated
SPX,SPX270617C08125000,2027-06-17,AM,2027-06-17T09:30:00-04:00,call,8125,279.5,281.69999999999999,53,52,2,257,0.1489,288.39999999999998,2026-09-09T10:21:18,7636.3599000000004,2026-09-09T16:14:59,2026-09-09T16:14:59-04:00,2026-09-10 12:42:18,2026-09-10T12:42:45.552283+00:00,https://cdn.cboe.com/api/global/delayed_quotes/options/_SPX.json,3238,0.76909249746321662,280.60000000000002,0.007840342124019916,1.0639886158325251,inverted,,0.040547283675258422,0.0054811190935917728,7845.1080630200859,0.14848473230589324,0.14806252530991462,0.14890685740190973,1.3528733688872308e-11,4,2605.6106423574802,1.0821288581713588,-0.0415267694106769,,converged,newton,,converged,,converged,,compared_not_calibrated
SPX,SPX270617C08150000,2027-06-17,AM,2027-06-17T09:30:00-04:00,call,8150,268.39999999999998,270.5,38,43,4,3549,0.14799999999999999,274.66000000000003,2026-09-09T11:58:11,7636.3599000000004,2026-09-09T16:14:59,2026-09-09T16:14:59-04:00,2026-09-10 12:42:18,2026-09-10T12:42:45.552283+00:00,https://cdn.cboe.com/api/global/delayed_quotes/options/_SPX.json,3239,0.76909249746321662,269.44999999999999,0.0077936537390982472,1.0672624269581636,inverted,,0.040547283675258422,0.0054811190935917728,7845.1080630200859,0.14759184152062177,0.14718656060784235,0.14799703054746885,8.1229245552094653e-11,4,2591.09021964259,1.0576958627878525,-0.040815847937822336,2.5307218742308919,converged,newton,,converged,,converged,,compared_not_calibrated
SPX,SPX270617C08175000,2027-06-17,AM,2027-06-17T09:30:00-04:00,call,8175,257.5,259.60000000000002,56,56,11,233,0.14710000000000001,265.60000000000002,2026-09-09T11:52:02,7636.3599000000004,2026-09-09T16:14:59,2026-09-09T16:14:59-04:00,2026-09-10 12:42:18,2026-09-10T12:42:45.552283+00:00,https://cdn.cboe.com/api/global/delayed_quotes/options/_SPX.json,3240,0.76909249746321662,258.55000000000001,0.0081222200734868411,1.0705362380838022,inverted,,0.040547283675258422,0.0054811190935917728,7845.1080630200859,0.14670239292802484,0.14629453720404165,0.14711013714364821,1.7053025658242404e-13,5,2574.7928527559643,1.023891937281121,-0.039760707197517009,,converged,newton,,converged,,converged,,compared_not_calibrated
SPX,SPX270617C08200000,2027-06-17,AM,2027-06-17T09:30:00-04:00,call,8200,246.90000000000001,249,56,42,167,10026,0.1462,255.59999999999999,2026-09-09T14:24:16,7636.3599000000004,2026-09-09T16:14:59,2026-09-09T16:14:59-04:00,2026-09-10 12:42:18,2026-09-10T12:42:45.552283+00:00,https://cdn.cboe.com/api/global/delayed_quotes/options/_SPX.json,3241,0.76909249746321662,247.94999999999999,0.0084694494857834018,1.0738100492094407,inverted,,0.040547283675258422,0.0054811190935917728,7845.1080630200859,0.14583538465713611,0.14542463910110648,0.14624599653808432,-6.2527760746888816e-13,5,2556.7444664984832,0.93236262193369157,-0.036461534286388875,2.9955525289196316,converged,newton,,converged,,converged,,compared_not_calibrated
SPX,SPX270617C08225000,2027-06-17,AM,2027-06-17T09:30:00-04:00,call,8225,236.69999999999999,238.80000000000001,60,59,2,380,0.1454,245.47,2026-09-09T14:40:31,7636.3599000000004,2026-09-09T16:14:59,2026-09-09T16:14:59-04:00,2026-09-10 12:42:18,2026-09-10T12:42:45.552283+00:00,https://cdn.cboe.com/api/global/delayed_quotes/options/_SPX.json,3242,0.76909249746321662,237.75,0.0088328075709780129,1.0770838603350792,inverted,,0.040547283675258422,0.0054811190935917728,7845.1080630200859,0.14503018298768872,0.14461623653598926,0.1454439709569878,-4.5474735088646412e-13,5,2537.0472012159489,0.93840332888248668,-0.036981701231128539,3.2279678562636036,converged,newton,,converged,,converged,,compared_not_calibrated
SPX,SPX270617C08250000,2027-06-17,AM,2027-06-17T09:30:00-04:00,call,8250,226.69999999999999,228.90000000000001,61,59,1,941,0.14460000000000001,235,2026-09-09T14:07:46,7636.3599000000004,2026-09-09T16:14:59,2026-09-09T16:14:59-04:00,2026-09-10 12:42:18,2026-09-10T12:42:45.552283+00:00,https://cdn.cboe.com/api/global/delayed_quotes/options/_SPX.json,3243,0.76909249746321662,227.80000000000001,0.009657594381036071,1.0803576714607177,inverted,,0.040547283675258422,0.0054811190935917728,7845.1080630200859,0.14422826579280693,0.14379089182521754,0.14466543521172118,-2.8421709430404007e-13,5,2515.6004932324981,0.93532022206017018,-0.03717342071930807,3.3103831836083941,converged,newton,,converged,,converged,,compared_not_calibrated
SPX,SPX270617C08275000,2027-06-17,AM,2027-06-17T09:30:00-04:00,call,8275,217.09999999999999,219.09999999999999,63,26,2,1917,0.14380000000000001,221.78,2026-09-09T11:09:26,7636.3599000000004,2026-09-09T16:14:59,2026-09-09T16:14:59-04:00,2026-09-10 12:42:18,2026-09-10T12:42:45.552283+00:00,https://cdn.cboe.com/api/global/delayed_quotes/options/_SPX.json,3244,0.76909249746321662,218.09999999999999,0.009170105456212746,1.0836314825863562,inverted,,0.040547283675258422,0.0054811190935917728,7845.1080630200859,0.14342943329912314,0.14302811589201131,0.1438305532525338,-5.4001247917767614e-13,5,2492.4083520878526,0.92381291891197748,-0.037056670087687316,3.3927985109523888,converged,newton,,converged,,converged,,compared_not_calibrated
SPX,SPX270617C08300000,2027-06-17,AM,2027-06-17T09:30:00-04:00,call,8300,207.80000000000001,209.80000000000001,103,42,4,3997,0.1431,216.80000000000001,2026-09-09T13:53:28,7636.3599000000004,2026-09-09T16:14:59,2026-09-09T16:14:59-04:00,2026-09-10 12:42:18,2026-09-10T12:42:45.552283+00:00,https://cdn.cboe.com/api/global/delayed_quotes/options/_SPX.json,3245,0.76909249746321662,208.80000000000001,0.0095785440613026813,1.0869052937119947,inverted,,0.040547283675258422,0.0054811190935917728,7845.1080630200859,0.14269434165591463,0.14228898921393507,0.14309946512331564,-7.3896444519050419e-13,5,2467.6882266921912,1.0013206519285518,-0.040565834408537449,,converged,newton,,converged,,converged,,compared_not_calibrated
SPX,SPX270617C08350000,2027-06-17,AM,2027-06-17T09:30:00-04:00,call,8350,190,192.09999999999999,69,92,1,1015,0.1416,198.59999999999999,2026-09-09T13:53:58,7636.3599000000004,2026-09-09T16:14:59,2026-09-09T16:14:59-04:00,2026-09-10 12:42:18,2026-09-10T12:42:45.552283+00:00,https://cdn.cboe.com/api/global/delayed_quotes/options/_SPX.json,3247,0.76909249746321662,191.05000000000001,0.010991886940591437,1.093452915963272,inverted,,0.040547283675258422,0.0054811190935917728,7845.1080630200859,0.14127842606800864,0.14084319412585569,0.14171332362255196,6.2527760746888816e-13,5,2413.437261526049,0.77631848791560287,-0.032157393199136464,,converged,newton,,converged,,converged,,compared_not_calibrated
SPX,SPX270617C08375000,2027-06-17,AM,2027-06-17T09:30:00-04:00,call,8375,181.59999999999999,183.69999999999999,107,79,1,390,0.14099999999999999,188.30000000000001,2026-09-09T11:39:58,7636.3599000000004,2026-09-09T16:14:59,2026-09-09T16:14:59-04:00,2026-09-10 12:42:18,2026-09-10T12:42:45.552283+00:00,https://cdn.cboe.com/api/global/delayed_quotes/options/_SPX.json,3248,0.76909249746321662,182.64999999999998,0.01149739939775524,1.0967267270889105,inverted,,0.040547283675258422,0.0054811190935917728,7845.1080630200859,0.14062007869369916,0.140179468693968,0.1410603064548665,1.1368683772161603e-13,5,2384.0978746094997,0.90610779446080869,-0.037992130630082332,,converged,newton,,converged,,converged,,compared_not_calibrated
SPX,SPX270617C08400000,2027-06-17,AM,2027-06-17T09:30:00-04:00,call,8400,173.59999999999999,175.40000000000001,80,55,470,9585,0.14030000000000001,179.09999999999999,2026-09-09T15:46:38,7636.3599000000004,2026-09-09T16:14:59,2026-09-09T16:14:59-04:00,2026-09-10 12:42:18,2026-09-10T12:42:45.552283+00:00,https://cdn.cboe.com/api/global/delayed_quotes/options/_SPX.json,3249,0.76909249746321662,174.5,0.010315186246418404,1.100000538214549,inverted,,0.040547283675258422,0.0054811190935917728,7845.1080630200859,0.13996851331368232,0.13958590152081363,0.14035080510840364,-4.5474735088646412e-13,5,2353.2410366353033,0.78035031371700825,-0.033148668631768907,3.9548751476746702,converged,newton,,converged,,converged,,compared_not_calibrated
SPX,SPX270617C08450000,2027-06-17,AM,2027-06-17T09:30:00-04:00,call,8450,158.09999999999999,160,116,75,6,331,0.1391,164.72,2026-09-09T12:57:29,7636.3599000000004,2026-09-09T16:14:59,2026-09-09T16:14:59-04:00,2026-09-10 12:42:18,2026-09-10T12:42:45.552283+00:00,https://cdn.cboe.com/api/global/delayed_quotes/options/_SPX.json,3251,0.76909249746321662,159.05000000000001,0.011945928953159419,1.106548160465826,inverted,,0.040547283675258422,0.0054811190935917728,7845.1080630200859,0.13873238190022774,0.1383168388276339,0.13914746618496987,6.2527760746888816e-13,5,2287.432432538164,0.84131171443749508,-0.036761809977226001,4.1197058023633417,converged,newton,,converged,,converged,,compared_not_calibrated
SPX,SPX270617C08475000,2027-06-17,AM,2027-06-17T09:30:00-04:00,call,8475,150.90000000000001,152.80000000000001,123,78,22,1220,0.13850000000000001,156.40000000000001,2026-09-09T14:37:21,7636.3599000000004,2026-09-09T16:14:59,2026-09-09T16:14:59-04:00,2026-09-10 12:42:18,2026-09-10T12:42:45.552283+00:00,https://cdn.cboe.com/api/global/delayed_quotes/options/_SPX.json,3252,0.76909249746321662,151.85000000000002,0.012512347711557494,1.1098219715914646,inverted,,0.040547283675258422,0.0054811190935917728,7845.1080630200859,0.13819538878546056,0.13777345683178335,0.138616802976985,1.7053025658242404e-12,5,2252.9356044911437,0.68657322021806522,-0.030461121453945195,,converged,newton,,converged,,converged,,compared_not_calibrated
SPX,SPX270617C08500000,2027-06-17,AM,2027-06-17T09:30:00-04:00,call,8500,143.90000000000001,145.80000000000001,157,109,320,16852,0.13800000000000001,147.69999999999999,2026-09-09T15:55:00,7636.3599000000004,2026-09-09T16:14:59,2026-09-09T16:14:59-04:00,2026-09-10 12:42:18,2026-09-10T12:42:45.552283+00:00,https://cdn.cboe.com/api/global/delayed_quotes/options/_SPX.json,3253,0.76909249746321662,144.85000000000002,0.013117017604418401,1.1130957827171031,inverted,,0.040547283675258422,0.0054811190935917728,7845.1080630200859,0.1376492442434282,0.13722046297433507,0.13807744196925037,5.5706550483591855e-12,5,2217.0966359684649,0.77809191656740495,-0.035075575657181335,4.4345364570521042,converged,newton,,converged,,converged,,compared_not_calibrated
SPX,SPX270617C08550000,2027-06-17,AM,2027-06-17T09:30:00-04:00,call,8550,130.80000000000001,132.40000000000001,65,98,251,1383,0.13689999999999999,135.09999999999999,2026-09-09T15:59:30,7636.3599000000004,2026-09-09T16:14:59,2026-09-09T16:14:59-04:00,2026-09-10 12:42:18,2026-09-10T12:42:45.552283+00:00,https://cdn.cboe.com/api/global/delayed_quotes/options/_SPX.json,3255,0.76909249746321662,131.60000000000002,0.012158054711246155,1.1196434049683803,inverted,,0.040547283675258422,0.0054811190935917728,7845.1080630200859,0.13660156227506254,0.13622783850124653,0.13697476301089623,7.0599526225123554e-11,5,2142.1229550850371,0.63964737857907039,-0.029843772493745591,,converged,newton,,converged,,converged,,compared_not_calibrated
SPX,SPX270617C08575000,2027-06-17,AM,2027-06-17T09:30:00-04:00,call,8575,124.59999999999999,126.40000000000001,66,120,15,569,0.13650000000000001,129.34999999999999,2026-09-09T15:39:48,7636.3599000000004,2026-09-09T16:14:59,2026-09-09T16:14:59-04:00,2026-09-10 12:42:18,2026-09-10T12:42:45.552283+00:00,https://cdn.cboe.com/api/global/delayed_quotes/options/_SPX.json,3256,0.76909249746321662,125.5,0.014342629482071803,1.1229172160940188,inverted,,0.040547283675258422,0.0054811190935917728,7845.1080630200859,0.13617514948381834,0.1357469766100162,0.1366025813574262,-2.2737367544323206e-13,6,2103.7830203420103,0.68386354946483152,-0.032485051618166838,,converged,newton,,converged,,converged,,compared_not_calibrated
SPX,SPX270617C08600000,2027-06-17,AM,2027-06-17T09:30:00-04:00,call,8600,118.7,120.40000000000001,70,91,255,8871,0.13600000000000001,124.17,2026-09-09T15:08:11,7636.3599000000004,2026-09-09T16:14:59,2026-09-09T16:14:59-04:00,2026-09-10 12:42:18,2026-09-10T12:42:45.552283+00:00,https://cdn.cboe.com/api/global/delayed_quotes/options/_SPX.json,3257,0.76909249746321662,119.55000000000001,0.014219991635299061,1.1261910272196574,inverted,,0.040547283675258422,0.0054811190935917728,7845.1080630200859,0.13572340560114729,0.13531126560707768,0.13613480573535175,6.2527760746888816e-13,6,2064.266744962757,0.57130860478940804,-0.027659439885271975,5.1641977664296519,converged,newton,,converged,,converged,,compared_not_calibrated
SPX,SPX270617C08625000,2027-06-17,AM,2027-06-17T09:30:00-04:00,call,8625,113,114.7,82,95,4,852,0.1356,117.09999999999999,2026-09-09T16:02:56,7636.3599000000004,2026-09-09T16:14:59,2026-09-09T16:14:59-04:00,2026-09-10 12:42:18,2026-09-10T12:42:45.552283+00:00,https://cdn.cboe.com/api/global/delayed_quotes/options/_SPX.json,3258,0.76909249746321662,113.84999999999999,0.014931927975406262,1.1294648383452959,inverted,,0.040547283675258422,0.0054811190935917728,7845.1080630200859,0.13529567835283299,0.13487531642612957,0.13571521319317797,-3.1263880373444408e-13,6,2024.0671227539121,0.616406210605561,-0.030432164716701071,,converged,newton,,converged,,converged,,compared_not_calibrated
SPX,SPX270617C08650000,2027-06-17,AM,2027-06-17T09:30:00-04:00,call,8650,107.5,109.2,159,99,1,4136,0.13519999999999999,113.40000000000001,2026-09-09T10:48:42,7636.3599000000004,2026-09-09T16:14:59,2026-09-09T16:14:59-04:00,2026-09-10 12:42:18,2026-09-10T12:42:45.552283+00:00,https://cdn.cboe.com/api/global/delayed_quotes/options/_SPX.json,3259,0.76909249746321662,108.34999999999999,0.015689893862482721,1.1327386494709344,inverted,,0.040547283675258422,0.0054811190935917728,7845.1080630200859,0.13486974975465105,0.13444065518588427,0.13529792018734368,3.106492840743158e-11,5,1983.0606585869666,0.65544917179468598,-0.033025024534893976,,converged,newton,,converged,,converged,,compared_not_calibrated
SPX,SPX270617C08700000,2027-06-17,AM,2027-06-17T09:30:00-04:00,call,8700,97.299999999999997,98.900000000000006,93,152,141,11145,0.13439999999999999,102.83,2026-09-09T13:56:19,7636.3599000000004,2026-09-09T16:14:59,2026-09-09T16:14:59-04:00,2026-09-10 12:42:18,2026-09-10T12:42:45.552283+00:00,https://cdn.cboe.com/api/global/delayed_quotes/options/_SPX.json,3261,0.76909249746321662,98.099999999999994,0.016309887869520985,1.1392862717222114,inverted,,0.040547283675258422,0.0054811190935917728,7845.1080630200859,0.13410940575672262,0.133687805602205,0.13452998785160342,1.4210854715202004e-13,6,1899.8372714922691,0.55254157570735174,-0.02905942432773756,5.5938590758071314,converged,newton,,converged,,converged,,compared_not_calibrated
SPX,SPX270617C08750000,2027-06-17,AM,2027-06-17T09:30:00-04:00,call,8750,87.900000000000006,89.599999999999994,241,143,238,2440,0.13370000000000001,90.599999999999994,2026-09-09T15:59:30,7636.3599000000004,2026-09-09T16:14:59,2026-09-09T16:14:59-04:00,2026-09-10 12:42:18,2026-09-10T12:42:45.552283+00:00,https://cdn.cboe.com/api/global/delayed_quotes/options/_SPX.json,3263,0.76909249746321662,88.75,0.019154929577464661,1.1458338939734884,inverted,,0.040547283675258422,0.0054811190935917728,7845.1080630200859,0.13344248501575295,0.13297354792146429,0.13390999814391144,0,6,1815.3814462992104,0.46787833806274648,-0.025751498424705921,,converged,newton,,converged,,converged,,compared_not_calibrated
SPX,SPX270617C08800000,2027-06-17,AM,2027-06-17T09:30:00-04:00,call,8800,79.400000000000006,80.900000000000006,106,146,55,8200,0.1331,83.349999999999994,2026-09-09T15:12:44,7636.3599000000004,2026-09-09T16:14:59,2026-09-09T16:14:59-04:00,2026-09-10 12:42:18,2026-09-10T12:42:45.552283+00:00,https://cdn.cboe.com/api/global/delayed_quotes/options/_SPX.json,3265,0.76909249746321662,80.150000000000006,0.018714909544603867,1.1523815162247657,inverted,,0.040547283675258422,0.0054811190935917728,7845.1080630200859,0.13281248621041278,0.13237820760742308,0.13324539295876722,-1.4210854715202004e-13,6,1729.7487624923383,0.49784753655589498,-0.028751378958721818,,converged,newton,,converged,,converged,,compared_not_calibrated
SPX,SPX270617C08900000,2027-06-17,AM,2027-06-17T09:30:00-04:00,call,8900,64.299999999999997,65.799999999999997,124,171,180,3583,0.13200000000000001,68.5,2026-09-09T13:16:46,7636.3599000000004,2026-09-09T16:14:59,2026-09-09T16:14:59-04:00,2026-09-10 12:42:18,2026-09-10T12:42:45.552283+00:00,https://cdn.cboe.com/api/global/delayed_quotes/options/_SPX.json,3267,0.76909249746321662,65.049999999999997,0.023059185242121447,1.1654767607273198,inverted,,0.040547283675258422,0.0054811190935917728,7845.1080630200859,0.13166757753597916,0.1311849572504166,0.13214810103856431,-4.9737991503207013e-13,6,1557.4221477674637,0.51849891513957402,-0.033242246402084841,,converged,newton,,converged,,converged,,compared_not_calibrated
SPX,SPX270617C09000000,2027-06-17,AM,2027-06-17T09:30:00-04:00,call,9000,51.899999999999999,53.200000000000003,173,206,9,9471,0.13100000000000001,55.049999999999997,2026-09-09T11:54:28,7636.3599000000004,2026-09-09T16:14:59,2026-09-09T16:14:59-04:00,2026-09-10 12:42:18,2026-09-10T12:42:45.552283+00:00,https://cdn.cboe.com/api/global/delayed_quotes/options/_SPX.json,3269,0.76909249746321662,52.549999999999997,0.024738344433872586,1.1785720052298738,inverted,,0.040547283675258422,0.0054811190935917728,7845.1080630200859,0.13072524317913159,0.13025579990617819,0.13119228508918501,1.5489831639570184e-12,6,1388.1942796603694,0.38198909623936572,-0.027475682086841591,7.0328430039394334,converged,newton,,converged,,converged,,compared_not_calibrated
SPX,SPX270617C09100000,2027-06-17,AM,2027-06-17T09:30:00-04:00,call,9100,41.600000000000001,42.700000000000003,179,91,401,3905,0.13020000000000001,44.700000000000003,2026-09-09T13:49:50,7636.3599000000004,2026-09-09T16:14:59,2026-09-09T16:14:59-04:00,2026-09-10 12:42:18,2026-09-10T12:42:45.552283+00:00,https://cdn.cboe.com/api/global/delayed_quotes/options/_SPX.json,3271,0.76909249746321662,42.150000000000006,0.026097271648873103,1.1916672497324281,inverted,,0.040547283675258422,0.0054811190935917728,7845.1080630200859,0.12985821748041984,0.12940758787937939,0.13030621278428325,1.6001422409317456e-11,6,1224.1189664407045,0.41931432555028891,-0.034178251958016936,,converged,newton,,converged,,converged,,compared_not_calibrated
SPX,SPX270617C09200000,2027-06-17,AM,2027-06-17T09:30:00-04:00,call,9200,33.100000000000001,34.200000000000003,192,130,50,7508,0.1295,36.109999999999999,2026-09-09T10:00:27,7636.3599000000004,2026-09-09T16:14:59,2026-09-09T16:14:59-04:00,2026-09-10 12:42:18,2026-09-10T12:42:45.552283+00:00,https://cdn.cboe.com/api/global/delayed_quotes/options/_SPX.json,3272,0.76909249746321662,33.650000000000006,0.032689450222882652,1.2047624942349822,inverted,,0.040547283675258422,0.0054811190935917728,7845.1080630200859,0.12913326752495169,0.12861688825553899,0.12964559874299214,-3.694822225952521e-13,7,1069.3387534141016,0.39326042202694111,-0.036673247504831474,,converged,newton,,converged,,converged,,compared_not_calibrated
SPX,SPX270617C09300000,2027-06-17,AM,2027-06-17T09:30:00-04:00,call,9300,26.300000000000001,27.199999999999999,167,167,2,2672,0.12889999999999999,27.41,2026-09-09T11:32:24,7636.3599000000004,2026-09-09T16:14:59,2026-09-09T16:14:59-04:00,2026-09-10 12:42:18,2026-09-10T12:42:45.552283+00:00,https://cdn.cboe.com/api/global/delayed_quotes/options/_SPX.json,3273,0.76909249746321662,26.75,0.033644859813084058,1.2178577387375364,inverted,,0.040547283675258422,0.0054811190935917728,7845.1080630200859,0.12853495442375351,0.12804686451592442,0.129018864412203,0,7,925.96393952396704,0.33911007979611441,-0.036504557624647549,,converged,newton,,converged,,converged,,compared_not_calibrated
SPX,SPX270617C09400000,2027-06-17,AM,2027-06-17T09:30:00-04:00,call,9400,20.699999999999999,21.699999999999999,382,320,158,8160,0.12839999999999999,22.5,2026-09-09T15:21:09,7636.3599000000004,2026-09-09T16:14:59,2026-09-09T16:14:59-04:00,2026-09-10 12:42:18,2026-09-10T12:42:45.552283+00:00,https://cdn.cboe.com/api/global/delayed_quotes/options/_SPX.json,3274,0.76909249746321662,21.199999999999999,0.04716981132075472,1.2309529832400905,inverted,,0.040547283675258422,0.0054811190935917728,7845.1080630200859,0.12807019868815514,0.12743772391278807,0.12869468901961531,-1.0658141036401503e-14,7,795.63467638718271,0.26327568178935579,-0.032980131184484618,,converged,newton,,converged,,converged,,compared_not_calibrated
SPX,SPX270617C09500000,2027-06-17,AM,2027-06-17T09:30:00-04:00,call,9500,16.300000000000001,17.199999999999999,377,286,44,12094,0.12809999999999999,18.100000000000001,2026-09-09T13:53:42,7636.3599000000004,2026-09-09T16:14:59,2026-09-09T16:14:59-04:00,2026-09-10 12:42:18,2026-09-10T12:42:45.552283+00:00,https://cdn.cboe.com/api/global/delayed_quotes/options/_SPX.json,3275,0.76909249746321662,16.75,0.053731343283582006,1.2440482277426448,inverted,,0.040547283675258422,0.0054811190935917728,7845.1080630200859,0.12771160307317386,0.12704345223977154,0.12836970842694911,8.5265128291212022e-13,7,678.68056363780033,0.26476668026128891,-0.038839692682612892,,converged,newton,,converged,,converged,,compared_not_calibrated
SPX,SPX270917P05875000,2027-09-17,AM,2027-09-17T09:30:00-04:00,put,5875,104.8,106.2,43,162,1,49,0.25879999999999997,102.67,2026-09-09T14:01:10,7636.3599000000004,2026-09-09T16:14:59,2026-09-09T16:14:59-04:00,2026-09-10 12:42:18,2026-09-10T12:42:45.552283+00:00,https://cdn.cboe.com/api/global/delayed_quotes/options/_SPX.json,3817,1.0211472919837645,105.5,0.01327014218009484,0.76934561452505656,inverted,,0.041325086453535741,0.0051021907489013849,7924.1095086886753,0.25776631160241875,0.25724779802489262,0.25828347019022213,-3.4106051316484809e-13,6,1351.7858117703786,1.4009660505375905,-0.10336883975812228,,converged,newton,,converged,,converged,,compared_not_calibrated
SPX,SPX270917P05900000,2027-09-17,AM,2027-09-17T09:30:00-04:00,put,5900,106.8,108.09999999999999,10,114,65,513,0.25740000000000002,104.59999999999999,2026-09-09T15:31:47,7636.3599000000004,2026-09-09T16:14:59,2026-09-09T16:14:59-04:00,2026-09-10 12:42:18,2026-09-10T12:42:45.552283+00:00,https://cdn.cboe.com/api/global/delayed_quotes/options/_SPX.json,3818,1.0211472919837645,107.44999999999999,0.012098650535132595,0.77261942565069508,inverted,,0.041325086453535741,0.0051021907489013849,7924.1095086886753,0.25646275015324749,0.2559881543511523,0.25693622570244562,5.6843418860808015e-14,6,1371.2104129125812,1.2881627217897744,-0.093724984675253031,,converged,newton,,converged,,converged,,compared_not_calibrated
SPX,SPX270917P05950000,2027-09-17,AM,2027-09-17T09:30:00-04:00,put,5950,110.90000000000001,112.2,60,155,9,386,0.25490000000000002,109.8,2026-09-09T16:04:57,7636.3599000000004,2026-09-09T16:14:59,2026-09-09T16:14:59-04:00,2026-09-10 12:42:18,2026-09-10T12:42:45.552283+00:00,https://cdn.cboe.com/api/global/delayed_quotes/options/_SPX.json,3820,1.0211472919837645,111.55000000000001,0.011653966831017454,0.77916704790197222,inverted,,0.041325086453535741,0.0051021907489013849,7924.1095086886753,0.25392994071830705,0.25346878515170174,0.25439006819190974,-2.8421709430404007e-13,6,1411.080830138033,1.372041384320994,-0.097005928169296984,,converged,newton,,converged,,converged,,compared_not_calibrated
SPX,SPX270917P06000000,2027-09-17,AM,2027-09-17T09:30:00-04:00,put,6000,115.2,116.59999999999999,9,158,166,819,0.25240000000000001,112.5,2026-09-09T14:10:50,7636.3599000000004,2026-09-09T16:14:59,2026-09-09T16:14:59-04:00,2026-09-10 12:42:18,2026-09-10T12:42:45.552283+00:00,https://cdn.cboe.com/api/global/delayed_quotes/options/_SPX.json,3822,1.0211472919837645,115.90000000000001,0.012079378774805792,0.78571467015324925,inverted,,0.041325086453535741,0.0051021907489013849,7924.1095086886753,0.2514751321059589,0.25099254495437895,0.25195662715127132,-4.8316906031686813e-13,6,1452.1640324777991,1.3459722320684193,-0.09248678940411148,,converged,newton,,converged,,converged,,compared_not_calibrated
SPX,SPX270917P06125000,2027-09-17,AM,2027-09-17T09:30:00-04:00,put,6125,126.59999999999999,128.09999999999999,35,149,8,49,0.2462,125.3,2026-09-09T15:59:30,7636.3599000000004,2026-09-09T16:14:59,2026-09-09T16:14:59-04:00,2026-09-10 12:42:18,2026-09-10T12:42:45.552283+00:00,https://cdn.cboe.com/api/global/delayed_quotes/options/_SPX.json,3827,1.0211472919837645,127.34999999999999,0.011778563015312132,0.80208372578144194,inverted,,0.041325086453535741,0.0051021907489013849,7924.1095086886753,0.24528322731583777,0.24480115397833971,0.24576429449463172,5.7212901083403267e-11,5,1557.4106716438748,1.4306240147809888,-0.091677268416223701,,converged,newton,,converged,,converged,,compared_not_calibrated
SPX,SPX270917P06150000,2027-09-17,AM,2027-09-17T09:30:00-04:00,put,6150,129.09999999999999,130.59999999999999,4,148,63,1071,0.24510000000000001,125.7,2026-09-09T14:53:54,7636.3599000000004,2026-09-09T16:14:59,2026-09-09T16:14:59-04:00,2026-09-10 12:42:18,2026-09-10T12:42:45.552283+00:00,https://cdn.cboe.com/api/global/delayed_quotes/options/_SPX.json,3828,1.0211472919837645,129.84999999999999,0.011551790527531768,0.80535753690708056,inverted,,0.041325086453535741,0.0051021907489013849,7924.1095086886753,0.24410349537014397,0.24362813209429568,0.24457789731358634,3.936406756110955e-11,5,1579.3430100151375,1.5771562068311198,-0.09965046298560376,,converged,newton,,converged,,converged,,compared_not_calibrated
SPX,SPX270917P06200000,2027-09-17,AM,2027-09-17T09:30:00-04:00,put,6200,134.09999999999999,135.59999999999999,46,145,1,617,0.24260000000000001,130.80000000000001,2026-09-09T10:42:27,7636.3599000000004,2026-09-09T16:14:59,2026-09-09T16:14:59-04:00,2026-09-10 12:42:18,2026-09-10T12:42:45.552283+00:00,https://cdn.cboe.com/api/global/delayed_quotes/options/_SPX.json,3830,1.0211472919837645,134.84999999999999,0.011123470522803115,0.81190515915835759,inverted,,0.041325086453535741,0.0051021907489013849,7924.1095086886753,0.2416633466571502,0.24120083663752384,0.2421249779648155,1.6967760529951192e-11,5,1623.1333298080976,1.5232357352556676,-0.093665334284981361,,converged,newton,,converged,,converged,,compared_not_calibrated
SPX,SPX270917P06500000,2027-09-17,AM,2027-09-17T09:30:00-04:00,put,6500,168.69999999999999,170.5,29,124,2,1981,0.22839999999999999,166.09999999999999,2026-09-09T15:58:28,7636.3599000000004,2026-09-09T16:14:59,2026-09-09T16:14:59-04:00,2026-09-10 12:42:18,2026-09-10T12:42:45.552283+00:00,https://cdn.cboe.com/api/global/delayed_quotes/options/_SPX.json,3842,1.0211472919837645,169.59999999999999,0.010613207547169878,0.8511908926660201,inverted,,0.041325086453535741,0.0051021907489013849,7924.1095086886753,0.22748615192717911,0.22701228704712764,0.22795929784258864,8.2422957348171622e-13,5,1900.7220456661621,1.7395082359725222,-0.091384807282088309,,converged,newton,,converged,,converged,,compared_not_calibrated
SPX,SPX270917P06550000,2027-09-17,AM,2027-09-17T09:30:00-04:00,put,6550,175.30000000000001,177.09999999999999,28,118,53,417,0.2261,170.59999999999999,2026-09-09T14:54:40,7636.3599000000004,2026-09-09T16:14:59,2026-09-09T16:14:59-04:00,2026-09-10 12:42:18,2026-09-10T12:42:45.552283+00:00,https://cdn.cboe.com/api/global/delayed_quotes/options/_SPX.json,3844,1.0211472919837645,176.19999999999999,0.010215664018161085,0.85773851491729713,inverted,,0.041325086453535741,0.0051021907489013849,7924.1095086886753,0.22515857555414917,0.22469643820243063,0.22562006154799161,-1.7053025658242404e-13,5,1948.8505473459834,1.8373243800850219,-0.094142444585082474,,converged,newton,,converged,,converged,,compared_not_calibrated
SPX,SPX270917P06700000,2027-09-17,AM,2027-09-17T09:30:00-04:00,put,6700,196.69999999999999,198.59999999999999,26,109,1,305,0.21920000000000001,192.69999999999999,2026-09-09T10:20:38,7636.3599000000004,2026-09-09T16:14:59,2026-09-09T16:14:59-04:00,2026-09-10 12:42:18,2026-09-10T12:42:45.552283+00:00,https://cdn.cboe.com/api/global/delayed_quotes/options/_SPX.json,3850,1.0211472919837645,197.64999999999998,0.0096129521882115151,0.87738138167112834,inverted,,0.041325086453535741,0.0051021907489013849,7924.1095086886753,0.21826748532221771,0.21781389275980592,0.21872054437578947,1.1368683772161603e-13,5,2095.6266246326795,1.9565595743011954,-0.093251467778229791,,converged,newton,,converged,,converged,,compared_not_calibrated
SPX,SPX270917P06725000,2027-09-17,AM,2027-09-17T09:30:00-04:00,put,6725,200.59999999999999,202.40000000000001,22,107,4,41,0.21809999999999999,198,2026-09-09T12:49:22,7636.3599000000004,2026-09-09T16:14:59,2026-09-09T16:14:59-04:00,2026-09-10 12:42:18,2026-09-10T12:42:45.552283+00:00,https://cdn.cboe.com/api/global/delayed_quotes/options/_SPX.json,3851,1.0211472919837645,201.5,0.0089330024813896354,0.88065519279676696,inverted,,0.041325086453535741,0.0051021907489013849,7924.1095086886753,0.21714123809184041,0.21671656184550664,0.21756546040885011,4.5474735088646412e-13,5,2120.3977725832792,2.0354029799595992,-0.095876190815957774,,converged,newton,,converged,,converged,,compared_not_calibrated
SPX,SPX270917P06775000,2027-09-17,AM,2027-09-17T09:30:00-04:00,put,6775,208.40000000000001,210.30000000000001,22,105,54,175,0.21579999999999999,204.09,2026-09-09T14:35:16,7636.3599000000004,2026-09-09T16:14:59,2026-09-09T16:14:59-04:00,2026-09-10 12:42:18,2026-09-10T12:42:45.552283+00:00,https://cdn.cboe.com/api/global/delayed_quotes/options/_SPX.json,3853,1.0211472919837645,209.35000000000002,0.0090757105326009346,0.88720281504804399,inverted,,0.041325086453535741,0.0051021907489013849,7924.1095086886753,0.21486110609405173,0.21442306445953585,0.21529869373146276,5.6843418860808015e-13,5,2169.8712129053179,2.0395355642307322,-0.093889390594825706,,converged,newton,,converged,,converged,,compared_not_calibrated
SPX,SPX270917P06800000,2027-09-17,AM,2027-09-17T09:30:00-04:00,put,6800,212.40000000000001,214.30000000000001,24,68,1200,2092,0.2147,209.81999999999999,2026-09-09T11:59:44,7636.3599000000004,2026-09-09T16:14:59,2026-09-09T16:14:59-04:00,2026-09-10 12:42:18,2026-09-10T12:42:45.552283+00:00,https://cdn.cboe.com/api/global/delayed_quotes/options/_SPX.json,3854,1.0211472919837645,213.35000000000002,0.0089055542535739652,0.89047662617368251,inverted,,0.041325086453535741,0.0051021907489013849,7924.1095086886753,0.21370662420358497,0.21327351952877233,0.21413929902804027,7.9580786405131221e-13,5,2194.5571563072103,2.1824937032596381,-0.099337579641503582,,converged,newton,,converged,,converged,,compared_not_calibrated
SPX,SPX270917P06875000,2027-09-17,AM,2027-09-17T09:30:00-04:00,put,6875,225,227,20,96,7,75,0.21129999999999999,222.59999999999999,2026-09-09T15:59:30,7636.3599000000004,2026-09-09T16:14:59,2026-09-09T16:14:59-04:00,2026-09-10 12:42:18,2026-09-10T12:42:45.552283+00:00,https://cdn.cboe.com/api/global/delayed_quotes/options/_SPX.json,3857,1.0211472919837645,226,0.0088495575221238937,0.90029805955059816,inverted,,0.041325086453535741,0.0051021907489013849,7924.1095086886753,0.21033620253935628,0.20989528517925915,0.2107767180613408,-4.5474735088646412e-13,5,2269.0355345947883,2.1890621147863385,-0.096379746064370608,,converged,newton,,converged,,converged,,compared_not_calibrated
SPX,SPX270917P06900000,2027-09-17,AM,2027-09-17T09:30:00-04:00,put,6900,229.30000000000001,231.40000000000001,20,95,5,751,0.2102,223.59999999999999,2026-09-09T14:45:02,7636.3599000000004,2026-09-09T16:14:59,2026-09-09T16:14:59-04:00,2026-09-10 12:42:18,2026-09-10T12:42:45.552283+00:00,https://cdn.cboe.com/api/global/delayed_quotes/options/_SPX.json,3858,1.0211472919837645,230.35000000000002,0.009116561753852807,0.90357187067623668,inverted,,0.041325086453535741,0.0051021907489013849,7924.1095086886753,0.20920363692094876,0.20874566434245465,0.20966119146152162,1.1368683772161603e-13,5,2293.7635741011336,2.2876830270425899,-0.099636307905123789,,converged,newton,,converged,,converged,,compared_not_calibrated
SPX,SPX270917P06925000,2027-09-17,AM,2027-09-17T09:30:00-04:00,put,6925,233.80000000000001,235.80000000000001,20,93,61,197,0.20899999999999999,227.59999999999999,2026-09-09T14:55:12,7636.3599000000004,2026-09-09T16:14:59,2026-09-09T16:14:59-04:00,2026-09-10 12:42:18,2026-09-10T12:42:45.552283+00:00,https://cdn.cboe.com/api/global/delayed_quotes/options/_SPX.json,3859,1.0211472919837645,234.80000000000001,0.0085178875638841564,0.90684568180187519,inverted,,0.041325086453535741,0.0051021907489013849,7924.1095086886753,0.2080800769921558,0.20764858182462212,0.20851121474833054,1.7053025658242404e-13,5,2318.4858632159107,2.1347057256095354,-0.091992300784418668,,converged,newton,,converged,,converged,,compared_not_calibrated
SPX,SPX270917P07000000,2027-09-17,AM,2027-09-17T09:30:00-04:00,put,7000,247.59999999999999,249.59999999999999,22,72,34,2806,0.20569999999999999,243.34,2026-09-09T15:56:53,7636.3599000000004,2026-09-09T16:14:59,2026-09-09T16:14:59-04:00,2026-09-10 12:42:18,2026-09-10T12:42:45.552283+00:00,https://cdn.cboe.com/api/global/delayed_quotes/options/_SPX.json,3862,1.0211472919837645,248.59999999999999,0.0080450522928399038,0.91666711517879085,inverted,,0.041325086453535741,0.0051021907489013849,7924.1095086886753,0.20469147647455221,0.20427329544350428,0.20510935982262779,1.4210854715202004e-13,5,2392.1624958387356,2.4146151096860251,-0.10085235254477798,-3.5743652206587058,converged,newton,,converged,,converged,,compared_not_calibrated
SPX,SPX270917P07025000,2027-09-17,AM,2027-09-17T09:30:00-04:00,put,7025,252.30000000000001,254.5,18,88,46,168,0.2046,250,2026-09-09T12:35:59,7636.3599000000004,2026-09-09T16:14:59,2026-09-09T16:14:59-04:00,2026-09-10 12:42:18,2026-09-10T12:42:45.552283+00:00,https://cdn.cboe.com/api/global/delayed_quotes/options/_SPX.json,3863,1.0211472919837645,253.40000000000001,0.0086819258089975877,0.91994092630442936,inverted,,0.041325086453535741,0.0051021907489013849,7924.1095086886753,0.20357476100564337,0.20311940469773995,0.20402977924153251,8.5265128291212022e-14,5,2416.5903186170062,2.4796452299461578,-0.10252389943566365,,converged,newton,,converged,,converged,,compared_not_calibrated
SPX,SPX270917P07050000,2027-09-17,AM,2027-09-17T09:30:00-04:00,put,7050,257.30000000000001,259.30000000000001,5,70,349,300,0.20349999999999999,251.5,2026-09-09T15:47:48,7636.3599000000004,2026-09-09T16:14:59,2026-09-09T16:14:59-04:00,2026-09-10 12:42:18,2026-09-10T12:42:45.552283+00:00,https://cdn.cboe.com/api/global/delayed_quotes/options/_SPX.json,3864,1.0211472919837645,258.30000000000001,0.0077429345722028649,0.92321473743006788,inverted,,0.041325086453535741,0.0051021907489013849,7924.1095086886753,0.20246301167407904,0.20205319858019788,0.20287256287985952,-5.6843418860808015e-14,5,2440.9186779210359,2.5332421825123106,-0.10369883259209456,,converged,newton,,converged,,converged,,compared_not_calibrated
SPX,SPX270917P07175000,2027-09-17,AM,2027-09-17T09:30:00-04:00,put,7175,283,285.19999999999999,20,54,3,217,0.19789999999999999,275.39999999999998,2026-09-09T09:38:26,7636.3599000000004,2026-09-09T16:14:59,2026-09-09T16:14:59-04:00,2026-09-10 12:42:18,2026-09-10T12:42:45.552283+00:00,https://cdn.cboe.com/api/global/delayed_quotes/options/_SPX.json,3869,1.0211472919837645,284.10000000000002,0.0077437521999295612,0.93958379305826056,inverted,,0.041325086453535741,0.0051021907489013849,7924.1095086886753,0.1968721961906012,0.19644241349393676,0.19730175450108148,-1.1368683772161603e-13,5,2560.103037747253,2.6329188265798393,-0.10278038093987918,,converged,newton,,converged,,converged,,compared_not_calibrated
SPX,SPX270917P07200000,2027-09-17,AM,2027-09-17T09:30:00-04:00,put,7200,288.39999999999998,290.69999999999999,19,79,26,1231,0.1968,286.92000000000002,2026-09-09T12:30:45,7636.3599000000004,2026-09-09T16:14:59,2026-09-09T16:14:59-04:00,2026-09-10 12:42:18,2026-09-10T12:42:45.552283+00:00,https://cdn.cboe.com/api/global/delayed_quotes/options/_SPX.json,3870,1.0211472919837645,289.54999999999995,0.0079433603868071558,0.94285760418389919,inverted,,0.041325086453535741,0.0051021907489013849,7924.1095086886753,0.19575478465172233,0.19530951296834925,0.1961998286644524,1.1368683772161603e-12,5,2583.3551241084037,2.7017751761461568,-0.10452153482776727,-2.3385683500475807,converged,newton,,converged,,converged,,compared_not_calibrated
SPX,SPX270917P07350000,2027-09-17,AM,2027-09-17T09:30:00-04:00,put,7350,323.30000000000001,325.69999999999999,18,71,40,304,0.19020000000000001,321.16000000000003,2026-09-09T11:17:16,7636.3599000000004,2026-09-09T16:14:59,2026-09-09T16:14:59-04:00,2026-09-10 12:42:18,2026-09-10T12:42:45.552283+00:00,https://cdn.cboe.com/api/global/delayed_quotes/options/_SPX.json,3876,1.0211472919837645,324.5,0.0073959938366717328,0.96250047093773039,inverted,,0.041325086453535741,0.0051021907489013849,7924.1095086886753,0.18907700102834332,0.1886352912723768,0.18951856036398793,4.5474735088646412e-13,5,2717.1800190081976,3.0527036604639761,-0.11229989716566857,,converged,newton,,converged,,converged,,compared_not_calibrated
SPX,SPX270917P07425000,2027-09-17,AM,2027-09-17T09:30:00-04:00,put,7425,342.19999999999999,344.69999999999999,14,46,10,111,0.18679999999999999,338.27999999999997,2026-09-09T12:49:22,7636.3599000000004,2026-09-09T16:14:59,2026-09-09T16:14:59-04:00,2026-09-10 12:42:18,2026-09-10T12:42:45.552283+00:00,https://cdn.cboe.com/api/global/delayed_quotes/options/_SPX.json,3879,1.0211472919837645,343.44999999999999,0.007279079924297569,0.97232190431464605,inverted,,0.041325086453535741,0.0051021907489013849,7924.1095086886753,0.18573114585263129,0.18528134433685048,0.18618082610800682,-6.2527760746888816e-13,5,2779.3792413705655,2.9716970091020016,-0.10688541473687085,,converged,newton,,converged,,converged,,compared_not_calibrated
SPX,SPX270917P07500000,2027-09-17,AM,2027-09-17T09:30:00-04:00,put,7500,362.39999999999998,364.89999999999998,3,43,1,1620,0.18360000000000001,353.33999999999997,2026-09-09T10:54:55,7636.3599000000004,2026-09-09T16:14:59,2026-09-09T16:14:59-04:00,2026-09-10 12:42:18,2026-09-10T12:42:45.552283+00:00,https://cdn.cboe.com/api/global/delayed_quotes/options/_SPX.json,3882,1.0211472919837645,363.64999999999998,0.0068747421971676066,0.98214333769156159,inverted,,0.041325086453535741,0.0051021907489013849,7924.1095086886753,0.18244758806990527,0.18200703934306472,0.18288805115907339,1.4665602066088468e-11,4,2837.6471862877502,3.2709642310597928,-0.11524119300947433,-0.38487304413206402,converged,newton,,converged,,converged,,compared_not_calibrated
SPX,SPX270917P07525000,2027-09-17,AM,2027-09-17T09:30:00-04:00,put,7525,369.10000000000002,371.80000000000001,13,43,1,76,0.1825,364.60000000000002,2026-09-09T15:58:45,7636.3599000000004,2026-09-09T16:14:59,2026-09-09T16:14:59-04:00,2026-09-10 12:42:18,2026-09-10T12:42:45.552283+00:00,https://cdn.cboe.com/api/global/delayed_quotes/options/_SPX.json,3883,1.0211472919837645,370.45000000000005,0.007288432986907783,0.98541714881720011,inverted,,0.041325086453535741,0.0051021907489013849,7924.1095086886753,0.18128863553159805,0.18081589743446833,0.18176128588657603,4.7748471843078732e-12,4,2855.9697138809252,3.4604368849797993,-0.12113644684019487,,converged,newton,,converged,,converged,,compared_not_calibrated
SPX,SPX270917P07550000,2027-09-17,AM,2027-09-17T09:30:00-04:00,put,7550,376.5,378.89999999999998,3,42,8,4431,0.18140000000000001,371.05000000000001,2026-09-09T13:06:27,7636.3599000000004,2026-09-09T16:14:59,2026-09-09T16:14:59-04:00,2026-09-10 12:42:18,2026-09-10T12:42:45.552283+00:00,https://cdn.cboe.com/api/global/delayed_quotes/options/_SPX.json,3884,1.0211472919837645,377.69999999999999,0.0063542494042890581,0.98869095994283873,inverted,,0.041325086453535741,0.0051021907489013849,7924.1095086886753,0.18024210325011791,0.17982451607643449,0.18065963024515519,1.6484591469634324e-12,4,2873.8591421111983,3.328292188268108,-0.11578967498820925,-0.45092382647982276,converged,newton,,converged,,converged,,compared_not_calibrated
SPX,SPX270917P07625000,2027-09-17,AM,2027-09-17T09:30:00-04:00,put,7625,398.60000000000002,401,3,50,5,179,0.17810000000000001,392.5,2026-09-09T15:56:52,7636.3599000000004,2026-09-09T16:14:59,2026-09-09T16:14:59-04:00,2026-09-10 12:42:18,2026-09-10T12:42:45.552283+00:00,https://cdn.cboe.com/api/global/delayed_quotes/options/_SPX.json,3887,1.0211472919837645,399.80000000000001,0.0060030015007503179,0.99851239331975428,inverted,,0.041325086453535741,0.0051021907489013849,7924.1095086886753,0.17694548476595293,0.17653502639181584,0.17735590666266768,6.2527760746888816e-13,4,2923.6910761888621,3.3758643371308494,-0.11545152340470821,,converged,newton,,converged,,converged,,compared_not_calibrated
SPX,SPX270917P07650000,2027-09-17,AM,2027-09-17T09:30:00-04:00,put,7650,406,408.69999999999999,29,49,390,4554,0.17699999999999999,400.06,2026-09-09T15:56:52,7636.3599000000004,2026-09-09T16:14:59,2026-09-09T16:14:59-04:00,2026-09-10 12:42:18,2026-09-10T12:42:45.552283+00:00,https://cdn.cboe.com/api/global/delayed_quotes/options/_SPX.json,3888,1.0211472919837645,407.35000000000002,0.006628206701853415,1.0017862044453929,inverted,,0.041325086453535741,0.0051021907489013849,7924.1095086886753,0.17581564820681408,0.17535628341576273,0.17627497534733599,-1.1368683772161603e-13,4,2938.961690323446,3.4811290865544606,-0.1184351793185906,0.16697460882562609,converged,newton,,converged,,converged,,compared_not_calibrated
SPX,SPX270917P07700000,2027-09-17,AM,2027-09-17T09:30:00-04:00,put,7700,422,424.5,21,49,971,3364,0.1749,414.06,2026-09-09T15:05:50,7636.3599000000004,2026-09-09T16:14:59,2026-09-09T16:14:59-04:00,2026-09-10 12:42:18,2026-09-10T12:42:45.552283+00:00,https://cdn.cboe.com/api/global/delayed_quotes/options/_SPX.json,3890,1.0211472919837645,423.25,0.0059066745422327229,1.0083338266966699,inverted,,0.041325086453535741,0.0051021907489013849,7924.1095086886753,0.17368270439921563,0.17326144795119605,0.17410394141483745,-4.5474735088646412e-13,4,2967.3823299757732,3.6124196451996795,-0.12172956007843738,0.4009238264789019,converged,newton,,converged,,converged,,compared_not_calibrated
SPX,SPX270917P07725000,2027-09-17,AM,2027-09-17T09:30:00-04:00,put,7725,429.89999999999998,432.80000000000001,28,37,12,308,0.17380000000000001,424.69999999999999,2026-09-09T13:00:32,7636.3599000000004,2026-09-09T16:14:59,2026-09-09T16:14:59-04:00,2026-09-10 12:42:18,2026-09-10T12:42:45.552283+00:00,https://cdn.cboe.com/api/global/delayed_quotes/options/_SPX.json,3891,1.0211472919837645,431.35000000000002,0.0067230787063870031,1.0116076378223084,inverted,,0.041325086453535741,0.0051021907489013849,7924.1095086886753,0.17259283397294639,0.17210631602176424,0.17307933315579677,-5.6843418860808015e-13,4,2980.4205645563015,3.5980325686463175,-0.12071660270536189,0.76789843530457347,converged,newton,,converged,,converged,,compared_not_calibrated
SPX,SPX270917P07750000,2027-09-17,AM,2027-09-17T09:30:00-04:00,put,7750,438.19999999999999,441,3,46,13,486,0.17280000000000001,433.19999999999999,2026-09-09T12:49:14,7636.3599000000004,2026-09-09T16:14:59,2026-09-09T16:14:59-04:00,2026-09-10 12:42:18,2026-09-10T12:42:45.552283+00:00,https://cdn.cboe.com/api/global/delayed_quotes/options/_SPX.json,3892,1.0211472919837645,439.60000000000002,0.0063694267515923822,1.014881448947947,inverted,,0.041325086453535741,0.0051021907489013849,7924.1095086886753,0.17150319936557828,0.17103537922904963,0.17197100811286395,3.4106051316484809e-13,4,2992.6397594746518,3.8809860063964834,-0.12968006344217242,,converged,newton,,converged,,converged,,compared_not_calibrated
SPX,SPX270917P07800000,2027-09-17,AM,2027-09-17T09:30:00-04:00,put,7800,455.69999999999999,458.19999999999999,20,46,358,1332,0.17069999999999999,448.13,2026-09-09T14:13:01,7636.3599000000004,2026-09-09T16:14:59,2026-09-09T16:14:59-04:00,2026-09-10 12:42:18,2026-09-10T12:42:45.552283+00:00,https://cdn.cboe.com/api/global/delayed_quotes/options/_SPX.json,3894,1.0211472919837645,456.94999999999999,0.0054710581026370499,1.021429071199224,inverted,,0.041325086453535741,0.0051021907489013849,7924.1095086886753,0.16945383111966428,0.16903916557045451,0.16986849548314772,2.8421709430404007e-13,3,3014.4819855763235,3.7565686757018852,-0.12461688803357129,0.91882226178353221,converged,newton,,converged,,converged,,compared_not_calibrated
SPX,SPX270917P07825000,2027-09-17,AM,2027-09-17T09:30:00-04:00,put,7825,464.19999999999999,467.10000000000002,23,45,10,284,0.16969999999999999,457.69999999999999,2026-09-09T13:11:42,7636.3599000000004,2026-09-09T16:14:59,2026-09-09T16:14:59-04:00,2026-09-10 12:42:18,2026-09-10T12:42:45.552283+00:00,https://cdn.cboe.com/api/global/delayed_quotes/options/_SPX.json,3895,1.0211472919837645,465.64999999999998,0.0062278535380651439,1.0247028823248625,inverted,,0.041325086453535741,0.0051021907489013849,7924.1095086886753,0.16835924282459336,0.16787975035085462,0.16883873770589955,-1.7053025658242404e-12,3,3024.0232861332765,4.0544514485310401,-0.13407571754066316,,converged,newton,,converged,,converged,,compared_not_calibrated
SPX,SPX270917P07850000,2027-09-17,AM,2027-09-17T09:30:00-04:00,put,7850,473.5,476,16,42,9,646,0.16869999999999999,464.60000000000002,2026-09-09T13:15:50,7636.3599000000004,2026-09-09T16:14:59,2026-09-09T16:14:59-04:00,2026-09-10 12:42:18,2026-09-10T12:42:45.552283+00:00,https://cdn.cboe.com/api/global/delayed_quotes/options/_SPX.json,3896,1.0211472919837645,474.75,0.0052659294365455505,1.0279766934505012,inverted,,0.041325086453535741,0.0051021907489013849,7924.1095086886753,0.16734388171910441,0.16693169578283543,0.16775607177884497,-7.8216544352471828e-11,3,3032.5968413271835,4.1124916013786788,-0.13561182808955741,,converged,newton,,converged,,converged,,compared_not_calibrated
SPX,SPX270917P07900000,2027-09-17,AM,2027-09-17T09:30:00-04:00,put,7900,492.10000000000002,494.80000000000001,16,37,22,2180,0.16669999999999999,490.80000000000001,2026-09-09T12:29:03,7636.3599000000004,2026-09-09T16:14:59,2026-09-09T16:14:59-04:00,2026-09-10 12:42:18,2026-09-10T12:42:45.552283+00:00,https://cdn.cboe.com/api/global/delayed_quotes/options/_SPX.json,3898,1.0211472919837645,493.45000000000005,0.0054716789948322797,1.0345243157017783,inverted,,0.041325086453535741,0.0051021907489013849,7924.1095086886753,0.16531528972124226,0.16487219059427352,0.16575839673915552,-7.0485839387401938e-12,3,3046.6952205882358,4.2186724059131393,-0.13847102787577226,,converged,newton,,converged,,converged,,compared_not_calibrated
SPX,SPX270917C07925000,2027-09-17,AM,2027-09-17T09:30:00-04:00,call,7925,502.69999999999999,505.39999999999998,10,24,1,188,0.1656,517.29999999999995,2026-09-09T10:34:37,7636.3599000000004,2026-09-09T16:14:59,2026-09-09T16:14:59-04:00,2026-09-10 12:42:18,2026-09-10T12:42:45.552283+00:00,https://cdn.cboe.com/api/global/delayed_quotes/options/_SPX.json,3689,1.0211472919837645,504.04999999999995,0.0053566114472770338,1.0377981268274168,inverted,,0.041325086453535741,0.0051021907489013849,7924.1095086886753,0.16490775482437936,0.16446543641405437,0.16535008147075769,2.2737367544323206e-13,3,3052.0715651243972,2.1127509897789878,-0.069224517562063714,,converged,newton,,converged,,converged,,compared_not_calibrated
SPX,SPX270917C07950000,2027-09-17,AM,2027-09-17T09:30:00-04:00,call,7950,488.69999999999999,491.19999999999999,2,13,18,195,0.1646,493.92000000000002,2026-09-09T11:31:55,7636.3599000000004,2026-09-09T16:14:59,2026-09-09T16:14:59-04:00,2026-09-10 12:42:18,2026-09-10T12:42:45.552283+00:00,https://cdn.cboe.com/api/global/delayed_quotes/options/_SPX.json,3690,1.0211472919837645,489.94999999999999,0.005102561485865905,1.0410719379530553,inverted,,0.041325086453535741,0.0051021907489013849,7924.1095086886753,0.16392333978691442,0.16351436735676675,0.16433231882083318,-6.0822458181064576e-12,3,3056.4160966185236,2.0681274941828747,-0.067666021308557256,,converged,newton,,converged,,converged,,compared_not_calibrated
SPX,SPX270917C08000000,2027-09-17,AM,2027-09-17T09:30:00-04:00,call,8000,461.19999999999999,463.69999999999999,12,13,136,2211,0.16270000000000001,469.49000000000001,2026-09-09T15:56:53,7636.3599000000004,2026-09-09T16:14:59,2026-09-09T16:14:59-04:00,2026-09-10 12:42:18,2026-09-10T12:42:45.552283+00:00,https://cdn.cboe.com/api/global/delayed_quotes/options/_SPX.json,3692,1.0211472919837645,462.44999999999999,0.0054059898367391068,1.0476195602043323,inverted,,0.041325086453535741,0.0051021907489013849,7924.1095086886753,0.16201261707852554,0.16160434318766784,0.16242089437615484,-2.7000623958883807e-11,3,3061.6574685607739,2.1045161660766212,-0.068738292147446645,2.3546191323945891,converged,newton,,converged,,converged,,compared_not_calibrated
SPX,SPX270917C08025000,2027-09-17,AM,2027-09-17T09:30:00-04:00,call,8025,447.80000000000001,450.39999999999998,10,36,57,250,0.1618,457.50999999999999,2026-09-09T14:13:01,7636.3599000000004,2026-09-09T16:14:59,2026-09-09T16:14:59-04:00,2026-09-10 12:42:18,2026-09-10T12:42:45.552283+00:00,https://cdn.cboe.com/api/global/delayed_quotes/options/_SPX.json,3693,1.0211472919837645,449.10000000000002,0.0057893564907592204,1.0508933713299708,inverted,,0.041325086453535741,0.0051021907489013849,7924.1095086886753,0.1611010434048927,0.16067655284416624,0.16152553462092328,-1.1368683772161603e-13,3,3062.492206111549,2.1405462385699821,-0.069895659510729735,,converged,newton,,converged,,converged,,compared_not_calibrated
SPX,SPX270917C08050000,2027-09-17,AM,2027-09-17T09:30:00-04:00,call,8050,434.5,437.10000000000002,13,27,12,450,0.1608,447,2026-09-09T15:18:29,7636.3599000000004,2026-09-09T16:14:59,2026-09-09T16:14:59-04:00,2026-09-10 12:42:18,2026-09-10T12:42:45.552283+00:00,https://cdn.cboe.com/api/global/delayed_quotes/options/_SPX.json,3694,1.0211472919837645,435.80000000000001,0.0059660394676457609,1.0541671824556094,inverted,,0.041325086453535741,0.0051021907489013849,7924.1095086886753,0.16014692953651055,0.15972238219974164,0.16057147356533599,1.2903456081403419e-11,3,3062.0969803810017,1.9997768850818716,-0.065307046348944686,2.5885683500468417,converged,newton,,converged,,converged,,compared_not_calibrated
SPX,SPX270917C08075000,2027-09-17,AM,2027-09-17T09:30:00-04:00,call,8075,421.60000000000002,424,15,18,2,338,0.1598,430.30000000000001,2026-09-09T12:02:04,7636.3599000000004,2026-09-09T16:14:59,2026-09-09T16:14:59-04:00,2026-09-10 12:42:18,2026-09-10T12:42:45.552283+00:00,https://cdn.cboe.com/api/global/delayed_quotes/options/_SPX.json,3695,1.0211472919837645,422.80000000000001,0.005676442762535424,1.0574409935812481,inverted,,0.041325086453535741,0.0051021907489013849,7924.1095086886753,0.15923121193967957,0.15883910826736239,0.15962330859247095,1.7053025658242404e-13,4,3060.4426434303746,1.7407656619158729,-0.056878806032042983,,converged,newton,,converged,,converged,,compared_not_calibrated
SPX,SPX270917C08100000,2027-09-17,AM,2027-09-17T09:30:00-04:00,call,8100,408.80000000000001,411.30000000000001,15,24,115,680,0.15890000000000001,416.35000000000002,2026-09-09T16:02:20,7636.3599000000004,2026-09-09T16:14:59,2026-09-09T16:14:59-04:00,2026-09-10 12:42:18,2026-09-10T12:42:45.552283+00:00,https://cdn.cboe.com/api/global/delayed_quotes/options/_SPX.json,3696,1.0211472919837645,410.05000000000001,0.0060968174612852089,1.0607148047068866,inverted,,0.041325086453535741,0.0051021907489013849,7924.1095086886753,0.15833691970316852,0.157928083078749,0.15874574320968543,-7.3896444519050419e-13,4,3057.5052897229029,1.7216588002222011,-0.056308029683149741,2.9725175676999811,converged,newton,,converged,,converged,,compared_not_calibrated
SPX,SPX270917C08150000,2027-09-17,AM,2027-09-17T09:30:00-04:00,call,8150,383.89999999999998,386.39999999999998,14,25,20,519,0.15709999999999999,395.04000000000002,2026-09-09T14:43:17,7636.3599000000004,2026-09-09T16:14:59,2026-09-09T16:14:59-04:00,2026-09-10 12:42:18,2026-09-10T12:42:45.552283+00:00,https://cdn.cboe.com/api/global/delayed_quotes/options/_SPX.json,3698,1.0211472919837645,385.14999999999998,0.006490977541217708,1.0672624269581636,inverted,,0.041325086453535741,0.0051021907489013849,7924.1095086886753,0.15656112380264539,0.15615096130756265,0.15697125910518434,-3.4106051316484809e-13,4,3047.6740271571739,1.6423901948329558,-0.053887619735459857,,converged,newton,,converged,,converged,,compared_not_calibrated
SPX,SPX270917C08175000,2027-09-17,AM,2027-09-17T09:30:00-04:00,call,8175,371.89999999999998,374.30000000000001,2,38,10,437,0.15620000000000001,381.19999999999999,2026-09-09T13:02:03,7636.3599000000004,2026-09-09T16:14:59,2026-09-09T16:14:59-04:00,2026-09-10 12:42:18,2026-09-10T12:42:45.552283+00:00,https://cdn.cboe.com/api/global/delayed_quotes/options/_SPX.json,3699,1.0211472919837645,373.10000000000002,0.006432591798445548,1.0705362380838022,inverted,,0.041325086453535741,0.0051021907489013849,7924.1095086886753,0.15571130346259343,0.15531664758397834,0.15610592628112543,-5.6843418860808015e-13,4,3040.7514261851975,1.4860814721081397,-0.048869653740657437,3.4234413941788944,converged,newton,,converged,,converged,,compared_not_calibrated
SPX,SPX270917C08200000,2027-09-17,AM,2027-09-17T09:30:00-04:00,call,8200,359.89999999999998,362.19999999999999,22,14,140,802,0.15529999999999999,367.89999999999998,2026-09-09T15:44:09,7636.3599000000004,2026-09-09T16:14:59,2026-09-09T16:14:59-04:00,2026-09-10 12:42:18,2026-09-10T12:42:45.552283+00:00,https://cdn.cboe.com/api/global/delayed_quotes/options/_SPX.json,3700,1.0211472919837645,361.04999999999995,0.0063703088214929005,1.0738100492094407,inverted,,0.041325086453535741,0.0051021907489013849,7924.1095086886753,0.15479839743696081,0.15441914074181701,0.15517761534186705,2.2737367544323206e-13,4,3032.402604305365,1.5211634158938523,-0.050160256303918849,3.3404160030045205,converged,newton,,converged,,converged,,compared_not_calibrated
SPX,SPX270917C08225000,2027-09-17,AM,2027-09-17T09:30:00-04:00,call,8225,348.30000000000001,350.80000000000001,22,40,4,117,0.1545,356.69,2026-09-09T12:44:43,7636.3599000000004,2026-09-09T16:14:59,2026-09-09T16:14:59-04:00,2026-09-10 12:42:18,2026-09-10T12:42:45.552283+00:00,https://cdn.cboe.com/api/global/delayed_quotes/options/_SPX.json,3701,1.0211472919837645,349.55000000000001,0.007152052639107424,1.0770838603350792,inverted,,0.041325086453535741,0.0051021907489013849,7924.1095086886753,0.15400321403504039,0.15358965503938127,0.15441671607123761,6.2527760746888816e-13,4,3022.7521967543885,1.5017846503898795,-0.04967859649596118,,converged,newton,,converged,,converged,,compared_not_calibrated
SPX,SPX270917C08250000,2027-09-17,AM,2027-09-17T09:30:00-04:00,call,8250,336.89999999999998,339.19999999999999,22,19,18,1646,0.15359999999999999,346.69,2026-09-09T10:18:12,7636.3599000000004,2026-09-09T16:14:59,2026-09-09T16:14:59-04:00,2026-09-10 12:42:18,2026-09-10T12:42:45.552283+00:00,https://cdn.cboe.com/api/global/delayed_quotes/options/_SPX.json,3702,1.0211472919837645,338.04999999999995,0.0068037272592812057,1.0803576714607177,inverted,,0.041325086453535741,0.0051021907489013849,7924.1095086886753,0.15314381689785941,0.15276193420896081,0.15352564070867755,2.0463630789890885e-12,4,3011.6288368481232,1.3739803027017388,-0.045618310214057267,,converged,newton,,converged,,converged,,compared_not_calibrated
SPX,SPX270917C08300000,2027-09-17,AM,2027-09-17T09:30:00-04:00,call,8300,314.80000000000001,317.19999999999999,29,19,14,1895,0.152,322.41000000000003,2026-09-09T16:01:52,7636.3599000000004,2026-09-09T16:14:59,2026-09-09T16:14:59-04:00,2026-09-10 12:42:18,2026-09-10T12:42:45.552283+00:00,https://cdn.cboe.com/api/global/delayed_quotes/options/_SPX.json,3704,1.0211472919837645,316,0.0075949367088606872,1.0869052937119947,inverted,,0.041325086453535741,0.0051021907489013849,7924.1095086886753,0.15154549253144298,0.15114347001592976,0.15194742364111954,6.3209881773218513e-11,4,2985.2478500616762,1.3569913109527079,-0.04545074685570194,,converged,newton,,converged,,converged,,compared_not_calibrated
SPX,SPX270917C08325000,2027-09-17,AM,2027-09-17T09:30:00-04:00,call,8325,304.19999999999999,306.5,24,15,2,311,0.1512,309.19,2026-09-09T11:16:53,7636.3599000000004,2026-09-09T16:14:59,2026-09-09T16:14:59-04:00,2026-09-10 12:42:18,2026-09-10T12:42:45.552283+00:00,https://cdn.cboe.com/api/global/delayed_quotes/options/_SPX.json,3705,1.0211472919837645,305.35000000000002,0.007532339937776359,1.0901791048376335,inverted,,0.041325086453535741,0.0051021907489013849,7924.1095086886753,0.15077314540874504,0.15038588464146035,0.15116030760292332,-5.6843418860808015e-13,5,2969.9543720693528,1.2679160192782319,-0.042685459125496594,,converged,newton,,converged,,converged,,compared_not_calibrated
SPX,SPX270917C08350000,2027-09-17,AM,2027-09-17T09:30:00-04:00,call,8350,293.69999999999999,296,25,15,84,368,0.15040000000000001,301.04000000000002,2026-09-09T16:07:21,7636.3599000000004,2026-09-09T16:14:59,2026-09-09T16:14:59-04:00,2026-09-10 12:42:18,2026-09-10T12:42:45.552283+00:00,https://cdn.cboe.com/api/global/delayed_quotes/options/_SPX.json,3706,1.0211472919837645,294.85000000000002,0.0078005765643547947,1.093452915963272,inverted,,0.041325086453535741,0.0051021907489013849,7924.1095086886753,0.14998470709703662,0.14959523978424449,0.15037405958814418,-5.6843418860808015e-13,5,2953.1876242574126,1.2266301440876077,-0.041529290296338228,4.4422636559623925,converged,newton,,converged,,converged,,compared_not_calibrated
SPX,SPX270917C08400000,2027-09-17,AM,2027-09-17T09:30:00-04:00,call,8400,273.69999999999999,276,25,21,100,1224,0.14899999999999999,286,2026-09-09T10:09:40,7636.3599000000004,2026-09-09T16:14:59,2026-09-09T16:14:59-04:00,2026-09-10 12:42:18,2026-09-10T12:42:45.552283+00:00,https://cdn.cboe.com/api/global/delayed_quotes/options/_SPX.json,3708,1.0211472919837645,274.85000000000002,0.0083682008368201246,1.100000538214549,inverted,,0.041325086453535741,0.0051021907489013849,7924.1095086886753,0.14854570512767995,0.14815120913551769,0.14894004892589549,3.4106051316484809e-13,5,2915.6761377239322,1.3248701662049598,-0.045429487232004351,,converged,newton,,converged,,converged,,compared_not_calibrated
SPX,SPX270917C08450000,2027-09-17,AM,2027-09-17T09:30:00-04:00,call,8450,254.59999999999999,256.89999999999998,27,29,33,422,0.14749999999999999,261.36000000000001,2026-09-09T16:07:54,7636.3599000000004,2026-09-09T16:14:59,2026-09-09T16:14:59-04:00,2026-09-10 12:42:18,2026-09-10T12:42:45.552283+00:00,https://cdn.cboe.com/api/global/delayed_quotes/options/_SPX.json,3709,1.0211472919837645,255.75,0.0089931573802540885,1.106548160465826,inverted,,0.041325086453535741,0.0051021907489013849,7924.1095086886753,0.1471445976486852,0.14674416790279249,0.14754483001294119,0,5,2872.6247471659085,1.0211604981304845,-0.035540235131478748,,converged,newton,,converged,,converged,,compared_not_calibrated
SPX,SPX270917C08500000,2027-09-17,AM,2027-09-17T09:30:00-04:00,call,8500,236.5,238.69999999999999,28,24,44,3222,0.1462,243.63,2026-09-09T15:37:42,7636.3599000000004,2026-09-09T16:14:59,2026-09-09T16:14:59-04:00,2026-09-10 12:42:18,2026-09-10T12:42:45.552283+00:00,https://cdn.cboe.com/api/global/delayed_quotes/options/_SPX.json,3710,1.0211472919837645,237.59999999999999,0.0092592592592592119,1.1130957827171031,inverted,,0.041325086453535741,0.0051021907489013849,7924.1095086886753,0.14579985352848729,0.14541024913531675,0.1461892276467931,3.694822225952521e-13,5,2824.214041914312,1.1304415907056011,-0.040014647151270788,,converged,newton,,converged,,converged,,compared_not_calibrated
SPX,SPX270917C08550000,2027-09-17,AM,2027-09-17T09:30:00-04:00,call,8550,219.40000000000001,221.59999999999999,30,32,2,47,0.1449,227.22,2026-09-09T13:50:58,7636.3599000000004,2026-09-09T16:14:59,2026-09-09T16:14:59-04:00,2026-09-10 12:42:18,2026-09-10T12:42:45.552283+00:00,https://cdn.cboe.com/api/global/delayed_quotes/options/_SPX.json,3711,1.0211472919837645,220.5,0.0099773242630384965,1.1196434049683803,inverted,,0.041325086453535741,0.0051021907489013849,7924.1095086886753,0.14455036886414771,0.14415323174497127,0.14494721647893802,-4.5474735088646412e-13,5,2770.8374707361982,0.96908143912060041,-0.034963113585229078,6.0280605265725171,converged,newton,,converged,,converged,,compared_not_calibrated
SPX,SPX270917C08600000,2027-09-17,AM,2027-09-17T09:30:00-04:00,call,8600,203.30000000000001,205.40000000000001,32,20,33,1260,0.14369999999999999,210.88,2026-09-09T14:42:20,7636.3599000000004,2026-09-09T16:14:59,2026-09-09T16:14:59-04:00,2026-09-10 12:42:18,2026-09-10T12:42:45.552283+00:00,https://cdn.cboe.com/api/global/delayed_quotes/options/_SPX.json,3712,1.0211472919837645,204.35000000000002,0.010276486420357202,1.1261910272196574,inverted,,0.041325086453535741,0.0051021907489013849,7924.1095086886753,0.14336583742648865,0.14297859958517689,0.14375274715041714,3.4106051316484809e-13,5,2712.6649413468085,0.90680207009188507,-0.033416257351134848,,converged,newton,,converged,,converged,,compared_not_calibrated
SPX,SPX270917C08650000,2027-09-17,AM,2027-09-17T09:30:00-04:00,call,8650,188.09999999999999,190.19999999999999,34,51,10,717,0.1426,195.25,2026-09-09T14:41:25,7636.3599000000004,2026-09-09T16:14:59,2026-09-09T16:14:59-04:00,2026-09-10 12:42:18,2026-09-10T12:42:45.552283+00:00,https://cdn.cboe.com/api/global/delayed_quotes/options/_SPX.json,3713,1.0211472919837645,189.14999999999998,0.011102299762093547,1.1327386494709344,inverted,,0.041325086453535741,0.0051021907489013849,7924.1095086886753,0.14225241324974294,0.14185599421224346,0.14264842768955377,-7.9580786405131221e-13,5,2650.069479141659,0.92154071522702452,-0.034758675025706176,,converged,newton,,converged,,converged,,compared_not_calibrated
SPX,SPX270917C08700000,2027-09-17,AM,2027-09-17T09:30:00-04:00,call,8700,174,175.80000000000001,36,20,4,1457,0.14149999999999999,177.44,2026-09-09T11:16:53,7636.3599000000004,2026-09-09T16:14:59,2026-09-09T16:14:59-04:00,2026-09-10 12:42:18,2026-09-10T12:42:45.552283+00:00,https://cdn.cboe.com/api/global/delayed_quotes/options/_SPX.json,3714,1.0211472919837645,174.90000000000001,0.01029159519725564,1.1392862717222114,inverted,,0.041325086453535741,0.0051021907489013849,7924.1095086886753,0.14121813624075227,0.14086959054092599,0.1415663180807773,2.5863755581667647e-12,5,2583.5106375296427,0.72850518100025852,-0.028186375924771356,,converged,newton,,converged,,converged,,compared_not_calibrated
SPX,SPX270917C08750000,2027-09-17,AM,2027-09-17T09:30:00-04:00,call,8750,160.69999999999999,162.59999999999999,50,24,150,691,0.1406,170,2026-09-09T10:09:16,7636.3599000000004,2026-09-09T16:14:59,2026-09-09T16:14:59-04:00,2026-09-10 12:42:18,2026-09-10T12:42:45.552283+00:00,https://cdn.cboe.com/api/global/delayed_quotes/options/_SPX.json,3715,1.0211472919837645,161.64999999999998,0.011753789050417606,1.1458338939734884,inverted,,0.041325086453535741,0.0051021907489013849,7924.1095086886753,0.14029310163827255,0.13991492743431425,0.14067078304264752,1.7394086171407253e-11,5,2513.7135176340835,0.77186223541536947,-0.030689836172745344,,converged,newton,,converged,,converged,,compared_not_calibrated
SPX,SPX270917C08800000,2027-09-17,AM,2027-09-17T09:30:00-04:00,call,8800,148.30000000000001,150,41,5,755,1248,0.13969999999999999,152.69999999999999,2026-09-09T16:02:57,7636.3599000000004,2026-09-09T16:14:59,2026-09-09T16:14:59-04:00,2026-09-10 12:42:18,2026-09-10T12:42:45.552283+00:00,https://cdn.cboe.com/api/global/delayed_quotes/options/_SPX.json,3716,1.0211472919837645,149.15000000000001,0.011397921555480982,1.1523815162247657,inverted,,0.041325086453535741,0.0051021907489013849,7924.1095086886753,0.13938934524819838,0.13904080452679418,0.13973740810924287,3.1263880373444408e-13,6,2440.4181353362742,0.75859048297124332,-0.03106547518016145,7.5478066148367589,converged,newton,,converged,,converged,,compared_not_calibrated
SPX,SPX270917C08900000,2027-09-17,AM,2027-09-17T09:30:00-04:00,call,8900,126,127.7,46,7,1269,2737,0.1381,129.59999999999999,2026-09-09T15:51:54,7636.3599000000004,2026-09-09T16:14:59,2026-09-09T16:14:59-04:00,2026-09-10 12:42:18,2026-09-10T12:42:45.552283+00:00,https://cdn.cboe.com/api/global/delayed_quotes/options/_SPX.json,3717,1.0211472919837645,126.84999999999999,0.01340165549862044,1.1654767607273198,inverted,,0.041325086453535741,0.0051021907489013849,7924.1095086886753,0.13787558031732361,0.13750364127039236,0.13824682829706036,8.2422957348171622e-13,6,2287.4541659924112,0.51363765888677904,-0.022441968267639112,,converged,newton,,converged,,converged,,compared_not_calibrated
SPX,SPX270917C09000000,2027-09-17,AM,2027-09-17T09:30:00-04:00,call,9000,106.59999999999999,108.2,109,5,224,3383,0.1368,109.90000000000001,2026-09-09T15:44:09,7636.3599000000004,2026-09-09T16:14:59,2026-09-09T16:14:59-04:00,2026-09-10 12:42:18,2026-09-10T12:42:45.552283+00:00,https://cdn.cboe.com/api/global/delayed_quotes/options/_SPX.json,3718,1.0211472919837645,107.40000000000001,0.014897579143389277,1.1785720052298738,inverted,,0.041325086453535741,0.0051021907489013849,7924.1095086886753,0.13652504858835654,0.1361484889590753,0.13690073069623651,-5.9685589803848416e-13,6,2126.9865850508581,0.58531594248060514,-0.027495141164346482,8.6336034854479067,converged,newton,,converged,,converged,,compared_not_calibrated
SPX,SPX270917C09100000,2027-09-17,AM,2027-09-17T09:30:00-04:00,call,9100,89.900000000000006,91.400000000000006,123,5,144,611,0.13569999999999999,93.510000000000005,2026-09-09T12:39:07,7636.3599000000004,2026-09-09T16:14:59,2026-09-09T16:14:59-04:00,2026-09-10 12:42:18,2026-09-10T12:42:45.552283+00:00,https://cdn.cboe.com/api/global/delayed_quotes/options/_SPX.json,3719,1.0211472919837645,90.650000000000006,0.016547159404302261,1.1916672497324281,inverted,,0.041325086453535741,0.0051021907489013849,7924.1095086886753,0.13537740187361302,0.13499482539277319,0.13575888054652133,-1.4210854715202004e-13,6,1963.2224725452506,0.63409908478305965,-0.032259812638696372,,converged,newton,,converged,,converged,,compared_not_calibrated
SPX,SPX270917C09200000,2027-09-17,AM,2027-09-17T09:30:00-04:00,call,9200,75.5,77,139,58,2,1132,0.13469999999999999,78.099999999999994,2026-09-09T12:24:38,7636.3599000000004,2026-09-09T16:14:59,2026-09-09T16:14:59-04:00,2026-09-10 12:42:18,2026-09-10T12:42:45.552283+00:00,https://cdn.cboe.com/api/global/delayed_quotes/options/_SPX.json,3720,1.0211472919837645,76.25,0.019672131147540985,1.2047624942349822,inverted,,0.041325086453535741,0.0051021907489013849,7924.1095086886753,0.13438247480647322,0.13396479797914254,0.13479859433116187,-6.8212102632969618e-13,6,1799.0192797451057,0.57204537070720107,-0.031752519352676312,,converged,newton,,converged,,converged,,compared_not_calibrated
