case_id,group,instrument,kind,spot,strike,tau,rate,vol,div,method,settings,seed,steps,n_paths,n_samples,pilot_paths,total_paths,antithetic,control_variate,control_beta,variance_reduction,n_dates,average,reference,reference_price,price,error,abs_error,rel_error,se,ci_low,ci_high,ci_status,z_score,covered_95,criterion,outcome,expected,status,reason
eu-call-K80-T0.25-v0.1-r0.05-q0,european,european,call,100.0,80.0,0.25,0.05,0.1,0.0,crr,steps=1000,,1000,,,,,,,,,,,bsm_price,20.993777025936524,20.99377699310359,-3.283293281697297e-08,3.283293281697297e-08,-1.5639364358500092e-09,,,,,,,tolerance,agree,agree,pass,
eu-call-K80-T0.25-v0.1-r0.05-q0,european,european,call,100.0,80.0,0.25,0.05,0.1,0.0,mc_plain,n_paths=65536,3848307356,,65536,65536,0,65536,False,False,0.0,1.0,,,bsm_price,20.993777025936524,20.97538142032673,-0.018395605609793364,0.018395605609793364,-0.0008762408778118736,0.019466932147263097,20.937226934428608,21.013535906224853,normal,-0.9449668530528909,True,z_score,agree,agree,pass,
eu-call-K80-T0.25-v0.1-r0.05-q0,european,european,call,100.0,80.0,0.25,0.05,0.1,0.0,mc_antithetic_control,n_paths=65536+4096 pilot; antithetic; control,1298522769,,65536,32768,4096,69632,True,True,1.0000000000000004,3.9283537790115334e+29,,,bsm_price,20.993777025936524,20.99377596048949,-1.065447033710143e-06,1.065447033710143e-06,-5.0750612069178806e-08,3.016179296017913e-17,20.99377596048949,20.99377596048949,normal,,,z_score,degenerate,agree,degenerate,"undeclared degenerate sample, logged: SE=3e-17 is below the floating-point resolution floor (1e-12 x price scale): the control variate reproduced every sampled payoff exactly, so z is undefined; the residual error=-1.07e-06 is the unsampled region where the payoff is not linear in the control"
eu-call-K80-T0.25-v0.1-r0.01-q0.03,european,european,call,100.0,80.0,0.25,0.01,0.1,0.03,crr,steps=1000,,1000,,,,,,,,,,,bsm_price,19.45256167967304,19.452561486861907,-1.928111323934445e-07,1.928111323934445e-07,-9.911863309752286e-09,,,,,,,tolerance,agree,agree,pass,
eu-call-K80-T0.25-v0.1-r0.01-q0.03,european,european,call,100.0,80.0,0.25,0.01,0.1,0.03,mc_plain,n_paths=65536,230116052,,65536,65536,0,65536,False,False,0.0,1.0,,,bsm_price,19.45256167967304,19.461971593034818,0.009409913361778877,0.009409913361778877,0.00048373646189806295,0.019375932552248457,19.423995463065534,19.4999477230041,normal,0.48564957255112423,True,z_score,agree,agree,pass,
eu-call-K80-T0.25-v0.1-r0.01-q0.03,european,european,call,100.0,80.0,0.25,0.01,0.1,0.03,mc_antithetic_control,n_paths=65536+4096 pilot; antithetic; control,1762912202,,65536,32768,4096,69632,True,True,0.9999999999999991,3.25238841412181e+29,,,bsm_price,19.45256167967304,19.45255569011704,-5.989555997842899e-06,5.989555997842899e-06,-3.0790577079119036e-07,3.308314614266523e-17,19.45255569011704,19.45255569011704,normal,,,z_score,degenerate,agree,degenerate,"undeclared degenerate sample, logged: SE=3.3e-17 is below the floating-point resolution floor (1e-12 x price scale): the control variate reproduced every sampled payoff exactly, so z is undefined; the residual error=-5.99e-06 is the unsampled region where the payoff is not linear in the control"
eu-call-K80-T0.25-v0.3-r0.05-q0,european,european,call,100.0,80.0,0.25,0.05,0.3,0.0,crr,steps=1000,,1000,,,,,,,,,,,bsm_price,21.324826435469248,21.324955814501784,0.00012937903253629202,0.00012937903253629202,6.06706145664557e-06,,,,,,,tolerance,agree,agree,pass,
eu-call-K80-T0.25-v0.3-r0.05-q0,european,european,call,100.0,80.0,0.25,0.05,0.3,0.0,mc_plain,n_paths=65536,68951034,,65536,65536,0,65536,False,False,0.0,1.0,,,bsm_price,21.324826435469248,21.36250462306069,0.03767818759144248,0.03767818759144248,0.0017668696017508,0.056888661208987265,21.251004895962375,21.474004350159007,normal,0.6623145419616604,True,z_score,agree,agree,pass,
eu-call-K80-T0.25-v0.3-r0.05-q0,european,european,call,100.0,80.0,0.25,0.05,0.3,0.0,mc_antithetic_control,n_paths=65536+4096 pilot; antithetic; control,41921767,,65536,32768,4096,69632,True,True,1.6431856750506812,400.0587590869731,,,bsm_price,21.324826435469248,21.32404775934055,-0.0007786761286965316,0.0007786761286965316,-3.6515004286336035e-05,0.0027568690412513638,21.318644395309605,21.3294511233715,normal,-0.28244944429536073,True,z_score,agree,agree,pass,
eu-call-K80-T0.25-v0.3-r0.01-q0.03,european,european,call,100.0,80.0,0.25,0.01,0.3,0.03,crr,steps=1000,,1000,,,,,,,,,,,bsm_price,19.885527271999877,19.8856310729615,0.00010380096162165842,0.00010380096162165842,5.219925034012901e-06,,,,,,,tolerance,agree,agree,pass,
eu-call-K80-T0.25-v0.3-r0.01-q0.03,european,european,call,100.0,80.0,0.25,0.01,0.3,0.03,mc_plain,n_paths=65536,1589179663,,65536,65536,0,65536,False,False,0.0,1.0,,,bsm_price,19.885527271999877,19.89021860219302,0.004691330193143273,0.004691330193143273,0.0002359168117080291,0.05576569797807043,19.780919842583263,19.999517361802777,normal,0.08412573254239754,True,z_score,agree,agree,pass,
eu-call-K80-T0.25-v0.3-r0.01-q0.03,european,european,call,100.0,80.0,0.25,0.01,0.3,0.03,mc_antithetic_control,n_paths=65536+4096 pilot; antithetic; control,2787829857,,65536,32768,4096,69632,True,True,1.7687385823095274,383.4897632862385,,,bsm_price,19.885527271999877,19.87933614029212,-0.006191131707755204,0.006191131707755204,-0.000311338574183684,0.0027497461947769376,19.873946736783733,19.88472554380051,normal,-2.2515284208830173,False,z_score,agree,agree,pass,
eu-call-K80-T1-v0.1-r0.05-q0,european,european,call,100.0,80.0,1.0,0.05,0.1,0.0,crr,steps=1000,,1000,,,,,,,,,,,bsm_price,23.909977894038406,23.909965634776476,-1.2259261929159493e-05,1.2259261929159493e-05,-5.127257742976064e-07,,,,,,,tolerance,agree,agree,pass,
eu-call-K80-T1-v0.1-r0.05-q0,european,european,call,100.0,80.0,1.0,0.05,0.1,0.0,mc_plain,n_paths=65536,2934702957,,65536,65536,0,65536,False,False,0.0,1.0,,,bsm_price,23.909977894038406,23.901613494373734,-0.008364399664671396,0.008364399664671396,-0.0003498288330394874,0.039009732379631595,23.82515582386311,23.97807116488436,normal,-0.2144182785790849,True,z_score,agree,agree,pass,
eu-call-K80-T1-v0.1-r0.05-q0,european,european,call,100.0,80.0,1.0,0.05,0.1,0.0,mc_antithetic_control,n_paths=65536+4096 pilot; antithetic; control,1956228252,,65536,32768,4096,69632,True,True,1.062887261680289,2909.5005710850787,,,bsm_price,23.909977894038406,23.91105319484952,0.0010753008111130669,0.0010753008111130669,4.497289022509623e-05,0.0007045422383039287,23.909672317436854,23.912434072262183,normal,1.526240376590734,True,z_score,agree,agree,pass,
eu-call-K80-T1-v0.1-r0.01-q0.03,european,european,call,100.0,80.0,1.0,0.01,0.1,0.03,crr,steps=1000,,1000,,,,,,,,,,,bsm_price,17.908897650297973,17.90874134027919,-0.00015631001878446682,0.00015631001878446682,-8.728064777446873e-06,,,,,,,tolerance,agree,agree,pass,
eu-call-K80-T1-v0.1-r0.01-q0.03,european,european,call,100.0,80.0,1.0,0.01,0.1,0.03,mc_plain,n_paths=65536,4159358276,,65536,65536,0,65536,False,False,0.0,1.0,,,bsm_price,17.908897650297973,17.861500127960127,-0.047397522337846,0.047397522337846,-0.002646590720621902,0.037419474245241204,17.78815930611903,17.934840949801224,normal,-1.2666538826069622,True,z_score,agree,agree,pass,
eu-call-K80-T1-v0.1-r0.01-q0.03,european,european,call,100.0,80.0,1.0,0.01,0.1,0.03,mc_antithetic_control,n_paths=65536+4096 pilot; antithetic; control,327459981,,65536,32768,4096,69632,True,True,1.4465130382799314,568.1394002013044,,,bsm_price,17.908897650297973,17.907357442485484,-0.0015402078124893137,0.0015402078124893137,-8.600237951908153e-05,0.0015248858768022418,17.904368721086417,17.91034616388455,normal,-1.010047922877483,True,z_score,agree,agree,pass,
eu-call-K80-T1-v0.3-r0.05-q0,european,european,call,100.0,80.0,1.0,0.05,0.3,0.0,crr,steps=1000,,1000,,,,,,,,,,,bsm_price,26.46208570967179,26.46265506830802,0.0005693586362305325,0.0005693586362305325,2.151601511979209e-05,,,,,,,tolerance,agree,agree,pass,
eu-call-K80-T1-v0.3-r0.05-q0,european,european,call,100.0,80.0,1.0,0.05,0.3,0.0,mc_plain,n_paths=65536,1452833190,,65536,65536,0,65536,False,False,0.0,1.0,,,bsm_price,26.46208570967179,26.40568846959805,-0.05639724007373914,0.05639724007373914,-0.0021312469732167093,0.10898158449697924,26.19208848900586,26.61928845019024,normal,-0.5174933025065567,True,z_score,agree,agree,pass,
eu-call-K80-T1-v0.3-r0.05-q0,european,european,call,100.0,80.0,1.0,0.05,0.3,0.0,mc_antithetic_control,n_paths=65536+4096 pilot; antithetic; control,3144717356,,65536,32768,4096,69632,True,True,1.5935033273066506,294.68051545809124,,,bsm_price,26.46208570967179,26.47124131631186,0.009155606640071312,0.009155606640071312,0.00034598960718825627,0.0061235964121404,26.459239287888206,26.483243344735516,normal,1.495135541904716,True,z_score,agree,agree,pass,
eu-call-K80-T1-v0.3-r0.01-q0.03,european,european,call,100.0,80.0,1.0,0.01,0.3,0.03,crr,steps=1000,,1000,,,,,,,,,,,bsm_price,21.721633607501573,21.722123993212563,0.0004903857109894716,0.0004903857109894716,2.257591302065406e-05,,,,,,,tolerance,agree,agree,pass,
eu-call-K80-T1-v0.3-r0.01-q0.03,european,european,call,100.0,80.0,1.0,0.01,0.3,0.03,mc_plain,n_paths=65536,1320148671,,65536,65536,0,65536,False,False,0.0,1.0,,,bsm_price,21.721633607501573,21.78950221614979,0.0678686086482152,0.0678686086482152,0.0031244707407631052,0.10052354281079891,21.592479692642254,21.986524739657323,normal,0.6751513799703078,True,z_score,agree,agree,pass,
eu-call-K80-T1-v0.3-r0.01-q0.03,european,european,call,100.0,80.0,1.0,0.01,0.3,0.03,mc_antithetic_control,n_paths=65536+4096 pilot; antithetic; control,1850964978,,65536,32768,4096,69632,True,True,1.6896189740944372,109.36229884179286,,,bsm_price,21.721633607501573,21.7191665208473,-0.0024670866542741976,0.0024670866542741976,-0.00011357739932700957,0.009316350117241818,21.70090681015014,21.737426231544458,normal,-0.2648125739401257,True,z_score,agree,agree,pass,
eu-call-K80-T2-v0.1-r0.05-q0,european,european,call,100.0,80.0,2.0,0.05,0.1,0.0,crr,steps=1000,,1000,,,,,,,,,,,bsm_price,27.65894824560904,27.6588446911305,-0.00010355447853882538,0.00010355447853882538,-3.74397745059829e-06,,,,,,,tolerance,agree,agree,pass,
eu-call-K80-T2-v0.1-r0.05-q0,european,european,call,100.0,80.0,2.0,0.05,0.1,0.0,mc_plain,n_paths=65536,1587598631,,65536,65536,0,65536,False,False,0.0,1.0,,,bsm_price,27.65894824560904,27.630398422650966,-0.02854982295807318,0.02854982295807318,-0.0010322092765261083,0.055292171694190775,27.52202775750335,27.738769087798584,normal,-0.5163447570114658,True,z_score,agree,agree,pass,
eu-call-K80-T2-v0.1-r0.05-q0,european,european,call,100.0,80.0,2.0,0.05,0.1,0.0,mc_antithetic_control,n_paths=65536+4096 pilot; antithetic; control,2238653471,,65536,32768,4096,69632,True,True,1.1340399451503393,1082.0004374491746,,,bsm_price,27.65894824560904,27.65899276845022,4.4522841179173156e-05,4.4522841179173156e-05,1.609708394687109e-06,0.0016230711654678352,27.655811607421555,27.662173929478882,normal,0.027431231683756677,True,z_score,agree,agree,pass,
eu-call-K80-T2-v0.1-r0.01-q0.03,european,european,call,100.0,80.0,2.0,0.01,0.1,0.03,crr,steps=1000,,1000,,,,,,,,,,,bsm_price,16.31878636943513,16.317841693471642,-0.0009446759634883506,0.0009446759634883506,-5.788886146936246e-05,,,,,,,tolerance,agree,agree,pass,
eu-call-K80-T2-v0.1-r0.01-q0.03,european,european,call,100.0,80.0,2.0,0.01,0.1,0.03,mc_plain,n_paths=65536,3986820883,,65536,65536,0,65536,False,False,0.0,1.0,,,bsm_price,16.31878636943513,16.288052367365093,-0.030734002070037292,0.030734002070037292,-0.0018833509658292768,0.048772949386129236,16.192459143148486,16.3836455915817,normal,-0.6301444234327538,True,z_score,agree,agree,pass,
eu-call-K80-T2-v0.1-r0.01-q0.03,european,european,call,100.0,80.0,2.0,0.01,0.1,0.03,mc_antithetic_control,n_paths=65536+4096 pilot; antithetic; control,3068745820,,65536,32768,4096,69632,True,True,2.0352865433925666,370.78466983840207,,,bsm_price,16.31878636943513,16.318346906329374,-0.00043946310575648795,0.00043946310575648795,-2.692988901304551e-05,0.0024474353183082777,16.313550021251,16.323143791407748,normal,-0.17956066191782127,True,z_score,agree,agree,pass,
eu-call-K80-T2-v0.3-r0.05-q0,european,european,call,100.0,80.0,2.0,0.05,0.3,0.0,crr,steps=1000,,1000,,,,,,,,,,,bsm_price,32.19291006531835,32.19459329074253,0.0016832254241805344,0.0016832254241805344,5.228559396355675e-05,,,,,,,tolerance,agree,agree,pass,
eu-call-K80-T2-v0.3-r0.05-q0,european,european,call,100.0,80.0,2.0,0.05,0.3,0.0,mc_plain,n_paths=65536,3495853676,,65536,65536,0,65536,False,False,0.0,1.0,,,bsm_price,32.19291006531835,32.204327286804514,0.011417221486162532,0.011417221486162532,0.00035465018424856175,0.15585961483653135,31.898848055080627,32.5098065185284,normal,0.07325323816652017,True,z_score,agree,agree,pass,
eu-call-K80-T2-v0.3-r0.05-q0,european,european,call,100.0,80.0,2.0,0.05,0.3,0.0,mc_antithetic_control,n_paths=65536+4096 pilot; antithetic; control,2224965788,,65536,32768,4096,69632,True,True,1.4300964207028748,149.318493843763,,,bsm_price,32.19291006531835,32.196686596291954,0.003776530973603087,0.003776530973603087,0.00011730940029778702,0.012431651909466641,32.17232100628106,32.22105218630285,normal,0.3037835197691851,True,z_score,agree,agree,pass,
eu-call-K80-T2-v0.3-r0.01-q0.03,european,european,call,100.0,80.0,2.0,0.01,0.3,0.03,crr,steps=1000,,1000,,,,,,,,,,,bsm_price,23.683450022014625,23.68531094100652,0.0018609189918947777,0.0018609189918947777,7.85746582598813e-05,,,,,,,tolerance,agree,agree,pass,
eu-call-K80-T2-v0.3-r0.01-q0.03,european,european,call,100.0,80.0,2.0,0.01,0.3,0.03,mc_plain,n_paths=65536,1045092493,,65536,65536,0,65536,False,False,0.0,1.0,,,bsm_price,23.683450022014625,23.662074196311394,-0.021375825703231044,0.021375825703231044,-0.000902563844514268,0.1362204789534424,23.395086963605852,23.929061429016937,normal,-0.15692079390307312,True,z_score,agree,agree,pass,
eu-call-K80-T2-v0.3-r0.01-q0.03,european,european,call,100.0,80.0,2.0,0.01,0.3,0.03,mc_antithetic_control,n_paths=65536+4096 pilot; antithetic; control,1280248829,,65536,32768,4096,69632,True,True,1.4880442603466832,51.86073418249402,,,bsm_price,23.683450022014625,23.682495303714575,-0.000954718300050672,0.000954718300050672,-4.031162263788539e-05,0.018210289507871704,23.6468037921311,23.71818681529805,normal,-0.052427409220373956,True,z_score,agree,agree,pass,
eu-call-K100-T0.25-v0.1-r0.05-q0,european,european,call,100.0,100.0,0.25,0.05,0.1,0.0,crr,steps=1000,,1000,,,,,,,,,,,bsm_price,2.6648322216391875,2.664322000906326,-0.0005102207328615549,0.0005102207328615549,-0.0001914644864762663,,,,,,,tolerance,agree,agree,pass,
eu-call-K100-T0.25-v0.1-r0.05-q0,european,european,call,100.0,100.0,0.25,0.05,0.1,0.0,mc_plain,n_paths=65536,4132607014,,65536,65536,0,65536,False,False,0.0,1.0,,,bsm_price,2.6648322216391875,2.6455884531063103,-0.019243768532877237,0.019243768532877237,-0.0072213809096919575,0.01332123653126748,2.6194793092754867,2.671697596937134,normal,-1.444593261872383,True,z_score,agree,agree,pass,
eu-call-K100-T0.25-v0.1-r0.05-q0,european,european,call,100.0,100.0,0.25,0.05,0.1,0.0,mc_antithetic_control,n_paths=65536+4096 pilot; antithetic; control,982782207,,65536,32768,4096,69632,True,True,8.696459064142534,25.971425326738682,,,bsm_price,2.6648322216391875,2.6706134056023867,0.005781183963199155,0.005781183963199155,0.002169436378115783,0.0025413680959436276,2.665632415662878,2.6755943955418955,normal,2.2748314077078082,False,z_score,agree,agree,pass,
eu-call-K100-T0.25-v0.1-r0.01-q0.03,european,european,call,100.0,100.0,0.25,0.01,0.1,0.03,crr,steps=1000,,1000,,,,,,,,,,,bsm_price,1.7457212926163095,1.7452227549141137,-0.0004985377021957671,0.0004985377021957671,-0.0002855769155731666,,,,,,,tolerance,agree,agree,pass,
eu-call-K100-T0.25-v0.1-r0.01-q0.03,european,european,call,100.0,100.0,0.25,0.01,0.1,0.03,mc_plain,n_paths=65536,306331722,,65536,65536,0,65536,False,False,0.0,1.0,,,bsm_price,1.7457212926163095,1.7667158258856033,0.02099453326929379,0.02099453326929379,0.01202628011589944,0.011103292146547133,1.7449537731685445,1.788477878602662,normal,1.8908385902304305,True,z_score,agree,agree,pass,
eu-call-K100-T0.25-v0.1-r0.01-q0.03,european,european,call,100.0,100.0,0.25,0.01,0.1,0.03,mc_antithetic_control,n_paths=65536+4096 pilot; antithetic; control,231534242,,65536,32768,4096,69632,True,True,8.413575703382435,14.919729569851679,,,bsm_price,1.7457212926163095,1.7437402961736952,-0.001980996442614291,0.001980996442614291,-0.0011347724582343698,0.0027683734146432713,1.7383143839852362,1.7491662083621542,normal,-0.7155813706835353,True,z_score,agree,agree,pass,
eu-call-K100-T0.25-v0.3-r0.05-q0,european,european,call,100.0,100.0,0.25,0.05,0.3,0.0,crr,steps=1000,,1000,,,,,,,,,,,bsm_price,6.583084497992466,6.581594256464107,-0.001490241528359526,0.001490241528359526,-0.00022637435822280274,,,,,,,tolerance,agree,agree,pass,
eu-call-K100-T0.25-v0.3-r0.05-q0,european,european,call,100.0,100.0,0.25,0.05,0.3,0.0,mc_plain,n_paths=65536,549594198,,65536,65536,0,65536,False,False,0.0,1.0,,,bsm_price,6.583084497992466,6.539797710644756,-0.04328678734771074,0.04328678734771074,-0.006575456742338822,0.03886624630157979,6.463621267679396,6.615974153610115,normal,-1.1137372776323726,True,z_score,agree,agree,pass,
eu-call-K100-T0.25-v0.3-r0.05-q0,european,european,call,100.0,100.0,0.25,0.05,0.3,0.0,mc_antithetic_control,n_paths=65536+4096 pilot; antithetic; control,2416439527,,65536,32768,4096,69632,True,True,3.2659030565903397,18.97570106984764,,,bsm_price,6.583084497992466,6.589365052780564,0.006280554788097525,0.006280554788097525,0.0009540443829959652,0.008628392958293707,6.57245371333785,6.606276392223278,normal,0.7278939216671381,True,z_score,agree,agree,pass,
eu-call-K100-T0.25-v0.3-r0.01-q0.03,european,european,call,100.0,100.0,0.25,0.01,0.3,0.03,crr,steps=1000,,1000,,,,,,,,,,,bsm_price,5.703274328266616,5.70178651750918,-0.0014878107574363142,0.0014878107574363142,-0.0002608695762822444,,,,,,,tolerance,agree,agree,pass,
eu-call-K100-T0.25-v0.3-r0.01-q0.03,european,european,call,100.0,100.0,0.25,0.01,0.3,0.03,mc_plain,n_paths=65536,4094903085,,65536,65536,0,65536,False,False,0.0,1.0,,,bsm_price,5.703274328266616,5.698050784470612,-0.00522354379600376,0.00522354379600376,-0.0009158850680064237,0.03647088129314289,5.626569170651616,5.769532398289608,normal,-0.1432250499794166,True,z_score,agree,agree,pass,
eu-call-K100-T0.25-v0.3-r0.01-q0.03,european,european,call,100.0,100.0,0.25,0.01,0.3,0.03,mc_antithetic_control,n_paths=65536+4096 pilot; antithetic; control,1528981352,,65536,32768,4096,69632,True,True,3.1719064639901022,18.32561582388728,,,bsm_price,5.703274328266616,5.713506830485811,0.01023250221919536,0.01023250221919536,0.0017941451927853001,0.008198922651183731,5.6974372373774615,5.729576423594161,normal,1.248030095480658,True,z_score,agree,agree,pass,
eu-call-K100-T1-v0.1-r0.05-q0,european,european,call,100.0,100.0,1.0,0.05,0.1,0.0,crr,steps=1000,,1000,,,,,,,,,,,bsm_price,6.804957708822144,6.8038854284226895,-0.001072280399454506,0.001072280399454506,-0.00015757341122992884,,,,,,,tolerance,agree,agree,pass,
eu-call-K100-T1-v0.1-r0.05-q0,european,european,call,100.0,100.0,1.0,0.05,0.1,0.0,mc_plain,n_paths=65536,3620124505,,65536,65536,0,65536,False,False,0.0,1.0,,,bsm_price,6.804957708822144,6.836495332309203,0.031537623487058575,0.031537623487058575,0.004634506904601668,0.03039828052844231,6.776915797281511,6.896074867336894,normal,1.037480506752684,True,z_score,agree,agree,pass,
eu-call-K100-T1-v0.1-r0.05-q0,european,european,call,100.0,100.0,1.0,0.05,0.1,0.0,mc_antithetic_control,n_paths=65536+4096 pilot; antithetic; control,116334604,,65536,32768,4096,69632,True,True,4.226432342420534,60.48303213709031,,,bsm_price,6.804957708822144,6.801881171901527,-0.0030765369206173787,0.0030765369206173787,-0.00045210228369661537,0.0037772961096393096,6.794477807567691,6.809284536235363,normal,-0.8144812668422636,True,z_score,agree,agree,pass,
eu-call-K100-T1-v0.1-r0.01-q0.03,european,european,call,100.0,100.0,1.0,0.01,0.1,0.03,crr,steps=1000,,1000,,,,,,,,,,,bsm_price,3.006630795086906,3.0056347883191794,-0.0009960067677265982,0.0009960067677265982,-0.0003312700612772806,,,,,,,tolerance,agree,agree,pass,
eu-call-K100-T1-v0.1-r0.01-q0.03,european,european,call,100.0,100.0,1.0,0.01,0.1,0.03,mc_plain,n_paths=65536,4028431922,,65536,65536,0,65536,False,False,0.0,1.0,,,bsm_price,3.006630795086906,3.0140963886349295,0.0074655935480234525,0.0074655935480234525,0.0024830429995671157,0.020982046532324942,2.972972333109629,3.0552204441602298,normal,0.35580864509674776,True,z_score,agree,agree,pass,
eu-call-K100-T1-v0.1-r0.01-q0.03,european,european,call,100.0,100.0,1.0,0.01,0.1,0.03,mc_antithetic_control,n_paths=65536+4096 pilot; antithetic; control,629231031,,65536,32768,4096,69632,True,True,4.553297984568621,17.502266022706543,,,bsm_price,3.006630795086906,3.0045515704420342,-0.0020792246448717577,0.0020792246448717577,-0.0006915463808424334,0.004836255873576416,2.9950726831098042,3.0140304577742643,normal,-0.42992444966195903,True,z_score,agree,agree,pass,
eu-call-K100-T1-v0.3-r0.05-q0,european,european,call,100.0,100.0,1.0,0.05,0.3,0.0,crr,steps=1000,,1000,,,,,,,,,,,bsm_price,14.231254785985826,14.22830901583519,-0.0029457701506352407,0.0029457701506352407,-0.0002069930020180706,,,,,,,tolerance,agree,agree,pass,
eu-call-K100-T1-v0.3-r0.05-q0,european,european,call,100.0,100.0,1.0,0.05,0.3,0.0,mc_plain,n_paths=65536,1823091184,,65536,65536,0,65536,False,False,0.0,1.0,,,bsm_price,14.231254785985826,14.201991388121797,-0.029263397864028207,0.029263397864028207,-0.0020562767165721203,0.08782235032905199,14.029862744439196,14.374120031804399,normal,-0.33321128111903603,True,z_score,agree,agree,pass,
eu-call-K100-T1-v0.3-r0.05-q0,european,european,call,100.0,100.0,1.0,0.05,0.3,0.0,mc_antithetic_control,n_paths=65536+4096 pilot; antithetic; control,1943348656,,65536,32768,4096,69632,True,True,1.8322345902389559,26.34971865405242,,,bsm_price,14.231254785985826,14.236351260509814,0.005096474523988093,0.005096474523988093,0.0003581184231911038,0.016520054964567498,14.203972547756639,14.268729973262989,normal,0.30850227404927527,True,z_score,agree,agree,pass,
eu-call-K100-T1-v0.3-r0.01-q0.03,european,european,call,100.0,100.0,1.0,0.01,0.3,0.03,crr,steps=1000,,1000,,,,,,,,,,,bsm_price,10.733574506169575,10.730646736912545,-0.0029277692570293112,0.0029277692570293112,-0.00027276740431125276,,,,,,,tolerance,agree,agree,pass,
eu-call-K100-T1-v0.3-r0.01-q0.03,european,european,call,100.0,100.0,1.0,0.01,0.3,0.03,mc_plain,n_paths=65536,3984917312,,65536,65536,0,65536,False,False,0.0,1.0,,,bsm_price,10.733574506169575,10.697952322700022,-0.03562218346955248,0.03562218346955248,-0.003318762398218518,0.07665947519258579,10.547702512248812,10.848202133151233,normal,-0.46468076359851895,True,z_score,agree,agree,pass,
eu-call-K100-T1-v0.3-r0.01-q0.03,european,european,call,100.0,100.0,1.0,0.01,0.3,0.03,mc_antithetic_control,n_paths=65536+4096 pilot; antithetic; control,2592736874,,65536,32768,4096,69632,True,True,1.8677426565008597,28.41601286901908,,,bsm_price,10.733574506169575,10.712403638966897,-0.021170867202677357,0.021170867202677357,-0.0019723967249222064,0.014133504784119632,10.684702478614698,10.740104799319097,normal,-1.4979205459685334,True,z_score,agree,agree,pass,
eu-call-K100-T2-v0.1-r0.05-q0,european,european,call,100.0,100.0,2.0,0.05,0.1,0.0,crr,steps=1000,,1000,,,,,,,,,,,bsm_price,11.412614831692593,11.411049851885798,-0.0015649798067958187,0.0015649798067958187,-0.00013712719038321545,,,,,,,tolerance,agree,agree,pass,
eu-call-K100-T2-v0.1-r0.05-q0,european,european,call,100.0,100.0,2.0,0.05,0.1,0.0,mc_plain,n_paths=65536,250213779,,65536,65536,0,65536,False,False,0.0,1.0,,,bsm_price,11.412614831692593,11.443697813645118,0.031082981952524236,0.031082981952524236,0.0027235635663623243,0.04606894655908437,11.353404337583612,11.533991289706623,normal,0.674705724227049,True,z_score,agree,agree,pass,
eu-call-K100-T2-v0.1-r0.05-q0,european,european,call,100.0,100.0,2.0,0.05,0.1,0.0,mc_antithetic_control,n_paths=65536+4096 pilot; antithetic; control,1086368539,,65536,32768,4096,69632,True,True,2.799712948393859,142.6451092251421,,,bsm_price,11.412614831692593,11.4120306770965,-0.0005841545960940664,0.0005841545960940664,-5.1184991757706676e-05,0.0037606441380354278,11.404659950027279,11.41940140416572,normal,-0.1553336541966001,True,z_score,agree,agree,pass,
eu-call-K100-T2-v0.1-r0.01-q0.03,european,european,call,100.0,100.0,2.0,0.01,0.1,0.03,crr,steps=1000,,1000,,,,,,,,,,,bsm_price,3.7103986822360255,3.7089940101207586,-0.0014046721152669583,0.0014046721152669583,-0.00037857713835227273,,,,,,,tolerance,agree,agree,pass,
eu-call-K100-T2-v0.1-r0.01-q0.03,european,european,call,100.0,100.0,2.0,0.01,0.1,0.03,mc_plain,n_paths=65536,3156884107,,65536,65536,0,65536,False,False,0.0,1.0,,,bsm_price,3.7103986822360255,3.7700493170862845,0.05965063485025901,0.05965063485025901,0.016076610617571506,0.028316017541092312,3.7145509425201393,3.82554769165243,normal,2.1066039658894047,False,z_score,agree,agree,pass,
eu-call-K100-T2-v0.1-r0.01-q0.03,european,european,call,100.0,100.0,2.0,0.01,0.1,0.03,mc_antithetic_control,n_paths=65536+4096 pilot; antithetic; control,3962144482,,65536,32768,4096,69632,True,True,3.0915938138669103,23.348714678678768,,,bsm_price,3.7103986822360255,3.7122397253819917,0.0018410431459661147,0.0018410431459661147,0.0004961847239705877,0.0056406780430553775,3.701184199569217,3.723295251194766,normal,0.3263868513525157,True,z_score,agree,agree,pass,
eu-call-K100-T2-v0.3-r0.05-q0,european,european,call,100.0,100.0,2.0,0.05,0.3,0.0,crr,steps=1000,,1000,,,,,,,,,,,bsm_price,21.193735255280203,21.189638016886633,-0.004097238393569569,0.004097238393569569,-0.0001933230902537005,,,,,,,tolerance,agree,agree,pass,
eu-call-K100-T2-v0.3-r0.05-q0,european,european,call,100.0,100.0,2.0,0.05,0.3,0.0,mc_plain,n_paths=65536,2681088013,,65536,65536,0,65536,False,False,0.0,1.0,,,bsm_price,21.193735255280203,21.366921735345297,0.17318648006509463,0.17318648006509463,0.008171588348115606,0.1380804453032888,21.0962890355816,21.637554435108996,normal,1.2542433483951811,True,z_score,agree,agree,pass,
eu-call-K100-T2-v0.3-r0.05-q0,european,european,call,100.0,100.0,2.0,0.05,0.3,0.0,mc_antithetic_control,n_paths=65536+4096 pilot; antithetic; control,3612298200,,65536,32768,4096,69632,True,True,1.5253372937624972,35.26226731172351,,,bsm_price,21.193735255280203,21.17454214239765,-0.019193112882550878,0.019193112882550878,-0.0009056031252333923,0.022261693401579973,21.13091002509568,21.218174259699623,normal,-0.8621587107649542,True,z_score,agree,agree,pass,
eu-call-K100-T2-v0.3-r0.01-q0.03,european,european,call,100.0,100.0,2.0,0.01,0.3,0.03,crr,steps=1000,,1000,,,,,,,,,,,bsm_price,14.293014477002181,14.288963020130685,-0.004051456871495773,0.004051456871495773,-0.0002834571306154254,,,,,,,tolerance,agree,agree,pass,
eu-call-K100-T2-v0.3-r0.01-q0.03,european,european,call,100.0,100.0,2.0,0.01,0.3,0.03,mc_plain,n_paths=65536,261256501,,65536,65536,0,65536,False,False,0.0,1.0,,,bsm_price,14.293014477002181,14.297141010360239,0.004126533358057571,0.004126533358057571,0.00028870980049011127,0.11353859545505257,14.074609452413073,14.519672568307405,normal,0.03634476313115195,True,z_score,agree,agree,pass,
eu-call-K100-T2-v0.3-r0.01-q0.03,european,european,call,100.0,100.0,2.0,0.01,0.3,0.03,mc_antithetic_control,n_paths=65536+4096 pilot; antithetic; control,576168692,,65536,32768,4096,69632,True,True,1.4660459299134379,45.87120956913673,,,bsm_price,14.293014477002181,14.30308635063787,0.010071873635688178,0.010071873635688178,0.0007046710581518038,0.01623382797769668,14.271268632470365,14.334904068805374,normal,0.6204250562175302,True,z_score,agree,agree,pass,
eu-call-K120-T0.25-v0.1-r0.05-q0,european,european,call,100.0,120.0,0.25,0.05,0.1,0.0,crr,steps=1000,,1000,,,,,,,,,,,bsm_price,0.00047815272772403633,0.00047095145100164163,-7.201276722394701e-06,7.201276722394701e-06,-0.015060620393555268,,,,,,,tolerance,agree,agree,pass,passes on atol: |rel_error|=0.0151 exceeds rtol=0.002 because the reference price is small
eu-call-K120-T0.25-v0.1-r0.05-q0,european,european,call,100.0,120.0,0.25,0.05,0.1,0.0,mc_plain,n_paths=65536,24794224,,65536,65536,0,65536,False,False,0.0,1.0,,,bsm_price,0.00047815272772403633,0.0004278554713237409,-5.0297256400295455e-05,5.0297256400295455e-05,-0.10519077584207423,0.0001370968192650615,0.00015915064316922333,0.0006965602994782584,normal,-0.36687398489567646,True,z_score,agree,agree,pass,
eu-call-K120-T0.25-v0.1-r0.05-q0,european,european,call,100.0,120.0,0.25,0.05,0.1,0.0,mc_antithetic_control,n_paths=65536+4096 pilot; antithetic; control,3557285460,,65536,32768,4096,69632,True,True,0.06878422403187014,0.8840116185648202,,,bsm_price,0.00047815272772403633,0.0004879445422969392,9.791814572902879e-06,9.791814572902879e-06,0.020478424581014166,0.00013674432944137078,0.00021993058150177232,0.0007559585030921061,normal,0.07160673216143215,True,z_score,agree,agree,pass,
eu-call-K120-T0.25-v0.1-r0.01-q0.03,european,european,call,100.0,120.0,0.25,0.01,0.1,0.03,crr,steps=1000,,1000,,,,,,,,,,,bsm_price,0.0001163155190690747,0.00011468889727567867,-1.626621793396029e-06,1.626621793396029e-06,-0.01398456376599282,,,,,,,tolerance,agree,agree,pass,passes on atol: |rel_error|=0.014 exceeds rtol=0.002 because the reference price is small
eu-call-K120-T0.25-v0.1-r0.01-q0.03,european,european,call,100.0,120.0,0.25,0.01,0.1,0.03,mc_plain,n_paths=65536,594174450,,65536,65536,0,65536,False,False,0.0,1.0,,,bsm_price,0.0001163155190690747,8.968604601203322e-05,-2.6629473057041475e-05,2.6629473057041475e-05,-0.22894170330983432,4.628203993493598e-05,-1.0250853914858045e-06,0.00018039717741555225,normal,-0.5753737971463143,True,z_score,agree,agree,pass,
eu-call-K120-T0.25-v0.1-r0.01-q0.03,european,european,call,100.0,120.0,0.25,0.01,0.1,0.03,mc_antithetic_control,n_paths=65536+4096 pilot; antithetic; control,594905037,,65536,32768,4096,69632,True,True,0.0,0.9412030666953257,,,bsm_price,0.0001163155190690747,8.562803993900535e-05,-3.0687479130069346e-05,3.0687479130069346e-05,-0.26382961943234245,4.239399635269016e-05,2.5373339270102357e-06,0.00016871874595100045,normal,-0.7238637960613505,True,z_score,agree,agree,pass,
eu-call-K120-T0.25-v0.3-r0.05-q0,european,european,call,100.0,120.0,0.25,0.05,0.3,0.0,crr,steps=1000,,1000,,,,,,,,,,,bsm_price,1.0491632166412899,1.0489735564612943,-0.0001896601799955544,0.0001896601799955544,-0.0001807728073070631,,,,,,,tolerance,agree,agree,pass,
eu-call-K120-T0.25-v0.3-r0.05-q0,european,european,call,100.0,120.0,0.25,0.05,0.3,0.0,mc_plain,n_paths=65536,3218450152,,65536,65536,0,65536,False,False,0.0,1.0,,,bsm_price,1.0491632166412899,1.0768684066652299,0.027705190023940007,0.027705190023940007,0.026406939916015417,0.016292112504127022,1.0449364529250662,1.1088003604053935,normal,1.700527787106914,True,z_score,agree,agree,pass,
eu-call-K120-T0.25-v0.3-r0.05-q0,european,european,call,100.0,120.0,0.25,0.05,0.3,0.0,mc_antithetic_control,n_paths=65536+4096 pilot; antithetic; control,2815224365,,65536,32768,4096,69632,True,True,1.6484314176076278,10.338235085767584,,,bsm_price,1.0491632166412899,1.0397164770061886,-0.009446739635101231,0.009446739635101231,-0.009004070563342178,0.004738354286324142,1.0304294732590022,1.049003480753375,normal,-1.9936752433996865,False,z_score,agree,agree,pass,
eu-call-K120-T0.25-v0.3-r0.01-q0.03,european,european,call,100.0,120.0,0.25,0.01,0.3,0.03,crr,steps=1000,,1000,,,,,,,,,,,bsm_price,0.8275484332874363,0.8274566128703486,-9.182041708777344e-05,9.182041708777344e-05,-0.00011095473496701191,,,,,,,tolerance,agree,agree,pass,
eu-call-K120-T0.25-v0.3-r0.01-q0.03,european,european,call,100.0,120.0,0.25,0.01,0.3,0.03,mc_plain,n_paths=65536,4145288011,,65536,65536,0,65536,False,False,0.0,1.0,,,bsm_price,0.8275484332874363,0.8295784877188963,0.002030054431459982,0.002030054431459982,0.0024530944048743956,0.014133145128392359,0.8018780322789696,0.857278943158823,normal,0.14363783949135037,True,z_score,agree,agree,pass,
eu-call-K120-T0.25-v0.3-r0.01-q0.03,european,european,call,100.0,120.0,0.25,0.01,0.3,0.03,mc_antithetic_control,n_paths=65536+4096 pilot; antithetic; control,1965027753,,65536,32768,4096,69632,True,True,1.471400671585169,7.2968009951423465,,,bsm_price,0.8275484332874363,0.8251265221534211,-0.002421911134015242,0.002421911134015242,-0.002926609533165569,0.004992925515116673,0.8153405679663013,0.8349124763405409,normal,-0.48506854882625816,True,z_score,agree,agree,pass,
eu-call-K120-T1-v0.1-r0.05-q0,european,european,call,100.0,120.0,1.0,0.05,0.1,0.0,crr,steps=1000,,1000,,,,,,,,,,,bsm_price,0.4624965105634935,0.4616962217256681,-0.0008002888378254025,0.0008002888378254025,-0.001730367299096704,,,,,,,tolerance,agree,agree,pass,
eu-call-K120-T1-v0.1-r0.05-q0,european,european,call,100.0,120.0,1.0,0.05,0.1,0.0,mc_plain,n_paths=65536,3100998320,,65536,65536,0,65536,False,False,0.0,1.0,,,bsm_price,0.4624965105634935,0.4702497978924308,0.007753287328937319,0.007753287328937319,0.016763990974744694,0.008229314386646938,0.4541206380771455,0.48637895770771616,normal,0.9421547123680157,True,z_score,agree,agree,pass,
eu-call-K120-T1-v0.1-r0.05-q0,european,european,call,100.0,120.0,1.0,0.05,0.1,0.0,mc_antithetic_control,n_paths=65536+4096 pilot; antithetic; control,2694492395,,65536,32768,4096,69632,True,True,1.8938831678550412,6.418722806496399,,,bsm_price,0.4624965105634935,0.45977241489639314,-0.002724095667100357,0.002724095667100357,-0.00588998101581651,0.0031204208457408854,0.453656502422133,0.4658883273706533,normal,-0.8729898311051603,True,z_score,agree,agree,pass,
eu-call-K120-T1-v0.1-r0.01-q0.03,european,european,call,100.0,120.0,1.0,0.01,0.1,0.03,crr,steps=1000,,1000,,,,,,,,,,,bsm_price,0.08556756396775977,0.08546638125575068,-0.00010118271200909579,0.00010118271200909579,-0.0011824891035488575,,,,,,,tolerance,agree,agree,pass,
eu-call-K120-T1-v0.1-r0.01-q0.03,european,european,call,100.0,120.0,1.0,0.01,0.1,0.03,mc_plain,n_paths=65536,1318849019,,65536,65536,0,65536,False,False,0.0,1.0,,,bsm_price,0.08556756396775977,0.08274126318042763,-0.0028263007873321477,0.0028263007873321477,-0.03303004849357455,0.0031935883725233935,0.07648194498883588,0.08900058137201937,normal,-0.8849921961291976,True,z_score,agree,agree,pass,
eu-call-K120-T1-v0.1-r0.01-q0.03,european,european,call,100.0,120.0,1.0,0.01,0.1,0.03,mc_antithetic_control,n_paths=65536+4096 pilot; antithetic; control,2237307040,,65536,32768,4096,69632,True,True,0.6045845201986584,1.8199164610888954,,,bsm_price,0.08556756396775977,0.08614515461184885,0.0005775906440890766,0.0005775906440890766,0.006750112043702701,0.002374885405028769,0.08149046475058265,0.09079984447311505,normal,0.2432077955702792,True,z_score,agree,agree,pass,
eu-call-K120-T1-v0.3-r0.05-q0,european,european,call,100.0,120.0,1.0,0.05,0.3,0.0,crr,steps=1000,,1000,,,,,,,,,,,bsm_price,6.903997550938772,6.905955595119146,0.001958044180373264,0.001958044180373264,0.000283610207843573,,,,,,,tolerance,agree,agree,pass,
eu-call-K120-T1-v0.3-r0.05-q0,european,european,call,100.0,120.0,1.0,0.05,0.3,0.0,mc_plain,n_paths=65536,1933109363,,65536,65536,0,65536,False,False,0.0,1.0,,,bsm_price,6.903997550938772,6.858708030737074,-0.045289520201698075,0.045289520201698075,-0.006559898068842713,0.06450683654960453,6.732276954343237,6.9851391071309115,normal,-0.7020886874040289,True,z_score,agree,agree,pass,
eu-call-K120-T1-v0.3-r0.05-q0,european,european,call,100.0,120.0,1.0,0.05,0.3,0.0,mc_antithetic_control,n_paths=65536+4096 pilot; antithetic; control,131828398,,65536,32768,4096,69632,True,True,1.6588443827258865,67.17369575837868,,,bsm_price,6.903997550938772,6.902274305776147,-0.001723245162625453,0.001723245162625453,-0.0002496010680639848,0.007708444206043932,6.887166032755465,6.917382578796829,normal,-0.22355291373508476,True,z_score,agree,agree,pass,
eu-call-K120-T1-v0.3-r0.01-q0.03,european,european,call,100.0,120.0,1.0,0.01,0.3,0.03,crr,steps=1000,,1000,,,,,,,,,,,bsm_price,4.775246753460127,4.777277881565454,0.002031128105326907,0.002031128105326907,0.0004253451622903379,,,,,,,tolerance,agree,agree,pass,
eu-call-K120-T1-v0.3-r0.01-q0.03,european,european,call,100.0,120.0,1.0,0.01,0.3,0.03,mc_plain,n_paths=65536,3518296965,,65536,65536,0,65536,False,False,0.0,1.0,,,bsm_price,4.775246753460127,4.828636689389493,0.05338993592936614,0.05338993592936614,0.011180560646563443,0.05417111577875327,4.722463253460788,4.934810125318199,normal,0.9855794026363119,True,z_score,agree,agree,pass,
eu-call-K120-T1-v0.3-r0.01-q0.03,european,european,call,100.0,120.0,1.0,0.01,0.3,0.03,mc_antithetic_control,n_paths=65536+4096 pilot; antithetic; control,3495241340,,65536,32768,4096,69632,True,True,1.4783068754559328,51.84188858420503,,,bsm_price,4.775246753460127,4.7880956612565475,0.012848907796420228,0.012848907796420228,0.002690731696139043,0.007124151618044001,4.774132580664778,4.802058741848317,normal,1.8035702333842256,True,z_score,agree,agree,pass,
eu-call-K120-T2-v0.1-r0.05-q0,european,european,call,100.0,120.0,2.0,0.05,0.1,0.0,crr,steps=1000,,1000,,,,,,,,,,,bsm_price,2.555342572793638,2.5543820217040616,-0.000960551089576267,0.000960551089576267,-0.0003758991455013176,,,,,,,tolerance,agree,agree,pass,
eu-call-K120-T2-v0.1-r0.05-q0,european,european,call,100.0,120.0,2.0,0.05,0.1,0.0,mc_plain,n_paths=65536,2429111920,,65536,65536,0,65536,False,False,0.0,1.0,,,bsm_price,2.555342572793638,2.546142463078882,-0.009200109714755822,0.009200109714755822,-0.003600342988336694,0.024050443889385566,2.499004459243485,2.5932804669142793,normal,-0.3825338840758861,True,z_score,agree,agree,pass,
eu-call-K120-T2-v0.1-r0.05-q0,european,european,call,100.0,120.0,2.0,0.05,0.1,0.0,mc_antithetic_control,n_paths=65536+4096 pilot; antithetic; control,1377182278,,65536,32768,4096,69632,True,True,2.884995744507505,39.574574242818294,,,bsm_price,2.555342572793638,2.5505768807890457,-0.0047656920045922035,0.0047656920045922035,-0.0018649914321984989,0.00371097260403459,2.543303508137523,2.5578502534405683,normal,-1.2842164340989521,True,z_score,agree,agree,pass,
eu-call-K120-T2-v0.1-r0.01-q0.03,european,european,call,100.0,120.0,2.0,0.01,0.1,0.03,crr,steps=1000,,1000,,,,,,,,,,,bsm_price,0.36871951155280147,0.3689284545536149,0.00020894300081342188,0.00020894300081342188,0.0005666719396906685,,,,,,,tolerance,agree,agree,pass,
eu-call-K120-T2-v0.1-r0.01-q0.03,european,european,call,100.0,120.0,2.0,0.01,0.1,0.03,mc_plain,n_paths=65536,1150479742,,65536,65536,0,65536,False,False,0.0,1.0,,,bsm_price,0.36871951155280147,0.36878665267611616,6.714112331468458e-05,6.714112331468458e-05,0.0001820926780682986,0.008740135395602477,0.35165630208073156,0.38591700327150075,normal,0.007681931717953254,True,z_score,agree,agree,pass,
eu-call-K120-T2-v0.1-r0.01-q0.03,european,european,call,100.0,120.0,2.0,0.01,0.1,0.03,mc_antithetic_control,n_paths=65536+4096 pilot; antithetic; control,898193349,,65536,32768,4096,69632,True,True,1.0376934006195078,3.282184638691851,,,bsm_price,0.36871951155280147,0.359564194013273,-0.009155317539528474,0.009155317539528474,-0.024830032728597306,0.004524438544613673,0.3506964574155654,0.3684319306109806,normal,-2.023525670478571,False,z_score,agree,agree,pass,
eu-call-K120-T2-v0.3-r0.05-q0,european,european,call,100.0,120.0,2.0,0.05,0.3,0.0,crr,steps=1000,,1000,,,,,,,,,,,bsm_price,13.553747053152712,13.554206547727343,0.0004594945746312362,0.0004594945746312362,3.3901663711833404e-05,,,,,,,tolerance,agree,agree,pass,
eu-call-K120-T2-v0.3-r0.05-q0,european,european,call,100.0,120.0,2.0,0.05,0.3,0.0,mc_plain,n_paths=65536,1087502722,,65536,65536,0,65536,False,False,0.0,1.0,,,bsm_price,13.553747053152712,13.333403396696635,-0.2203436564560768,0.2203436564560768,-0.01625702881955607,0.11368461388931991,13.110585647877226,13.556221145516044,normal,-1.9382012122642829,True,z_score,agree,agree,pass,
eu-call-K120-T2-v0.3-r0.05-q0,european,european,call,100.0,120.0,2.0,0.05,0.3,0.0,mc_antithetic_control,n_paths=65536+4096 pilot; antithetic; control,1437201308,,65536,32768,4096,69632,True,True,1.4543805439834816,63.2791220601062,,,bsm_price,13.553747053152712,13.578355080051184,0.024608026898471635,0.024608026898471635,0.0018155884717317053,0.01389218939910841,13.551126889162521,13.605583270939846,normal,1.771356997195198,True,z_score,agree,agree,pass,
eu-call-K120-T2-v0.3-r0.01-q0.03,european,european,call,100.0,120.0,2.0,0.01,0.3,0.03,crr,steps=1000,,1000,,,,,,,,,,,bsm_price,8.407700818840592,8.408669531647991,0.0009687128073991857,0.0009687128073991857,0.0001152173261480027,,,,,,,tolerance,agree,agree,pass,
eu-call-K120-T2-v0.3-r0.01-q0.03,european,european,call,100.0,120.0,2.0,0.01,0.3,0.03,mc_plain,n_paths=65536,2116662291,,65536,65536,0,65536,False,False,0.0,1.0,,,bsm_price,8.407700818840592,8.606238271246331,0.1985374524057395,0.1985374524057395,0.02361376274960239,0.09257131506660027,8.424801827714285,8.787674714778378,normal,2.1446973315967486,False,z_score,agree,agree,pass,
eu-call-K120-T2-v0.3-r0.01-q0.03,european,european,call,100.0,120.0,2.0,0.01,0.3,0.03,mc_antithetic_control,n_paths=65536+4096 pilot; antithetic; control,2786654291,,65536,32768,4096,69632,True,True,1.2825499962310905,89.77041275589882,,,bsm_price,8.407700818840592,8.415162094653454,0.007461275812861601,0.007461275812861601,0.0008874335533136273,0.009432626695494497,8.396674486050673,8.433649703256235,normal,0.7910072192749329,True,z_score,agree,agree,pass,
eu-put-K80-T0.25-v0.1-r0.05-q0,european,european,put,100.0,80.0,0.25,0.05,0.1,0.0,crr,steps=1000,,1000,,,,,,,,,,,bsm_price,1.0654470283945436e-06,1.0326146827631764e-06,-3.283234563136718e-08,3.283234563136718e-08,-0.030815558874700902,,,,,,,tolerance,agree,agree,pass,passes on atol: |rel_error|=0.0308 exceeds rtol=0.002 because the reference price is small
eu-put-K80-T0.25-v0.1-r0.05-q0,european,european,put,100.0,80.0,0.25,0.05,0.1,0.0,mc_plain,n_paths=65536,2223799754,,65536,65536,0,65536,False,False,0.0,,,,bsm_price,1.0654470283945436e-06,0.0,-1.0654470283945436e-06,1.0654470283945436e-06,-1.0,0.0,0.0,0.0,degenerate,,,z_score,degenerate,agree,degenerate,"undeclared degenerate sample, logged: no sample variation: SE=0, z undefined; a zero-width interval is not evidence of certainty (reference=1.06545e-06)"
eu-put-K80-T0.25-v0.1-r0.05-q0,european,european,put,100.0,80.0,0.25,0.05,0.1,0.0,mc_antithetic_control,n_paths=65536+4096 pilot; antithetic; control,1510341494,,65536,32768,4096,69632,True,True,0.0,,,,bsm_price,1.0654470283945436e-06,0.0,-1.0654470283945436e-06,1.0654470283945436e-06,-1.0,0.0,0.0,0.0,degenerate,,,z_score,degenerate,agree,degenerate,"undeclared degenerate sample, logged: no sample variation: SE=0, z undefined; a zero-width interval is not evidence of certainty (reference=1.06545e-06)"
eu-put-K80-T0.25-v0.1-r0.01-q0.03,european,european,put,100.0,80.0,0.25,0.01,0.1,0.03,crr,steps=1000,,1000,,,,,,,,,,,bsm_price,5.98955599606188e-06,5.796745163606989e-06,-1.92810832454891e-07,1.92810832454891e-07,-0.03219117286517793,,,,,,,tolerance,agree,agree,pass,passes on atol: |rel_error|=0.0322 exceeds rtol=0.002 because the reference price is small
eu-put-K80-T0.25-v0.1-r0.01-q0.03,european,european,put,100.0,80.0,0.25,0.01,0.1,0.03,mc_plain,n_paths=65536,458158015,,65536,65536,0,65536,False,False,0.0,1.0,,,bsm_price,5.98955599606188e-06,3.9975818339114825e-05,3.3986262343052944e-05,3.3986262343052944e-05,5.674254045775486,3.9975818339114825e-05,-3.8375345858066034e-05,0.00011832698253629568,normal,0.8501705219577375,True,z_score,agree,agree,pass,
eu-put-K80-T0.25-v0.1-r0.01-q0.03,european,european,put,100.0,80.0,0.25,0.01,0.1,0.03,mc_antithetic_control,n_paths=65536+4096 pilot; antithetic; control,3436935047,,65536,32768,4096,69632,True,True,0.0,,,,bsm_price,5.98955599606188e-06,0.0,-5.98955599606188e-06,5.98955599606188e-06,-1.0,0.0,0.0,0.0,degenerate,,,z_score,degenerate,agree,degenerate,"undeclared degenerate sample, logged: no sample variation: SE=0, z undefined; a zero-width interval is not evidence of certainty (reference=5.98956e-06)"
eu-put-K80-T0.25-v0.3-r0.05-q0,european,european,put,100.0,80.0,0.25,0.05,0.3,0.0,crr,steps=1000,,1000,,,,,,,,,,,bsm_price,0.3310504749797474,0.3311798540128535,0.00012937903310611398,0.00012937903310611398,0.00039081361570023114,,,,,,,tolerance,agree,agree,pass,
eu-put-K80-T0.25-v0.3-r0.05-q0,european,european,put,100.0,80.0,0.25,0.05,0.3,0.0,mc_plain,n_paths=65536,2443293572,,65536,65536,0,65536,False,False,0.0,1.0,,,bsm_price,0.3310504749797474,0.33128642681600495,0.0002359518362575752,0.0002359518362575752,0.0007127367398340389,0.006386145597249766,0.31876981144536637,0.34380304218664354,normal,0.0369474564374463,True,z_score,agree,agree,pass,
eu-put-K80-T0.25-v0.3-r0.05-q0,european,european,put,100.0,80.0,0.25,0.05,0.3,0.0,mc_antithetic_control,n_paths=65536+4096 pilot; antithetic; control,2881748964,,65536,32768,4096,69632,True,True,0.6602558910026326,4.9889027727300945,,,bsm_price,0.3310504749797474,0.3323476920981018,0.001297217118354399,0.001297217118354399,0.003918487410216701,0.002755158886952112,0.3269476799079902,0.3377477042882134,normal,0.4708320541866978,True,z_score,agree,agree,pass,
eu-put-K80-T0.25-v0.3-r0.01-q0.03,european,european,put,100.0,80.0,0.25,0.01,0.3,0.03,crr,steps=1000,,1000,,,,,,,,,,,bsm_price,0.43297158188283813,0.43307538284256214,0.00010380095972400971,0.00010380095972400971,0.0002397408145648187,,,,,,,tolerance,agree,agree,pass,
eu-put-K80-T0.25-v0.3-r0.01-q0.03,european,european,put,100.0,80.0,0.25,0.01,0.3,0.03,mc_plain,n_paths=65536,1176993533,,65536,65536,0,65536,False,False,0.0,1.0,,,bsm_price,0.43297158188283813,0.43270136182277075,-0.0002702200600673832,0.0002702200600673832,-0.0006241057643836417,0.007363348708467982,0.418269463548564,0.4471332600969775,normal,-0.03669798494761294,True,z_score,agree,agree,pass,
eu-put-K80-T0.25-v0.3-r0.01-q0.03,european,european,put,100.0,80.0,0.25,0.01,0.3,0.03,mc_antithetic_control,n_paths=65536+4096 pilot; antithetic; control,3396727432,,65536,32768,4096,69632,True,True,0.7592541798609617,6.985921448776045,,,bsm_price,0.43297158188283813,0.43353090621906376,0.0005593243362256306,0.0005593243362256306,0.0012918268995700125,0.002771510201191698,0.42809884604194265,0.4389629663961849,normal,0.20181211528109533,True,z_score,agree,agree,pass,
eu-put-K80-T1-v0.1-r0.05-q0,european,european,put,100.0,80.0,1.0,0.05,0.1,0.0,crr,steps=1000,,1000,,,,,,,,,,,bsm_price,0.008331854095542213,0.008319594834571292,-1.2259260970920796e-05,1.2259260970920796e-05,-0.0014713724976869028,,,,,,,tolerance,agree,agree,pass,
eu-put-K80-T1-v0.1-r0.05-q0,european,european,put,100.0,80.0,1.0,0.05,0.1,0.0,mc_plain,n_paths=65536,3674651025,,65536,65536,0,65536,False,False,0.0,1.0,,,bsm_price,0.008331854095542213,0.009391618394289099,0.001059764298746886,0.001059764298746886,0.1271942939223925,0.0007783528867726177,0.007866074768951986,0.010917162019626211,normal,1.361547335092595,True,z_score,agree,agree,pass,
eu-put-K80-T1-v0.1-r0.05-q0,european,european,put,100.0,80.0,1.0,0.05,0.1,0.0,mc_antithetic_control,n_paths=65536+4096 pilot; antithetic; control,2466805344,,65536,32768,4096,69632,True,True,0.040948710968087214,1.100663750830599,,,bsm_price,0.008331854095542213,0.008892523108601528,0.0005606690130593155,0.0005606690130593155,0.06729222651165842,0.0007177181021432696,0.00748582147734828,0.010299224739854777,normal,0.7811827671407899,True,z_score,agree,agree,pass,
eu-put-K80-T1-v0.1-r0.01-q0.03,european,european,put,100.0,80.0,1.0,0.01,0.1,0.03,crr,steps=1000,,1000,,,,,,,,,,,bsm_price,0.06833099538058995,0.06817468536191972,-0.00015631001867023875,0.00015631001867023875,-0.002287541953686219,,,,,,,tolerance,agree,agree,pass,passes on atol: |rel_error|=0.00229 exceeds rtol=0.002 because the reference price is small
eu-put-K80-T1-v0.1-r0.01-q0.03,european,european,put,100.0,80.0,1.0,0.01,0.1,0.03,mc_plain,n_paths=65536,3370272400,,65536,65536,0,65536,False,False,0.0,1.0,,,bsm_price,0.06833099538058995,0.06810477944959309,-0.00022621593099686477,0.00022621593099686477,-0.0033105903073252095,0.002343616260380596,0.06351137598566467,0.07269818291352151,normal,-0.09652430511816298,True,z_score,agree,agree,pass,
eu-put-K80-T1-v0.1-r0.01-q0.03,european,european,put,100.0,80.0,1.0,0.01,0.1,0.03,mc_antithetic_control,n_paths=65536+4096 pilot; antithetic; control,956772749,,65536,32768,4096,69632,True,True,0.4078271661493943,2.0439467566070584,,,bsm_price,0.06833099538058995,0.0671863954667524,-0.0011445999138375573,0.0011445999138375573,-0.016750815752973672,0.0015486121654243285,0.06415117139650013,0.07022161953700466,normal,-0.73911334250944,True,z_score,agree,agree,pass,
eu-put-K80-T1-v0.3-r0.05-q0,european,european,put,100.0,80.0,1.0,0.05,0.3,0.0,crr,steps=1000,,1000,,,,,,,,,,,bsm_price,2.560439669728913,2.5610090283661133,0.0005693586372004233,0.0005693586372004233,0.00022236752692583625,,,,,,,tolerance,agree,agree,pass,
eu-put-K80-T1-v0.3-r0.05-q0,european,european,put,100.0,80.0,1.0,0.05,0.3,0.0,mc_plain,n_paths=65536,2862117702,,65536,65536,0,65536,False,False,0.0,1.0,,,bsm_price,2.560439669728913,2.538431903711721,-0.022007766017191788,0.022007766017191788,-0.00859530739090676,0.02428917288784386,2.4908259996372806,2.5860378077861617,normal,-0.9060730935060428,True,z_score,agree,agree,pass,
eu-put-K80-T1-v0.3-r0.05-q0,european,european,put,100.0,80.0,1.0,0.05,0.3,0.0,mc_antithetic_control,n_paths=65536+4096 pilot; antithetic; control,1485295499,,65536,32768,4096,69632,True,True,0.6110024039370584,14.388797268349478,,,bsm_price,2.560439669728913,2.5614276056080274,0.0009879358791144988,0.0009879358791144988,0.0003858461852448555,0.006296304340180211,2.549087075865571,2.573768135350484,normal,0.15690726269534525,True,z_score,agree,agree,pass,
eu-put-K80-T1-v0.3-r0.01-q0.03,european,european,put,100.0,80.0,1.0,0.01,0.3,0.03,crr,steps=1000,,1000,,,,,,,,,,,bsm_price,3.8810669525841917,3.8815573382960356,0.0004903857118438992,0.0004903857118438992,0.0001263533244427484,,,,,,,tolerance,agree,agree,pass,
eu-put-K80-T1-v0.3-r0.01-q0.03,european,european,put,100.0,80.0,1.0,0.01,0.3,0.03,mc_plain,n_paths=65536,4198124870,,65536,65536,0,65536,False,False,0.0,1.0,,,bsm_price,3.8810669525841917,3.875845965299096,-0.0052209872850954575,0.0052209872850954575,-0.001345245353631193,0.030597597716882766,3.815875775760561,3.9358161548376316,normal,-0.17063389529481543,True,z_score,agree,agree,pass,
eu-put-K80-T1-v0.3-r0.01-q0.03,european,european,put,100.0,80.0,1.0,0.01,0.3,0.03,mc_antithetic_control,n_paths=65536+4096 pilot; antithetic; control,3401240764,,65536,32768,4096,69632,True,True,0.6755538795124694,10.1835310740564,,,bsm_price,3.8810669525841917,3.880466087593396,-0.000600864990795813,0.000600864990795813,-0.0001548195375490056,0.009278802030062278,3.8622799697947965,3.898652205391995,normal,-0.06475674217954837,True,z_score,agree,agree,pass,
eu-put-K80-T2-v0.1-r0.05-q0,european,european,put,100.0,80.0,2.0,0.05,0.1,0.0,crr,steps=1000,,1000,,,,,,,,,,,bsm_price,0.045941688485806376,0.04583813400733088,-0.0001035544784754941,0.0001035544784754941,-0.002254041631654159,,,,,,,tolerance,agree,agree,pass,passes on atol: |rel_error|=0.00225 exceeds rtol=0.002 because the reference price is small
eu-put-K80-T2-v0.1-r0.05-q0,european,european,put,100.0,80.0,2.0,0.05,0.1,0.0,mc_plain,n_paths=65536,1983131955,,65536,65536,0,65536,False,False,0.0,1.0,,,bsm_price,0.045941688485806376,0.04459849489701285,-0.0013431935887935273,0.0013431935887935273,-0.029236922565623706,0.0020229138013363917,0.04063365670256451,0.048563333091461186,normal,-0.6639895322807018,True,z_score,agree,agree,pass,
eu-put-K80-T2-v0.1-r0.05-q0,european,european,put,100.0,80.0,2.0,0.05,0.1,0.0,mc_antithetic_control,n_paths=65536+4096 pilot; antithetic; control,2909941374,,65536,32768,4096,69632,True,True,0.21586672993014575,1.4462763571577866,,,bsm_price,0.045941688485806376,0.041031089121831274,-0.004910599363975102,0.004910599363975102,-0.1068876553262126,0.001599721125462862,0.03789569333061618,0.04416648491304637,normal,-3.069659633677884,False,z_score,agree,agree,pass,
eu-put-K80-T2-v0.1-r0.01-q0.03,european,european,put,100.0,80.0,2.0,0.01,0.1,0.03,crr,steps=1000,,1000,,,,,,,,,,,bsm_price,0.5582268755506821,0.5572821995864051,-0.000944675964276942,0.000944675964276942,-0.0016922796190080136,,,,,,,tolerance,agree,agree,pass,
eu-put-K80-T2-v0.1-r0.01-q0.03,european,european,put,100.0,80.0,2.0,0.01,0.1,0.03,mc_plain,n_paths=65536,291327244,,65536,65536,0,65536,False,False,0.0,1.0,,,bsm_price,0.5582268755506821,0.5493240675664123,-0.00890280798426979,0.00890280798426979,-0.01594836861891916,0.0082252938950781,0.533202787769802,0.5654453473630225,normal,-1.0823695904163502,True,z_score,agree,agree,pass,
eu-put-K80-T2-v0.1-r0.01-q0.03,european,european,put,100.0,80.0,2.0,0.01,0.1,0.03,mc_antithetic_control,n_paths=65536+4096 pilot; antithetic; control,2507179675,,65536,32768,4096,69632,True,True,1.0232204204934237,10.330662985725057,,,bsm_price,0.5582268755506821,0.558282319964066,5.544441338389827e-05,5.544441338389827e-05,9.93223648166406e-05,0.0024545921352096176,0.5534714077823198,0.5630932321458121,normal,0.022588035131614004,True,z_score,agree,agree,pass,
eu-put-K80-T2-v0.3-r0.05-q0,european,european,put,100.0,80.0,2.0,0.05,0.3,0.0,crr,steps=1000,,1000,,,,,,,,,,,bsm_price,4.579903508195109,4.581586733619307,0.001683225424198298,0.001683225424198298,0.00036752421119492953,,,,,,,tolerance,agree,agree,pass,
eu-put-K80-T2-v0.3-r0.05-q0,european,european,put,100.0,80.0,2.0,0.05,0.3,0.0,mc_plain,n_paths=65536,3095886370,,65536,65536,0,65536,False,False,0.0,1.0,,,bsm_price,4.579903508195109,4.556439089345761,-0.0234644188493478,0.0234644188493478,-0.005123343495635103,0.03608273668041105,4.4857182249885135,4.627159953703009,normal,-0.6502948780513755,True,z_score,agree,agree,pass,
eu-put-K80-T2-v0.3-r0.05-q0,european,european,put,100.0,80.0,2.0,0.05,0.3,0.0,mc_antithetic_control,n_paths=65536+4096 pilot; antithetic; control,841923530,,65536,32768,4096,69632,True,True,0.44638256273505644,8.227266618989404,,,bsm_price,4.579903508195109,4.5803083790035615,0.00040487080845252876,0.00040487080845252876,8.84016022887967e-05,0.012163256838186793,4.556468833666004,4.6041479243411185,normal,0.033286381586667524,True,z_score,agree,agree,pass,
eu-put-K80-T2-v0.3-r0.01-q0.03,european,european,put,100.0,80.0,2.0,0.01,0.3,0.03,crr,steps=1000,,1000,,,,,,,,,,,bsm_price,7.922890528130182,7.924751447122783,0.0018609189926008796,0.0018609189926008796,0.00023487879656972367,,,,,,,tolerance,agree,agree,pass,
eu-put-K80-T2-v0.3-r0.01-q0.03,european,european,put,100.0,80.0,2.0,0.01,0.3,0.03,mc_plain,n_paths=65536,366484423,,65536,65536,0,65536,False,False,0.0,1.0,,,bsm_price,7.922890528130182,7.982744102452746,0.05985357432256411,0.05985357432256411,0.007554512347489126,0.0488025276250159,7.887092905953194,8.078395298952298,normal,1.226444146140568,True,z_score,agree,agree,pass,
eu-put-K80-T2-v0.3-r0.01-q0.03,european,european,put,100.0,80.0,2.0,0.01,0.3,0.03,mc_antithetic_control,n_paths=65536+4096 pilot; antithetic; control,2919811908,,65536,32768,4096,69632,True,True,0.5383941747444785,6.3459747113463445,,,bsm_price,7.922890528130182,7.899373105415408,-0.023517422714774305,0.023517422714774305,-0.0029682882315836393,0.018688538360656735,7.862744243304825,7.93600196752599,normal,-1.258387481189186,True,z_score,agree,agree,pass,
eu-put-K100-T0.25-v0.1-r0.05-q0,european,european,put,100.0,100.0,0.25,0.05,0.1,0.0,crr,steps=1000,,1000,,,,,,,,,,,bsm_price,1.422612271027333,1.422102050294504,-0.0005102207328289143,0.0005102207328289143,-0.0003586505917458878,,,,,,,tolerance,agree,agree,pass,
eu-put-K100-T0.25-v0.1-r0.05-q0,european,european,put,100.0,100.0,0.25,0.05,0.1,0.0,mc_plain,n_paths=65536,1123350904,,65536,65536,0,65536,False,False,0.0,1.0,,,bsm_price,1.422612271027333,1.4210690524810037,-0.001543218546329328,0.001543218546329328,-0.001084778036685217,0.009367528848016867,1.4027090333147507,1.4394290716472566,normal,-0.1647412643576787,True,z_score,agree,agree,pass,
eu-put-K100-T0.25-v0.1-r0.05-q0,european,european,put,100.0,100.0,0.25,0.05,0.1,0.0,mc_antithetic_control,n_paths=65536+4096 pilot; antithetic; control,3088858867,,65536,32768,4096,69632,True,True,7.297972480342653,12.78985125267438,,,bsm_price,1.422612271027333,1.4216744058250028,-0.0009378652023301903,0.0009378652023301903,-0.0006592556675002636,0.002542902850918933,1.4166904078210174,1.4266584038289882,normal,-0.368816764663767,True,z_score,agree,agree,pass,
eu-put-K100-T0.25-v0.1-r0.01-q0.03,european,european,put,100.0,100.0,0.25,0.01,0.1,0.03,crr,steps=1000,,1000,,,,,,,,,,,bsm_price,2.2432280504484865,2.2427295127462825,-0.0004985377022039827,0.0004985377022039827,-0.0002222412037440021,,,,,,,tolerance,agree,agree,pass,
eu-put-K100-T0.25-v0.1-r0.01-q0.03,european,european,put,100.0,100.0,0.25,0.01,0.1,0.03,mc_plain,n_paths=65536,3985820845,,65536,65536,0,65536,False,False,0.0,1.0,,,bsm_price,2.2432280504484865,2.252760844188678,0.009532793740191448,0.009532793740191448,0.0042495874364113645,0.011725447884078288,2.229779388633283,2.275742299744073,normal,0.8130003931991209,True,z_score,agree,agree,pass,
eu-put-K100-T0.25-v0.1-r0.01-q0.03,european,european,put,100.0,100.0,0.25,0.01,0.1,0.03,mc_antithetic_control,n_paths=65536+4096 pilot; antithetic; control,1054298813,,65536,32768,4096,69632,True,True,7.567827464442904,17.13543582502669,,,bsm_price,2.2432280504484865,2.242191736460089,-0.0010363139883975414,0.0010363139883975414,-0.0004619744248429633,0.0027277789158292524,2.236845388027276,2.247538084892902,normal,-0.3799112832729331,True,z_score,agree,agree,pass,
eu-put-K100-T0.25-v0.3-r0.05-q0,european,european,put,100.0,100.0,0.25,0.05,0.3,0.0,crr,steps=1000,,1000,,,,,,,,,,,bsm_price,5.340864547380619,5.33937430585226,-0.0014902415283586379,0.0014902415283586379,-0.00027902627283246006,,,,,,,tolerance,agree,agree,pass,
eu-put-K100-T0.25-v0.3-r0.05-q0,european,european,put,100.0,100.0,0.25,0.05,0.3,0.0,mc_plain,n_paths=65536,256892800,,65536,65536,0,65536,False,False,0.0,1.0,,,bsm_price,5.340864547380619,5.292396884363208,-0.04846766301741123,0.04846766301741123,-0.009074872164878584,0.029634980334288012,5.23431339022545,5.350480378500965,normal,-1.6354882800895127,True,z_score,agree,agree,pass,
eu-put-K100-T0.25-v0.3-r0.05-q0,european,european,put,100.0,100.0,0.25,0.05,0.3,0.0,mc_antithetic_control,n_paths=65536+4096 pilot; antithetic; control,1241398694,,65536,32768,4096,69632,True,True,2.0757052359632366,10.968979977872603,,,bsm_price,5.340864547380619,5.339207775767782,-0.0016567716128372822,0.0016567716128372822,-0.00031020663380235537,0.008687105350365367,5.32218136215116,5.356234189384403,normal,-0.1907161875005465,True,z_score,agree,agree,pass,
eu-put-K100-T0.25-v0.3-r0.01-q0.03,european,european,put,100.0,100.0,0.25,0.01,0.3,0.03,crr,steps=1000,,1000,,,,,,,,,,,bsm_price,6.200781086098786,6.199293275341398,-0.0014878107573883526,0.0014878107573883526,-0.0002399392490607029,,,,,,,tolerance,agree,agree,pass,
eu-put-K100-T0.25-v0.3-r0.01-q0.03,european,european,put,100.0,100.0,0.25,0.01,0.3,0.03,mc_plain,n_paths=65536,3510071620,,65536,65536,0,65536,False,False,0.0,1.0,,,bsm_price,6.200781086098786,6.1682849393863535,-0.032496146712432505,0.032496146712432505,-0.005240653759779386,0.031732905365778934,6.106089587744609,6.230480291028098,normal,-1.0240520474837032,True,z_score,agree,agree,pass,
eu-put-K100-T0.25-v0.3-r0.01-q0.03,european,european,put,100.0,100.0,0.25,0.01,0.3,0.03,mc_antithetic_control,n_paths=65536+4096 pilot; antithetic; control,3296019767,,65536,32768,4096,69632,True,True,2.121506403482435,13.334725294147743,,,bsm_price,6.200781086098786,6.187330500834422,-0.013450585264363824,0.013450585264363824,-0.0021691759598670567,0.008495811362240261,6.170679016544985,6.20398198512386,normal,-1.583201967518384,True,z_score,agree,agree,pass,
eu-put-K100-T1-v0.1-r0.05-q0,european,european,put,100.0,100.0,1.0,0.05,0.1,0.0,crr,steps=1000,,1000,,,,,,,,,,,bsm_price,1.92790015889355,1.926827878494274,-0.0010722803992759822,0.0010722803992759822,-0.0005561908350541241,,,,,,,tolerance,agree,agree,pass,
eu-put-K100-T1-v0.1-r0.05-q0,european,european,put,100.0,100.0,1.0,0.05,0.1,0.0,mc_plain,n_paths=65536,203582465,,65536,65536,0,65536,False,False,0.0,1.0,,,bsm_price,1.92790015889355,1.9090859569945995,-0.018814201898950556,0.018814201898950556,-0.009758908837762792,0.014765785312205652,1.8801455495792259,1.9380263644099731,normal,-1.2741755010753415,True,z_score,agree,agree,pass,
eu-put-K100-T1-v0.1-r0.05-q0,european,european,put,100.0,100.0,1.0,0.05,0.1,0.0,mc_antithetic_control,n_paths=65536+4096 pilot; antithetic; control,2187540468,,65536,32768,4096,69632,True,True,3.27004987116435,14.810073525139243,,,bsm_price,1.92790015889355,1.9261801107892742,-0.0017200481042758398,0.0017200481042758398,-0.0008921873346714181,0.003731038212430018,1.9188674102679686,1.9334928113105798,normal,-0.4610105837419381,True,z_score,agree,agree,pass,
eu-put-K100-T1-v0.1-r0.01-q0.03,european,european,put,100.0,100.0,1.0,0.01,0.1,0.03,crr,steps=1000,,1000,,,,,,,,,,,bsm_price,4.967060815152891,4.966064808385148,-0.0009960067677425855,0.0009960067677425855,-0.00020052236217927752,,,,,,,tolerance,agree,agree,pass,
eu-put-K100-T1-v0.1-r0.01-q0.03,european,european,put,100.0,100.0,1.0,0.01,0.1,0.03,mc_plain,n_paths=65536,4045714495,,65536,65536,0,65536,False,False,0.0,1.0,,,bsm_price,4.967060815152891,4.939062560978472,-0.02799825417441859,0.02799825417441859,-0.00563678505586342,0.023421559314589366,4.893157148260109,4.984967973696836,normal,-1.1954052161240343,True,z_score,agree,agree,pass,
eu-put-K100-T1-v0.1-r0.01-q0.03,european,european,put,100.0,100.0,1.0,0.01,0.1,0.03,mc_antithetic_control,n_paths=65536+4096 pilot; antithetic; control,3845592702,,65536,32768,4096,69632,True,True,3.3260257195580154,22.653189492068954,,,bsm_price,4.967060815152891,4.969585795991688,0.002524980838797042,0.002524980838797042,0.0005083450621530835,0.0047903245515364965,4.960196932396419,4.9789746595869575,normal,0.5271001602568148,True,z_score,agree,agree,pass,
eu-put-K100-T1-v0.3-r0.05-q0,european,european,put,100.0,100.0,1.0,0.05,0.3,0.0,crr,steps=1000,,1000,,,,,,,,,,,bsm_price,9.354197236057232,9.351251465906795,-0.0029457701504362888,0.0029457701504362888,-0.000314914265339772,,,,,,,tolerance,agree,agree,pass,
eu-put-K100-T1-v0.3-r0.05-q0,european,european,put,100.0,100.0,1.0,0.05,0.3,0.0,mc_plain,n_paths=65536,4252110502,,65536,65536,0,65536,False,False,0.0,1.0,,,bsm_price,9.354197236057232,9.376521870921742,0.02232463486451053,0.02232463486451053,0.0023865901371479207,0.05070332059547613,9.277145188658022,9.475898553185463,normal,0.44029926644493544,True,z_score,agree,agree,pass,
eu-put-K100-T1-v0.3-r0.05-q0,european,european,put,100.0,100.0,1.0,0.05,0.3,0.0,mc_antithetic_control,n_paths=65536+4096 pilot; antithetic; control,3895516758,,65536,32768,4096,69632,True,True,0.8717838105877996,8.7573812704963,,,bsm_price,9.354197236057232,9.355426208485884,0.0012289724286524972,0.0012289724286524972,0.00013138192381867135,0.016532785516772317,9.323022544308884,9.387829872662884,normal,0.07433547283400725,True,z_score,agree,agree,pass,
eu-put-K100-T1-v0.3-r0.01-q0.03,european,european,put,100.0,100.0,1.0,0.01,0.3,0.03,crr,steps=1000,,1000,,,,,,,,,,,bsm_price,12.69400452623556,12.691076756978172,-0.0029277692573881353,0.0029277692573881353,-0.00023064189486754288,,,,,,,tolerance,agree,agree,pass,
eu-put-K100-T1-v0.3-r0.01-q0.03,european,european,put,100.0,100.0,1.0,0.01,0.3,0.03,mc_plain,n_paths=65536,4048212827,,65536,65536,0,65536,False,False,0.0,1.0,,,bsm_price,12.69400452623556,12.648128217402888,-0.04587630883267124,0.04587630883267124,-0.003614013902220971,0.05831469482592985,12.53383351577462,12.762422919031156,normal,-0.7867023735546013,True,z_score,agree,agree,pass,
eu-put-K100-T1-v0.3-r0.01-q0.03,european,european,put,100.0,100.0,1.0,0.01,0.3,0.03,mc_antithetic_control,n_paths=65536+4096 pilot; antithetic; control,1143165301,,65536,32768,4096,69632,True,True,0.8754621503402882,16.31585941807002,,,bsm_price,12.69400452623556,12.697088076715307,0.003083550479747288,0.003083550479747288,0.00024291392628498793,0.014032284567300345,12.669585304342581,12.724590849088033,normal,0.21974686053138734,True,z_score,agree,agree,pass,
eu-put-K100-T2-v0.1-r0.05-q0,european,european,put,100.0,100.0,2.0,0.05,0.1,0.0,crr,steps=1000,,1000,,,,,,,,,,,bsm_price,1.8963566352885408,1.8947916554817668,-0.0015649798067740583,0.0015649798067740583,-0.0008252560608336935,,,,,,,tolerance,agree,agree,pass,
eu-put-K100-T2-v0.1-r0.05-q0,european,european,put,100.0,100.0,2.0,0.05,0.1,0.0,mc_plain,n_paths=65536,4067286435,,65536,65536,0,65536,False,False,0.0,1.0,,,bsm_price,1.8963566352885408,1.9222502254672604,0.025893590178719617,0.025893590178719617,0.013654388471491159,0.016857639358159072,1.8892098594609037,1.9552905914736172,normal,1.5360151933839512,True,z_score,agree,agree,pass,
eu-put-K100-T2-v0.1-r0.05-q0,european,european,put,100.0,100.0,2.0,0.05,0.1,0.0,mc_antithetic_control,n_paths=65536+4096 pilot; antithetic; control,3434811433,,65536,32768,4096,69632,True,True,1.9738967126836688,17.46695134954545,,,bsm_price,1.8963566352885408,1.8947150214418378,-0.0016416138467030272,0.0016416138467030272,-0.0008656672569678577,0.0038621557672670935,1.8871453352353107,1.9022847076483649,normal,-0.42505117494643474,True,z_score,agree,agree,pass,
eu-put-K100-T2-v0.1-r0.01-q0.03,european,european,put,100.0,100.0,2.0,0.01,0.1,0.03,crr,steps=1000,,1000,,,,,,,,,,,bsm_price,7.553812654486684,7.552407982371674,-0.0014046721150098307,0.0014046721150098307,-0.00018595538164101907,,,,,,,tolerance,agree,agree,pass,
eu-put-K100-T2-v0.1-r0.01-q0.03,european,european,put,100.0,100.0,2.0,0.01,0.1,0.03,mc_plain,n_paths=65536,2730034588,,65536,65536,0,65536,False,False,0.0,1.0,,,bsm_price,7.553812654486684,7.524468464665902,-0.02934418982078224,0.02934418982078224,-0.0038846859411257547,0.033028062267807516,7.459734652141853,7.589202277189951,normal,-0.8884623500720492,True,z_score,agree,agree,pass,
eu-put-K100-T2-v0.1-r0.01-q0.03,european,european,put,100.0,100.0,2.0,0.01,0.1,0.03,mc_antithetic_control,n_paths=65536+4096 pilot; antithetic; control,3249149048,,65536,32768,4096,69632,True,True,2.2494461803131105,30.66807214337733,,,bsm_price,7.553812654486684,7.546454495366143,-0.007358159120540719,0.007358159120540719,-0.0009740987044694901,0.0058002914128905915,7.535086133097041,7.557822857635246,normal,-1.2685843859823864,True,z_score,agree,agree,pass,
eu-put-K100-T2-v0.3-r0.05-q0,european,european,put,100.0,100.0,2.0,0.05,0.3,0.0,crr,steps=1000,,1000,,,,,,,,,,,bsm_price,11.677477058876157,11.673379820482584,-0.004097238393573122,0.004097238393573122,-0.00035086674740746103,,,,,,,tolerance,agree,agree,pass,
eu-put-K100-T2-v0.3-r0.05-q0,european,european,put,100.0,100.0,2.0,0.05,0.3,0.0,mc_plain,n_paths=65536,3631482656,,65536,65536,0,65536,False,False,0.0,1.0,,,bsm_price,11.677477058876157,11.657922227403079,-0.019554831473078238,0.019554831473078238,-0.001674576740719386,0.062147144159947335,11.536116063107563,11.779728391698594,normal,-0.31465374213737335,True,z_score,agree,agree,pass,
eu-put-K100-T2-v0.3-r0.05-q0,european,european,put,100.0,100.0,2.0,0.05,0.3,0.0,mc_antithetic_control,n_paths=65536+4096 pilot; antithetic; control,3439016687,,65536,32768,4096,69632,True,True,0.4984991754860895,7.317374798787648,,,bsm_price,11.677477058876157,11.664256096877926,-0.013220961998230862,0.013220961998230862,-0.0011321762339221628,0.02234218945789965,11.620466210204672,11.70804598355118,normal,-0.5917487193071964,True,z_score,agree,agree,pass,
eu-put-K100-T2-v0.3-r0.01-q0.03,european,european,put,100.0,100.0,2.0,0.01,0.3,0.03,crr,steps=1000,,1000,,,,,,,,,,,bsm_price,18.136428449252847,18.132376992380934,-0.004051456871913217,0.004051456871913217,-0.00022338780114560658,,,,,,,tolerance,agree,agree,pass,
eu-put-K100-T2-v0.3-r0.01-q0.03,european,european,put,100.0,100.0,2.0,0.01,0.3,0.03,mc_plain,n_paths=65536,2306357021,,65536,65536,0,65536,False,False,0.0,1.0,,,bsm_price,18.136428449252847,18.145148811257155,0.008720362004307702,0.008720362004307702,0.00048082024686988187,0.07683091784191302,17.99456297938785,18.29573464312646,normal,0.11350068760405392,True,z_score,agree,agree,pass,
eu-put-K100-T2-v0.3-r0.01-q0.03,european,european,put,100.0,100.0,2.0,0.01,0.3,0.03,mc_antithetic_control,n_paths=65536+4096 pilot; antithetic; control,595743271,,65536,32768,4096,69632,True,True,0.4825622386012368,21.388944486095124,,,bsm_price,18.136428449252847,18.14465946214853,0.008231012895684842,0.008231012895684842,0.00045383868818030314,0.016119891617291167,18.113065055143952,18.17625386915311,normal,0.5106121735245268,True,z_score,agree,agree,pass,
eu-put-K120-T0.25-v0.1-r0.05-q0,european,european,put,100.0,120.0,0.25,0.05,0.1,0.0,crr,steps=1000,,1000,,,,,,,,,,,bsm_price,18.509814211993486,18.509807010716273,-7.201277213653157e-06,7.201277213653157e-06,-3.8905183656500824e-07,,,,,,,tolerance,agree,agree,pass,
eu-put-K120-T0.25-v0.1-r0.05-q0,european,european,put,100.0,120.0,0.25,0.05,0.1,0.0,mc_plain,n_paths=65536,326050110,,65536,65536,0,65536,False,False,0.0,1.0,,,bsm_price,18.509814211993486,18.484277874831967,-0.02553633716151893,0.02553633716151893,-0.0013796106686458575,0.019463258073973515,18.44613058998517,18.522425159678765,normal,-1.3120278765489115,True,z_score,agree,agree,pass,
eu-put-K120-T0.25-v0.1-r0.05-q0,european,european,put,100.0,120.0,0.25,0.05,0.1,0.0,mc_antithetic_control,n_paths=65536+4096 pilot; antithetic; control,2671616465,,65536,32768,4096,69632,True,True,-0.9549177762384312,13870.225696735288,,,bsm_price,18.509814211993486,18.509835648275182,2.143628169548606e-05,2.143628169548606e-05,1.1581035579274675e-06,0.00016196497654085264,18.509518202754403,18.51015309379596,normal,0.1323513401064159,True,z_score,agree,agree,pass,
eu-put-K120-T0.25-v0.1-r0.01-q0.03,european,european,put,100.0,120.0,0.25,0.01,0.1,0.03,crr,steps=1000,,1000,,,,,,,,,,,bsm_price,20.447685521300443,20.447683894678384,-1.6266220583815993e-06,1.6266220583815993e-06,-7.955042426132484e-08,,,,,,,tolerance,agree,agree,pass,
eu-put-K120-T0.25-v0.1-r0.01-q0.03,european,european,put,100.0,120.0,0.25,0.01,0.1,0.03,mc_plain,n_paths=65536,1176654442,,65536,65536,0,65536,False,False,0.0,1.0,,,bsm_price,20.447685521300443,20.473498013270135,0.02581249196969182,0.02581249196969182,0.0012623674177110575,0.019326826774744604,20.43561812885619,20.511377897684078,normal,1.3355783787239395,True,z_score,agree,agree,pass,
eu-put-K120-T0.25-v0.1-r0.01-q0.03,european,european,put,100.0,120.0,0.25,0.01,0.1,0.03,mc_antithetic_control,n_paths=65536+4096 pilot; antithetic; control,3265953735,,65536,32768,4096,69632,True,True,-0.9999999999999996,145116.63708253438,,,bsm_price,20.447685521300443,20.44768141708993,-4.104210511002293e-06,4.104210511002293e-06,-2.0071760721901357e-07,4.970493303283943e-05,20.447583997211332,20.44777883696853,normal,-0.08257149261806052,True,z_score,agree,agree,pass,
eu-put-K120-T0.25-v0.3-r0.05-q0,european,european,put,100.0,120.0,0.25,0.05,0.3,0.0,crr,steps=1000,,1000,,,,,,,,,,,bsm_price,19.558499275907067,19.558309615726518,-0.0001896601805491116,0.0001896601805491116,-9.697072248418493e-06,,,,,,,tolerance,agree,agree,pass,
eu-put-K120-T0.25-v0.3-r0.05-q0,european,european,put,100.0,120.0,0.25,0.05,0.3,0.0,mc_plain,n_paths=65536,2837723928,,65536,65536,0,65536,False,False,0.0,1.0,,,bsm_price,19.558499275907067,19.680447823454195,0.12194854754712736,0.12194854754712736,0.006235066700508479,0.050933307322940075,19.580620375487722,19.780275271420667,normal,2.3942789886766773,False,z_score,agree,agree,pass,
eu-put-K120-T0.25-v0.3-r0.05-q0,european,european,put,100.0,120.0,0.25,0.05,0.3,0.0,mc_antithetic_control,n_paths=65536+4096 pilot; antithetic; control,368456424,,65536,32768,4096,69632,True,True,0.6622036410034176,110.08159662002753,,,bsm_price,19.558499275907067,19.560384547556275,0.0018852716492077093,0.0018852716492077093,9.639142669448373e-05,0.004732991003114102,19.55110805565102,19.56966103946153,normal,0.3983256355161636,True,z_score,agree,agree,pass,
eu-put-K120-T0.25-v0.3-r0.01-q0.03,european,european,put,100.0,120.0,0.25,0.01,0.3,0.03,crr,steps=1000,,1000,,,,,,,,,,,bsm_price,21.27511763906881,21.275025818653706,-9.182041510413796e-05,9.182041510413796e-05,-4.31585933680209e-06,,,,,,,tolerance,agree,agree,pass,
eu-put-K120-T0.25-v0.3-r0.01-q0.03,european,european,put,100.0,120.0,0.25,0.01,0.3,0.03,mc_plain,n_paths=65536,2101569827,,65536,65536,0,65536,False,False,0.0,1.0,,,bsm_price,21.27511763906881,21.25048028545677,-0.024637353612039448,0.024637353612039448,-0.001158036069647688,0.0518081235497114,21.148938229192733,21.352022341720808,normal,-0.4755500088398143,True,z_score,agree,agree,pass,
eu-put-K120-T0.25-v0.3-r0.01-q0.03,european,european,put,100.0,120.0,0.25,0.01,0.3,0.03,mc_antithetic_control,n_paths=65536+4096 pilot; antithetic; control,2539816027,,65536,32768,4096,69632,True,True,0.45199202203729455,100.4262083277821,,,bsm_price,21.27511763906881,21.275567069531636,0.00044943046282597265,0.00044943046282597265,2.112469930604077e-05,0.005005776358773586,21.265755928153776,21.285378210909496,normal,0.08978236952960539,True,z_score,agree,agree,pass,
eu-put-K120-T1-v0.1-r0.05-q0,european,european,put,100.0,120.0,1.0,0.05,0.1,0.0,crr,steps=1000,,1000,,,,,,,,,,,bsm_price,14.61002745064917,14.609227161810736,-0.0008002888384339713,0.0008002888384339713,-5.477668273637719e-05,,,,,,,tolerance,agree,agree,pass,
eu-put-K120-T1-v0.1-r0.05-q0,european,european,put,100.0,120.0,1.0,0.05,0.1,0.0,mc_plain,n_paths=65536,31731223,,65536,65536,0,65536,False,False,0.0,1.0,,,bsm_price,14.61002745064917,14.593627612052325,-0.01639983859684513,0.01639983859684513,-0.0011225056662105336,0.035452374903311906,14.524142234075422,14.663112990029228,normal,-0.46258787010946,True,z_score,agree,agree,pass,
eu-put-K120-T1-v0.1-r0.05-q0,european,european,put,100.0,120.0,1.0,0.05,0.1,0.0,mc_antithetic_control,n_paths=65536+4096 pilot; antithetic; control,2033465947,,65536,32768,4096,69632,True,True,0.8234011289827068,119.36945331662996,,,bsm_price,14.61002745064917,14.60978837766568,-0.0002390729834900185,0.0002390729834900185,-1.636362315523204e-05,0.0031395195120484994,14.603635032493305,14.615941722838055,normal,-0.07614954535957835,True,z_score,agree,agree,pass,
eu-put-K120-T1-v0.1-r0.01-q0.03,european,european,put,100.0,120.0,1.0,0.01,0.1,0.03,crr,steps=1000,,1000,,,,,,,,,,,bsm_price,21.846994259017094,21.846893076304976,-0.00010118271211823071,0.00010118271211823071,-4.6314248504216415e-06,,,,,,,tolerance,agree,agree,pass,
eu-put-K120-T1-v0.1-r0.01-q0.03,european,european,put,100.0,120.0,1.0,0.01,0.1,0.03,mc_plain,n_paths=65536,3537382096,,65536,65536,0,65536,False,False,0.0,1.0,,,bsm_price,21.846994259017094,21.88004094538803,0.033046686370934,0.033046686370934,0.0015126422417259691,0.0371124452566518,21.80730188930678,21.95278000146928,normal,0.8904475612533486,True,z_score,agree,agree,pass,
eu-put-K120-T1-v0.1-r0.01-q0.03,european,european,put,100.0,120.0,1.0,0.01,0.1,0.03,mc_antithetic_control,n_paths=65536+4096 pilot; antithetic; control,3282449649,,65536,32768,4096,69632,True,True,-0.2793788160844924,206.84785704739994,,,bsm_price,21.846994259017094,21.849449242411435,0.00245498339434036,0.00245498339434036,0.00011237167755134526,0.0025120115141374954,21.844525790314975,21.854372694507894,normal,0.977297827069588,True,z_score,agree,agree,pass,
eu-put-K120-T1-v0.3-r0.05-q0,european,european,put,100.0,120.0,1.0,0.05,0.3,0.0,crr,steps=1000,,1000,,,,,,,,,,,bsm_price,21.05152849102447,21.053486535204243,0.0019580441797728554,0.0019580441797728554,9.301197205740605e-05,,,,,,,tolerance,agree,agree,pass,
eu-put-K120-T1-v0.3-r0.05-q0,european,european,put,100.0,120.0,1.0,0.05,0.3,0.0,mc_plain,n_paths=65536,1217159442,,65536,65536,0,65536,False,False,0.0,1.0,,,bsm_price,21.05152849102447,21.001105819240394,-0.050422671784076556,0.050422671784076556,-0.0023952024103890968,0.07576099640593056,20.8526169948519,21.149594643628888,normal,-0.665549216300031,True,z_score,agree,agree,pass,
eu-put-K120-T1-v0.3-r0.05-q0,european,european,put,100.0,120.0,1.0,0.05,0.3,0.0,mc_antithetic_control,n_paths=65536+4096 pilot; antithetic; control,4254246138,,65536,32768,4096,69632,True,True,0.6372682799239773,90.37927048227368,,,bsm_price,21.05152849102447,21.046598629392445,-0.004929861632025023,0.004929861632025023,-0.00023418069781141635,0.007744304066334959,21.031420072337102,21.061777186447788,normal,-0.6365790379351817,True,z_score,agree,agree,pass,
eu-put-K120-T1-v0.3-r0.01-q0.03,european,european,put,100.0,120.0,1.0,0.01,0.3,0.03,crr,steps=1000,,1000,,,,,,,,,,,bsm_price,26.53667344850946,26.538704576613217,0.0020311281037557194,0.0020311281037557194,7.654041896761578e-05,,,,,,,tolerance,agree,agree,pass,
eu-put-K120-T1-v0.3-r0.01-q0.03,european,european,put,100.0,120.0,1.0,0.01,0.3,0.03,mc_plain,n_paths=65536,2266809247,,65536,65536,0,65536,False,False,0.0,1.0,,,bsm_price,26.53667344850946,26.44578351894084,-0.09088992956862185,0.09088992956862185,-0.0034250686976640267,0.08253857081514385,26.28401089280775,26.60755614507393,normal,-1.1011812861671908,True,z_score,agree,agree,pass,
eu-put-K120-T1-v0.3-r0.01-q0.03,european,european,put,100.0,120.0,1.0,0.01,0.3,0.03,mc_antithetic_control,n_paths=65536+4096 pilot; antithetic; control,2109714998,,65536,32768,4096,69632,True,True,0.46769226493102906,121.20233140983612,,,bsm_price,26.53667344850946,26.532275068865143,-0.004398379644317885,0.004398379644317885,-0.0001657472121685598,0.007284171146599631,26.517998355760582,26.546551781969704,normal,-0.6038270594961405,True,z_score,agree,agree,pass,
eu-put-K120-T2-v0.1-r0.05-q0,european,european,put,100.0,120.0,2.0,0.05,0.1,0.0,crr,steps=1000,,1000,,,,,,,,,,,bsm_price,11.135832737108771,11.134872186019193,-0.0009605510895784874,0.0009605510895784874,-8.625767935410622e-05,,,,,,,tolerance,agree,agree,pass,
eu-put-K120-T2-v0.1-r0.05-q0,european,european,put,100.0,120.0,2.0,0.05,0.1,0.0,mc_plain,n_paths=65536,4294485296,,65536,65536,0,65536,False,False,0.0,1.0,,,bsm_price,11.135832737108771,11.135784204066406,-4.853304236540623e-05,4.853304236540623e-05,-4.358276880693074e-06,0.04042957320667824,11.05654369667099,11.21502471146182,normal,-0.001200434199918525,True,z_score,agree,agree,pass,
eu-put-K120-T2-v0.1-r0.05-q0,european,european,put,100.0,120.0,2.0,0.05,0.1,0.0,mc_antithetic_control,n_paths=65536+4096 pilot; antithetic; control,2177884302,,65536,32768,4096,69632,True,True,1.8258746339595087,117.14604366522865,,,bsm_price,11.135832737108771,11.132946814713225,-0.002885922395545748,0.002885922395545748,-0.0002591564065010399,0.003614611510443691,11.125862306334652,11.140031323091799,normal,-0.7984045829565521,True,z_score,agree,agree,pass,
eu-put-K120-T2-v0.1-r0.01-q0.03,european,european,put,100.0,120.0,2.0,0.01,0.1,0.03,crr,steps=1000,,1000,,,,,,,,,,,bsm_price,23.816106949938572,23.816315892940693,0.00020894300212148664,0.00020894300212148664,8.773180375813922e-06,,,,,,,tolerance,agree,agree,pass,
eu-put-K120-T2-v0.1-r0.01-q0.03,european,european,put,100.0,120.0,2.0,0.01,0.1,0.03,mc_plain,n_paths=65536,2765501244,,65536,65536,0,65536,False,False,0.0,1.0,,,bsm_price,23.816106949938572,23.75510829475747,-0.060998655181101924,0.060998655181101924,-0.0025612353567827447,0.04902656402413071,23.659017994984428,23.851198594530512,normal,-1.2441960067011546,True,z_score,agree,agree,pass,
eu-put-K120-T2-v0.1-r0.01-q0.03,european,european,put,100.0,120.0,2.0,0.01,0.1,0.03,mc_antithetic_control,n_paths=65536+4096 pilot; antithetic; control,3339457658,,65536,32768,4096,69632,True,True,-0.07042899260078682,108.44530871399948,,,bsm_price,23.816106949938572,23.811139640405074,-0.00496730953349811,0.00496730953349811,-0.0002085693326763853,0.0045515010856061935,23.80221886220169,23.820060418608456,normal,-1.0913563327946645,True,z_score,agree,agree,pass,
eu-put-K120-T2-v0.3-r0.05-q0,european,european,put,100.0,120.0,2.0,0.05,0.3,0.0,crr,steps=1000,,1000,,,,,,,,,,,bsm_price,22.13423721746785,22.134696712042448,0.0004594945745992618,0.0004594945745992618,2.075944926788075e-05,,,,,,,tolerance,agree,agree,pass,
eu-put-K120-T2-v0.3-r0.05-q0,european,european,put,100.0,120.0,2.0,0.05,0.3,0.0,mc_plain,n_paths=65536,3757933050,,65536,65536,0,65536,False,False,0.0,1.0,,,bsm_price,22.13423721746785,22.194973874496544,0.06073665702869491,0.06073665702869491,0.0027440140101490772,0.0874036114116338,22.023665944011007,22.36628180498208,normal,0.6948987123958884,True,z_score,agree,agree,pass,
eu-put-K120-T2-v0.3-r0.05-q0,european,european,put,100.0,120.0,2.0,0.05,0.3,0.0,mc_antithetic_control,n_paths=65536+4096 pilot; antithetic; control,576183582,,65536,32768,4096,69632,True,True,0.44434230359434584,34.68518581408889,,,bsm_price,22.13423721746785,22.140148418576242,0.005911201108393271,0.005911201108393271,0.0002670614329428205,0.014454910388310665,22.1118173148154,22.168479522337083,normal,0.40894069555585183,True,z_score,agree,agree,pass,
eu-put-K120-T2-v0.3-r0.01-q0.03,european,european,put,100.0,120.0,2.0,0.01,0.3,0.03,crr,steps=1000,,1000,,,,,,,,,,,bsm_price,31.85508825722635,31.856056970032196,0.0009687128058466499,0.0009687128058466499,3.040998656241038e-05,,,,,,,tolerance,agree,agree,pass,
eu-put-K120-T2-v0.3-r0.01-q0.03,european,european,put,100.0,120.0,2.0,0.01,0.3,0.03,mc_plain,n_paths=65536,1020895883,,65536,65536,0,65536,False,False,0.0,1.0,,,bsm_price,31.85508825722635,31.78436556641248,-0.07072269081387006,0.07072269081387006,-0.002220137964861126,0.10104524841755164,31.586320518705175,31.982410614119782,normal,-0.6999110984578022,True,z_score,agree,agree,pass,
eu-put-K120-T2-v0.3-r0.01-q0.03,european,european,put,100.0,120.0,2.0,0.01,0.3,0.03,mc_antithetic_control,n_paths=65536+4096 pilot; antithetic; control,1005992013,,65536,32768,4096,69632,True,True,0.2675602877219528,106.64724156672649,,,bsm_price,31.85508825722635,31.8418677159952,-0.013220541231149241,0.013220541231149241,-0.0004150213342494869,0.009512313667526038,31.8232239237972,31.8605115081932,normal,-1.3898344496652453,True,z_score,agree,agree,pass,
am-call-K80-T0.25-v0.2-r0.05-q0,american,american,call,100.0,80.0,0.25,0.05,0.2,0.0,bsm,,,,,,,,,,,,,,,,,,,,,,,,,,none,unsupported,unsupported,expected,BSM prices European exercise only; it is not an American reference
am-call-K80-T0.25-v0.2-r0.05-q0,american,american,call,100.0,80.0,0.25,0.05,0.2,0.0,crr_american,steps=1000; american,,1000,,,,,,,,,,,"crr_price(american=True, steps=6400) [same implementation]",21.021290015114918,21.021248463909348,-4.155120556958991e-05,4.155120556958991e-05,-1.9766249140615723e-06,,,,,,,tolerance,agree,agree,pass,
am-call-K80-T0.25-v0.2-r0.05-q0,american,american,call,100.0,80.0,0.25,0.05,0.2,0.0,mc_plain,,,,,,,,,,,,,,,,,,,,,,,,,,none,unsupported,unsupported,expected,no early-exercise Monte Carlo (Longstaff-Schwartz) is implemented
am-call-K80-T0.25-v0.2-r0.02-q0.05,american,american,call,100.0,80.0,0.25,0.02,0.2,0.05,bsm,,,,,,,,,,,,,,,,,,,,,,,,,,none,unsupported,unsupported,expected,BSM prices European exercise only; it is not an American reference
am-call-K80-T0.25-v0.2-r0.02-q0.05,american,american,call,100.0,80.0,0.25,0.02,0.2,0.05,crr_american,steps=1000; american,,1000,,,,,,,,,,,"crr_price(american=True, steps=6400) [same implementation]",20.0,20.0,0.0,0.0,0.0,,,,,,,tolerance,agree,agree,pass,
am-call-K80-T0.25-v0.2-r0.02-q0.05,american,american,call,100.0,80.0,0.25,0.02,0.2,0.05,mc_plain,,,,,,,,,,,,,,,,,,,,,,,,,,none,unsupported,unsupported,expected,no early-exercise Monte Carlo (Longstaff-Schwartz) is implemented
am-call-K80-T1-v0.2-r0.05-q0,american,american,call,100.0,80.0,1.0,0.05,0.2,0.0,bsm,,,,,,,,,,,,,,,,,,,,,,,,,,none,unsupported,unsupported,expected,BSM prices European exercise only; it is not an American reference
am-call-K80-T1-v0.2-r0.05-q0,american,american,call,100.0,80.0,1.0,0.05,0.2,0.0,crr_american,steps=1000; american,,1000,,,,,,,,,,,"crr_price(american=True, steps=6400) [same implementation]",24.588896992499965,24.589217702566,0.00032071006603473506,0.00032071006603473506,1.304288135139031e-05,,,,,,,tolerance,agree,agree,pass,
am-call-K80-T1-v0.2-r0.05-q0,american,american,call,100.0,80.0,1.0,0.05,0.2,0.0,mc_plain,,,,,,,,,,,,,,,,,,,,,,,,,,none,unsupported,unsupported,expected,no early-exercise Monte Carlo (Longstaff-Schwartz) is implemented
am-call-K80-T1-v0.2-r0.02-q0.05,american,american,call,100.0,80.0,1.0,0.02,0.2,0.05,bsm,,,,,,,,,,,,,,,,,,,,,,,,,,none,unsupported,unsupported,expected,BSM prices European exercise only; it is not an American reference
am-call-K80-T1-v0.2-r0.02-q0.05,american,american,call,100.0,80.0,1.0,0.02,0.2,0.05,crr_american,steps=1000; american,,1000,,,,,,,,,,,"crr_price(american=True, steps=6400) [same implementation]",20.065464397625348,20.065483049367387,1.8651742038855446e-05,1.8651742038855446e-05,9.295444984100537e-07,,,,,,,tolerance,agree,agree,pass,
am-call-K80-T1-v0.2-r0.02-q0.05,american,american,call,100.0,80.0,1.0,0.02,0.2,0.05,mc_plain,,,,,,,,,,,,,,,,,,,,,,,,,,none,unsupported,unsupported,expected,no early-exercise Monte Carlo (Longstaff-Schwartz) is implemented
am-call-K100-T0.25-v0.2-r0.05-q0,american,american,call,100.0,100.0,0.25,0.05,0.2,0.0,bsm,,,,,,,,,,,,,,,,,,,,,,,,,,none,unsupported,unsupported,expected,BSM prices European exercise only; it is not an American reference
am-call-K100-T0.25-v0.2-r0.05-q0,american,american,call,100.0,100.0,0.25,0.05,0.2,0.0,crr_american,steps=1000; american,,1000,,,,,,,,,,,"crr_price(american=True, steps=6400) [same implementation]",4.614841138054878,4.613998889142548,-0.0008422489123303123,0.0008422489123303123,-0.00018250875536862231,,,,,,,tolerance,agree,agree,pass,
am-call-K100-T0.25-v0.2-r0.05-q0,american,american,call,100.0,100.0,0.25,0.05,0.2,0.0,mc_plain,,,,,,,,,,,,,,,,,,,,,,,,,,none,unsupported,unsupported,expected,no early-exercise Monte Carlo (Longstaff-Schwartz) is implemented
am-call-K100-T0.25-v0.2-r0.02-q0.05,american,american,call,100.0,100.0,0.25,0.02,0.2,0.05,bsm,,,,,,,,,,,,,,,,,,,,,,,,,,none,unsupported,unsupported,expected,BSM prices European exercise only; it is not an American reference
am-call-K100-T0.25-v0.2-r0.02-q0.05,american,american,call,100.0,100.0,0.25,0.02,0.2,0.05,crr_american,steps=1000; american,,1000,,,,,,,,,,,"crr_price(american=True, steps=6400) [same implementation]",3.6550060735202314,3.654482316684067,-0.0005237568361642353,0.0005237568361642353,-0.00014329848586538502,,,,,,,tolerance,agree,agree,pass,
am-call-K100-T0.25-v0.2-r0.02-q0.05,american,american,call,100.0,100.0,0.25,0.02,0.2,0.05,mc_plain,,,,,,,,,,,,,,,,,,,,,,,,,,none,unsupported,unsupported,expected,no early-exercise Monte Carlo (Longstaff-Schwartz) is implemented
am-call-K100-T1-v0.2-r0.05-q0,american,american,call,100.0,100.0,1.0,0.05,0.2,0.0,bsm,,,,,,,,,,,,,,,,,,,,,,,,,,none,unsupported,unsupported,expected,BSM prices European exercise only; it is not an American reference
am-call-K100-T1-v0.2-r0.05-q0,american,american,call,100.0,100.0,1.0,0.05,0.2,0.0,crr_american,steps=1000; american,,1000,,,,,,,,,,,"crr_price(american=True, steps=6400) [same implementation]",10.450271122284965,10.448584103762832,-0.0016870185221335987,0.0016870185221335987,-0.000161432990818398,,,,,,,tolerance,agree,agree,pass,
am-call-K100-T1-v0.2-r0.05-q0,american,american,call,100.0,100.0,1.0,0.05,0.2,0.0,mc_plain,,,,,,,,,,,,,,,,,,,,,,,,,,none,unsupported,unsupported,expected,no early-exercise Monte Carlo (Longstaff-Schwartz) is implemented
am-call-K100-T1-v0.2-r0.02-q0.05,american,american,call,100.0,100.0,1.0,0.02,0.2,0.05,bsm,,,,,,,,,,,,,,,,,,,,,,,,,,none,unsupported,unsupported,expected,BSM prices European exercise only; it is not an American reference
am-call-K100-T1-v0.2-r0.02-q0.05,american,american,call,100.0,100.0,1.0,0.02,0.2,0.05,crr_american,steps=1000; american,,1000,,,,,,,,,,,"crr_price(american=True, steps=6400) [same implementation]",6.660543165859874,6.659759199382613,-0.0007839664772610888,0.0007839664772610888,-0.00011770308482940055,,,,,,,tolerance,agree,agree,pass,
am-call-K100-T1-v0.2-r0.02-q0.05,american,american,call,100.0,100.0,1.0,0.02,0.2,0.05,mc_plain,,,,,,,,,,,,,,,,,,,,,,,,,,none,unsupported,unsupported,expected,no early-exercise Monte Carlo (Longstaff-Schwartz) is implemented
am-call-K120-T0.25-v0.2-r0.05-q0,american,american,call,100.0,120.0,0.25,0.05,0.2,0.0,bsm,,,,,,,,,,,,,,,,,,,,,,,,,,none,unsupported,unsupported,expected,BSM prices European exercise only; it is not an American reference
am-call-K120-T0.25-v0.2-r0.05-q0,american,american,call,100.0,120.0,0.25,0.05,0.2,0.0,crr_american,steps=1000; american,,1000,,,,,,,,,,,"crr_price(american=True, steps=6400) [same implementation]",0.1996946447824669,0.19948013249698984,-0.0002145122854770587,0.0002145122854770587,-0.0010742014925374341,,,,,,,tolerance,agree,agree,pass,
am-call-K120-T0.25-v0.2-r0.05-q0,american,american,call,100.0,120.0,0.25,0.05,0.2,0.0,mc_plain,,,,,,,,,,,,,,,,,,,,,,,,,,none,unsupported,unsupported,expected,no early-exercise Monte Carlo (Longstaff-Schwartz) is implemented
am-call-K120-T0.25-v0.2-r0.02-q0.05,american,american,call,100.0,120.0,0.25,0.02,0.2,0.05,bsm,,,,,,,,,,,,,,,,,,,,,,,,,,none,unsupported,unsupported,expected,BSM prices European exercise only; it is not an American reference
am-call-K120-T0.25-v0.2-r0.02-q0.05,american,american,call,100.0,120.0,0.25,0.02,0.2,0.05,crr_american,steps=1000; american,,1000,,,,,,,,,,,"crr_price(american=True, steps=6400) [same implementation]",0.12140301645546125,0.12130802062190751,-9.499583355374042e-05,9.499583355374042e-05,-0.00078248330500578,,,,,,,tolerance,agree,agree,pass,
am-call-K120-T0.25-v0.2-r0.02-q0.05,american,american,call,100.0,120.0,0.25,0.02,0.2,0.05,mc_plain,,,,,,,,,,,,,,,,,,,,,,,,,,none,unsupported,unsupported,expected,no early-exercise Monte Carlo (Longstaff-Schwartz) is implemented
am-call-K120-T1-v0.2-r0.05-q0,american,american,call,100.0,120.0,1.0,0.05,0.2,0.0,bsm,,,,,,,,,,,,,,,,,,,,,,,,,,none,unsupported,unsupported,expected,BSM prices European exercise only; it is not an American reference
am-call-K120-T1-v0.2-r0.05-q0,american,american,call,100.0,120.0,1.0,0.05,0.2,0.0,crr_american,steps=1000; american,,1000,,,,,,,,,,,"crr_price(american=True, steps=6400) [same implementation]",3.2476089956894545,3.2482292316545016,0.0006202359650471223,0.0006202359650471223,0.00019098233989078131,,,,,,,tolerance,agree,agree,pass,
am-call-K120-T1-v0.2-r0.05-q0,american,american,call,100.0,120.0,1.0,0.05,0.2,0.0,mc_plain,,,,,,,,,,,,,,,,,,,,,,,,,,none,unsupported,unsupported,expected,no early-exercise Monte Carlo (Longstaff-Schwartz) is implemented
am-call-K120-T1-v0.2-r0.02-q0.05,american,american,call,100.0,120.0,1.0,0.02,0.2,0.05,bsm,,,,,,,,,,,,,,,,,,,,,,,,,,none,unsupported,unsupported,expected,BSM prices European exercise only; it is not an American reference
am-call-K120-T1-v0.2-r0.02-q0.05,american,american,call,100.0,120.0,1.0,0.02,0.2,0.05,crr_american,steps=1000; american,,1000,,,,,,,,,,,"crr_price(american=True, steps=6400) [same implementation]",1.6112858293267676,1.6120016254098704,0.0007157960831027932,0.0007157960831027932,0.0004442390481407444,,,,,,,tolerance,agree,agree,pass,
am-call-K120-T1-v0.2-r0.02-q0.05,american,american,call,100.0,120.0,1.0,0.02,0.2,0.05,mc_plain,,,,,,,,,,,,,,,,,,,,,,,,,,none,unsupported,unsupported,expected,no early-exercise Monte Carlo (Longstaff-Schwartz) is implemented
am-put-K80-T0.25-v0.2-r0.05-q0,american,american,put,100.0,80.0,0.25,0.05,0.2,0.0,bsm,,,,,,,,,,,,,,,,,,,,,,,,,,none,unsupported,unsupported,expected,BSM prices European exercise only; it is not an American reference
am-put-K80-T0.25-v0.2-r0.05-q0,american,american,put,100.0,80.0,0.25,0.05,0.2,0.0,crr_american,steps=1000; american,,1000,,,,,,,,,,,"crr_price(american=True, steps=6400) [same implementation]",0.027861562603149873,0.027820596914548804,-4.096568860106897e-05,4.096568860106897e-05,-0.001470329901612827,,,,,,,tolerance,agree,agree,pass,
am-put-K80-T0.25-v0.2-r0.05-q0,american,american,put,100.0,80.0,0.25,0.05,0.2,0.0,mc_plain,,,,,,,,,,,,,,,,,,,,,,,,,,none,unsupported,unsupported,expected,no early-exercise Monte Carlo (Longstaff-Schwartz) is implemented
am-put-K80-T0.25-v0.2-r0.02-q0.05,american,american,put,100.0,80.0,0.25,0.02,0.2,0.05,bsm,,,,,,,,,,,,,,,,,,,,,,,,,,none,unsupported,unsupported,expected,BSM prices European exercise only; it is not an American reference
am-put-K80-T0.25-v0.2-r0.02-q0.05,american,american,put,100.0,80.0,0.25,0.02,0.2,0.05,crr_american,steps=1000; american,,1000,,,,,,,,,,,"crr_price(american=True, steps=6400) [same implementation]",0.048942291490038016,0.04885650279757029,-8.578869246772536e-05,8.578869246772536e-05,-0.0017528540216631922,,,,,,,tolerance,agree,agree,pass,
am-put-K80-T0.25-v0.2-r0.02-q0.05,american,american,put,100.0,80.0,0.25,0.02,0.2,0.05,mc_plain,,,,,,,,,,,,,,,,,,,,,,,,,,none,unsupported,unsupported,expected,no early-exercise Monte Carlo (Longstaff-Schwartz) is implemented
am-put-K80-T1-v0.2-r0.05-q0,american,american,put,100.0,80.0,1.0,0.05,0.2,0.0,bsm,,,,,,,,,,,,,,,,,,,,,,,,,,none,unsupported,unsupported,expected,BSM prices European exercise only; it is not an American reference
am-put-K80-T1-v0.2-r0.05-q0,american,american,put,100.0,80.0,1.0,0.05,0.2,0.0,crr_american,steps=1000; american,,1000,,,,,,,,,,,"crr_price(american=True, steps=6400) [same implementation]",0.7235972980562171,0.7239301132099878,0.0003328151537707047,0.0003328151537707047,0.0004599452688183586,,,,,,,tolerance,agree,agree,pass,
am-put-K80-T1-v0.2-r0.05-q0,american,american,put,100.0,80.0,1.0,0.05,0.2,0.0,mc_plain,,,,,,,,,,,,,,,,,,,,,,,,,,none,unsupported,unsupported,expected,no early-exercise Monte Carlo (Longstaff-Schwartz) is implemented
am-put-K80-T1-v0.2-r0.02-q0.05,american,american,put,100.0,80.0,1.0,0.02,0.2,0.05,bsm,,,,,,,,,,,,,,,,,,,,,,,,,,none,unsupported,unsupported,expected,BSM prices European exercise only; it is not an American reference
am-put-K80-T1-v0.2-r0.02-q0.05,american,american,put,100.0,80.0,1.0,0.02,0.2,0.05,crr_american,steps=1000; american,,1000,,,,,,,,,,,"crr_price(american=True, steps=6400) [same implementation]",1.5308097217337626,1.5310778439465178,0.0002681222127551841,0.0002681222127551841,0.00017515058138742063,,,,,,,tolerance,agree,agree,pass,
am-put-K80-T1-v0.2-r0.02-q0.05,american,american,put,100.0,80.0,1.0,0.02,0.2,0.05,mc_plain,,,,,,,,,,,,,,,,,,,,,,,,,,none,unsupported,unsupported,expected,no early-exercise Monte Carlo (Longstaff-Schwartz) is implemented
am-put-K100-T0.25-v0.2-r0.05-q0,american,american,put,100.0,100.0,0.25,0.05,0.2,0.0,bsm,,,,,,,,,,,,,,,,,,,,,,,,,,none,unsupported,unsupported,expected,BSM prices European exercise only; it is not an American reference
am-put-K100-T0.25-v0.2-r0.05-q0,american,american,put,100.0,100.0,0.25,0.05,0.2,0.0,crr_american,steps=1000; american,,1000,,,,,,,,,,,"crr_price(american=True, steps=6400) [same implementation]",3.479778324147482,3.479341743426799,-0.00043658072068275544,0.00043658072068275544,-0.00012546222201947714,,,,,,,tolerance,agree,agree,pass,
am-put-K100-T0.25-v0.2-r0.05-q0,american,american,put,100.0,100.0,0.25,0.05,0.2,0.0,mc_plain,,,,,,,,,,,,,,,,,,,,,,,,,,none,unsupported,unsupported,expected,no early-exercise Monte Carlo (Longstaff-Schwartz) is implemented
am-put-K100-T0.25-v0.2-r0.02-q0.05,american,american,put,100.0,100.0,0.25,0.02,0.2,0.05,bsm,,,,,,,,,,,,,,,,,,,,,,,,,,none,unsupported,unsupported,expected,BSM prices European exercise only; it is not an American reference
am-put-K100-T0.25-v0.2-r0.02-q0.05,american,american,put,100.0,100.0,0.25,0.02,0.2,0.05,crr_american,steps=1000; american,,1000,,,,,,,,,,,"crr_price(american=True, steps=6400) [same implementation]",4.335730772847531,4.334894722542051,-0.0008360503054793966,0.0008360503054793966,-0.0001928280027706409,,,,,,,tolerance,agree,agree,pass,
am-put-K100-T0.25-v0.2-r0.02-q0.05,american,american,put,100.0,100.0,0.25,0.02,0.2,0.05,mc_plain,,,,,,,,,,,,,,,,,,,,,,,,,,none,unsupported,unsupported,expected,no early-exercise Monte Carlo (Longstaff-Schwartz) is implemented
am-put-K100-T1-v0.2-r0.05-q0,american,american,put,100.0,100.0,1.0,0.05,0.2,0.0,bsm,,,,,,,,,,,,,,,,,,,,,,,,,,none,unsupported,unsupported,expected,BSM prices European exercise only; it is not an American reference
am-put-K100-T1-v0.2-r0.05-q0,american,american,put,100.0,100.0,1.0,0.05,0.2,0.0,crr_american,steps=1000; american,,1000,,,,,,,,,,,"crr_price(american=True, steps=6400) [same implementation]",6.09025289020309,6.089595282978479,-0.0006576072246113895,0.0006576072246113895,-0.00010797699807658733,,,,,,,tolerance,agree,agree,pass,
am-put-K100-T1-v0.2-r0.05-q0,american,american,put,100.0,100.0,1.0,0.05,0.2,0.0,mc_plain,,,,,,,,,,,,,,,,,,,,,,,,,,none,unsupported,unsupported,expected,no early-exercise Monte Carlo (Longstaff-Schwartz) is implemented
am-put-K100-T1-v0.2-r0.02-q0.05,american,american,put,100.0,100.0,1.0,0.02,0.2,0.05,bsm,,,,,,,,,,,,,,,,,,,,,,,,,,none,unsupported,unsupported,expected,BSM prices European exercise only; it is not an American reference
am-put-K100-T1-v0.2-r0.02-q0.05,american,american,put,100.0,100.0,1.0,0.02,0.2,0.05,crr_american,steps=1000; american,,1000,,,,,,,,,,,"crr_price(american=True, steps=6400) [same implementation]",9.226701796722521,9.225061771011852,-0.001640025710669235,0.001640025710669235,-0.00017774777453540328,,,,,,,tolerance,agree,agree,pass,
am-put-K100-T1-v0.2-r0.02-q0.05,american,american,put,100.0,100.0,1.0,0.02,0.2,0.05,mc_plain,,,,,,,,,,,,,,,,,,,,,,,,,,none,unsupported,unsupported,expected,no early-exercise Monte Carlo (Longstaff-Schwartz) is implemented
am-put-K120-T0.25-v0.2-r0.05-q0,american,american,put,100.0,120.0,0.25,0.05,0.2,0.0,bsm,,,,,,,,,,,,,,,,,,,,,,,,,,none,unsupported,unsupported,expected,BSM prices European exercise only; it is not an American reference
am-put-K120-T0.25-v0.2-r0.05-q0,american,american,put,100.0,120.0,0.25,0.05,0.2,0.0,crr_american,steps=1000; american,,1000,,,,,,,,,,,"crr_price(american=True, steps=6400) [same implementation]",20.0,20.0,0.0,0.0,0.0,,,,,,,tolerance,agree,agree,pass,
am-put-K120-T0.25-v0.2-r0.05-q0,american,american,put,100.0,120.0,0.25,0.05,0.2,0.0,mc_plain,,,,,,,,,,,,,,,,,,,,,,,,,,none,unsupported,unsupported,expected,no early-exercise Monte Carlo (Longstaff-Schwartz) is implemented
am-put-K120-T0.25-v0.2-r0.02-q0.05,american,american,put,100.0,120.0,0.25,0.02,0.2,0.05,bsm,,,,,,,,,,,,,,,,,,,,,,,,,,none,unsupported,unsupported,expected,BSM prices European exercise only; it is not an American reference
am-put-K120-T0.25-v0.2-r0.02-q0.05,american,american,put,100.0,120.0,0.25,0.02,0.2,0.05,crr_american,steps=1000; american,,1000,,,,,,,,,,,"crr_price(american=True, steps=6400) [same implementation]",20.764156209263522,20.764045553174242,-0.00011065608928007009,0.00011065608928007009,-5.329187864166763e-06,,,,,,,tolerance,agree,agree,pass,
am-put-K120-T0.25-v0.2-r0.02-q0.05,american,american,put,100.0,120.0,0.25,0.02,0.2,0.05,mc_plain,,,,,,,,,,,,,,,,,,,,,,,,,,none,unsupported,unsupported,expected,no early-exercise Monte Carlo (Longstaff-Schwartz) is implemented
am-put-K120-T1-v0.2-r0.05-q0,american,american,put,100.0,120.0,1.0,0.05,0.2,0.0,bsm,,,,,,,,,,,,,,,,,,,,,,,,,,none,unsupported,unsupported,expected,BSM prices European exercise only; it is not an American reference
am-put-K120-T1-v0.2-r0.05-q0,american,american,put,100.0,120.0,1.0,0.05,0.2,0.0,crr_american,steps=1000; american,,1000,,,,,,,,,,,"crr_price(american=True, steps=6400) [same implementation]",20.136147902657395,20.13585237823127,-0.00029552442612512664,0.00029552442612512664,-1.46763138388612e-05,,,,,,,tolerance,agree,agree,pass,
am-put-K120-T1-v0.2-r0.05-q0,american,american,put,100.0,120.0,1.0,0.05,0.2,0.0,mc_plain,,,,,,,,,,,,,,,,,,,,,,,,,,none,unsupported,unsupported,expected,no early-exercise Monte Carlo (Longstaff-Schwartz) is implemented
am-put-K120-T1-v0.2-r0.02-q0.05,american,american,put,100.0,120.0,1.0,0.02,0.2,0.05,bsm,,,,,,,,,,,,,,,,,,,,,,,,,,none,unsupported,unsupported,expected,BSM prices European exercise only; it is not an American reference
am-put-K120-T1-v0.2-r0.02-q0.05,american,american,put,100.0,120.0,1.0,0.02,0.2,0.05,crr_american,steps=1000; american,,1000,,,,,,,,,,,"crr_price(american=True, steps=6400) [same implementation]",24.06129168183259,24.062008734953746,0.0007170531211571074,0.0007170531211571074,2.98011067169148e-05,,,,,,,tolerance,agree,agree,pass,
am-put-K120-T1-v0.2-r0.02-q0.05,american,american,put,100.0,120.0,1.0,0.02,0.2,0.05,mc_plain,,,,,,,,,,,,,,,,,,,,,,,,,,none,unsupported,unsupported,expected,no early-exercise Monte Carlo (Longstaff-Schwartz) is implemented
asian-call-K90-m12,asian,asian,call,100.0,90.0,1.0,0.05,0.2,0.02,bsm,,,,,,,,,,,,,,,,,,,,,,,,,,none,unsupported,unsupported,expected,"no elementary closed form for an arithmetic average; the geometric formula is a control and bound, not the arithmetic price"
asian-call-K90-m12,asian,asian,call,100.0,90.0,1.0,0.05,0.2,0.02,crr,,,,,,,,,,,,,,,,,,,,,,,,,,none,unsupported,unsupported,expected,the recombining CRR tree carries no running-average state
asian-call-K90-m12,asian,asian,call,100.0,90.0,1.0,0.05,0.2,0.02,asian_mc_geometric,n_paths=65536; n_dates=12; geometric,2717836823,,65536,65536,0,65536,False,False,0.0,1.0,12,geometric,geometric_asian_price(n_dates=12),11.742825350553844,11.770236940883388,0.02741159032954421,0.02741159032954421,0.0023343266642598375,0.04100103810266633,11.689876382873408,11.850597498893368,normal,0.6685584462741107,True,z_score,agree,agree,pass,
asian-call-K90-m12,asian,asian,call,100.0,90.0,1.0,0.05,0.2,0.02,asian_mc_arithmetic_control,n_paths=65536+4096 pilot; n_dates=12; arithmetic; geometric control,2034855420,,65536,65536,4096,69632,False,True,1.018984784426646,1703.7784362914786,12,arithmetic,"geometric_asian_price(n_dates=12) [AM-GM bound, not ground truth]",11.742825350553844,12.00011530332008,0.2572899527662358,0.2572899527662358,0.021910395929894407,0.000981196714004623,11.99819219309888,12.002038413541278,normal,,,lower_bound,agree,agree,pass,AM-GM lower bound respected within z_crit*SE; no exact arithmetic reference
asian-call-K100-m12,asian,asian,call,100.0,100.0,1.0,0.05,0.2,0.02,bsm,,,,,,,,,,,,,,,,,,,,,,,,,,none,unsupported,unsupported,expected,"no elementary closed form for an arithmetic average; the geometric formula is a control and bound, not the arithmetic price"
asian-call-K100-m12,asian,asian,call,100.0,100.0,1.0,0.05,0.2,0.02,crr,,,,,,,,,,,,,,,,,,,,,,,,,,none,unsupported,unsupported,expected,the recombining CRR tree carries no running-average state
asian-call-K100-m12,asian,asian,call,100.0,100.0,1.0,0.05,0.2,0.02,asian_mc_geometric,n_paths=65536; n_dates=12; geometric,4268234261,,65536,65536,0,65536,False,False,0.0,1.0,12,geometric,geometric_asian_price(n_dates=12),5.327705787469661,5.326545695017311,-0.0011600924523502698,0.0011600924523502698,-0.00021774709389522123,0.03065264613383355,5.266467612564146,5.386623777470476,normal,-0.03784640475361087,True,z_score,agree,agree,pass,
asian-call-K100-m12,asian,asian,call,100.0,100.0,1.0,0.05,0.2,0.02,asian_mc_arithmetic_control,n_paths=65536+4096 pilot; n_dates=12; arithmetic; geometric control,3945437250,,65536,65536,4096,69632,False,True,1.031419085471845,1278.2682922558456,12,arithmetic,"geometric_asian_price(n_dates=12) [AM-GM bound, not ground truth]",5.327705787469661,5.519404111984973,0.1916983245153121,0.1916983245153121,0.03598140215741103,0.0008592829139703359,5.51771994842106,5.521088275548886,normal,,,lower_bound,agree,agree,pass,AM-GM lower bound respected within z_crit*SE; no exact arithmetic reference
asian-call-K110-m12,asian,asian,call,100.0,110.0,1.0,0.05,0.2,0.02,bsm,,,,,,,,,,,,,,,,,,,,,,,,,,none,unsupported,unsupported,expected,"no elementary closed form for an arithmetic average; the geometric formula is a control and bound, not the arithmetic price"
asian-call-K110-m12,asian,asian,call,100.0,110.0,1.0,0.05,0.2,0.02,crr,,,,,,,,,,,,,,,,,,,,,,,,,,none,unsupported,unsupported,expected,the recombining CRR tree carries no running-average state
asian-call-K110-m12,asian,asian,call,100.0,110.0,1.0,0.05,0.2,0.02,asian_mc_geometric,n_paths=65536; n_dates=12; geometric,4269024057,,65536,65536,0,65536,False,False,0.0,1.0,12,geometric,geometric_asian_price(n_dates=12),1.8443766430461181,1.8572615037439981,0.012884860697879974,0.012884860697879974,0.006986024653077214,0.018510457904258287,1.8209816729143071,1.8935413345736891,normal,0.696085465012502,True,z_score,agree,agree,pass,
asian-call-K110-m12,asian,asian,call,100.0,110.0,1.0,0.05,0.2,0.02,asian_mc_arithmetic_control,n_paths=65536+4096 pilot; n_dates=12; arithmetic; geometric control,521734933,,65536,65536,4096,69632,False,True,1.0541736133195028,581.9547384185072,12,arithmetic,"geometric_asian_price(n_dates=12) [AM-GM bound, not ground truth]",1.8443766430461181,1.969961229656854,0.1255845866107359,0.1255845866107359,0.06809053187928259,0.0007856862719725181,1.9684213128606405,1.9715011464530676,normal,,,lower_bound,agree,agree,pass,AM-GM lower bound respected within z_crit*SE; no exact arithmetic reference
asian-put-K90-m12,asian,asian,put,100.0,90.0,1.0,0.05,0.2,0.02,bsm,,,,,,,,,,,,,,,,,,,,,,,,,,none,unsupported,unsupported,expected,"no elementary closed form for an arithmetic average; the geometric formula is a control and bound, not the arithmetic price"
asian-put-K90-m12,asian,asian,put,100.0,90.0,1.0,0.05,0.2,0.02,crr,,,,,,,,,,,,,,,,,,,,,,,,,,none,unsupported,unsupported,expected,the recombining CRR tree carries no running-average state
asian-put-K90-m12,asian,asian,put,100.0,90.0,1.0,0.05,0.2,0.02,asian_mc_geometric,n_paths=65536; n_dates=12; geometric,2574092267,,65536,65536,0,65536,False,False,0.0,1.0,12,geometric,geometric_asian_price(n_dates=12),0.9916597488486083,0.983027776506023,-0.008631972342585281,0.008631972342585281,-0.008704570647954253,0.01092180222541982,0.9616214374979307,1.0044341155141152,normal,-0.7903432203244717,True,z_score,agree,agree,pass,
asian-put-K90-m12,asian,asian,put,100.0,90.0,1.0,0.05,0.2,0.02,asian_mc_arithmetic_control,n_paths=65536+4096 pilot; n_dates=12; arithmetic; geometric control,4053614877,,65536,65536,4096,69632,False,True,0.9500737051293148,471.5428818308124,12,arithmetic,"geometric_asian_price(n_dates=12) [AM-GM bound, not ground truth]",0.9916597488486083,0.9251350017984101,-0.06652474705019817,0.06652474705019817,-0.0670842465144304,0.0004627240471361265,0.9242280793312427,0.9260419242655775,normal,,,upper_bound,agree,agree,pass,AM-GM upper bound respected within z_crit*SE; no exact arithmetic reference
asian-put-K100-m12,asian,asian,put,100.0,100.0,1.0,0.05,0.2,0.02,bsm,,,,,,,,,,,,,,,,,,,,,,,,,,none,unsupported,unsupported,expected,"no elementary closed form for an arithmetic average; the geometric formula is a control and bound, not the arithmetic price"
asian-put-K100-m12,asian,asian,put,100.0,100.0,1.0,0.05,0.2,0.02,crr,,,,,,,,,,,,,,,,,,,,,,,,,,none,unsupported,unsupported,expected,the recombining CRR tree carries no running-average state
asian-put-K100-m12,asian,asian,put,100.0,100.0,1.0,0.05,0.2,0.02,asian_mc_geometric,n_paths=65536; n_dates=12; geometric,1457297540,,65536,65536,0,65536,False,False,0.0,1.0,12,geometric,geometric_asian_price(n_dates=12),4.08883443077157,4.055121474505323,-0.03371295626624704,0.03371295626624704,-0.008245126291378189,0.02325856984738223,4.009535515272544,4.100707433738101,normal,-1.4494853504520813,True,z_score,agree,agree,pass,
asian-put-K100-m12,asian,asian,put,100.0,100.0,1.0,0.05,0.2,0.02,asian_mc_arithmetic_control,n_paths=65536+4096 pilot; n_dates=12; arithmetic; geometric control,2528351001,,65536,65536,4096,69632,False,True,0.9759831264034949,1459.283143652262,12,arithmetic,"geometric_asian_price(n_dates=12) [AM-GM bound, not ground truth]",4.08883443077157,3.958289579266302,-0.13054485150526762,0.13054485150526762,-0.03192715521147517,0.000583896401945152,3.957145163347787,3.9594339951848174,normal,,,upper_bound,agree,agree,pass,AM-GM upper bound respected within z_crit*SE; no exact arithmetic reference
asian-put-K110-m12,asian,asian,put,100.0,110.0,1.0,0.05,0.2,0.02,bsm,,,,,,,,,,,,,,,,,,,,,,,,,,none,unsupported,unsupported,expected,"no elementary closed form for an arithmetic average; the geometric formula is a control and bound, not the arithmetic price"
asian-put-K110-m12,asian,asian,put,100.0,110.0,1.0,0.05,0.2,0.02,crr,,,,,,,,,,,,,,,,,,,,,,,,,,none,unsupported,unsupported,expected,the recombining CRR tree carries no running-average state
asian-put-K110-m12,asian,asian,put,100.0,110.0,1.0,0.05,0.2,0.02,asian_mc_geometric,n_paths=65536; n_dates=12; geometric,2088766298,,65536,65536,0,65536,False,False,0.0,1.0,12,geometric,geometric_asian_price(n_dates=12),10.117799531355175,10.14359960078535,0.025800069430175654,0.025800069430175654,0.002549968434363712,0.035120516187876476,10.074764653938656,10.212434547632045,normal,0.7346153254741108,True,z_score,agree,agree,pass,
asian-put-K110-m12,asian,asian,put,100.0,110.0,1.0,0.05,0.2,0.02,asian_mc_arithmetic_control,n_paths=65536+4096 pilot; n_dates=12; arithmetic; geometric control,3013500038,,65536,65536,4096,69632,False,True,0.9885648198848864,2167.9548450607217,12,arithmetic,"geometric_asian_price(n_dates=12) [AM-GM bound, not ground truth]",10.117799531355175,9.920831610115542,-0.19696792123963291,0.19696792123963291,-0.01946746628347667,0.0007250571365452225,9.91941052424118,9.922252695989904,normal,,,upper_bound,agree,agree,pass,AM-GM upper bound respected within z_crit*SE; no exact arithmetic reference
stress-expiry_otm_call,stress,european,call,100.0,110.0,0.0,0.05,0.2,0.0,crr,steps=1000,,1000,,,,,,,,,,,bsm_price,0.0,0.0,0.0,0.0,,,,,,,,exact,agree,agree,pass,
stress-expiry_otm_call,stress,european,call,100.0,110.0,0.0,0.05,0.2,0.0,mc_plain,n_paths=65536,1134901600,,65536,65536,0,65536,False,False,0.0,,,,bsm_price,0.0,0.0,0.0,0.0,,0.0,0.0,0.0,deterministic,,,exact,agree,agree,pass,
stress-expiry_otm_call,stress,european,call,100.0,110.0,0.0,0.05,0.2,0.0,mc_antithetic_control,n_paths=65536+4096 pilot; antithetic; control,2503985163,,65536,32768,0,65536,True,True,0.0,,,,bsm_price,0.0,0.0,0.0,0.0,,0.0,0.0,0.0,deterministic,,,exact,agree,agree,pass,
stress-expiry_itm_put,stress,european,put,100.0,110.0,0.0,0.05,0.2,0.0,crr,steps=1000,,1000,,,,,,,,,,,bsm_price,10.0,10.0,0.0,0.0,0.0,,,,,,,exact,agree,agree,pass,
stress-expiry_itm_put,stress,european,put,100.0,110.0,0.0,0.05,0.2,0.0,mc_plain,n_paths=65536,1869656328,,65536,65536,0,65536,False,False,0.0,,,,bsm_price,10.0,10.0,0.0,0.0,0.0,0.0,10.0,10.0,deterministic,,,exact,agree,agree,pass,
stress-expiry_itm_put,stress,european,put,100.0,110.0,0.0,0.05,0.2,0.0,mc_antithetic_control,n_paths=65536+4096 pilot; antithetic; control,363964859,,65536,32768,0,65536,True,True,0.0,,,,bsm_price,10.0,10.0,0.0,0.0,0.0,0.0,10.0,10.0,deterministic,,,exact,agree,agree,pass,
stress-short_expiry_atm_call,stress,european,call,100.0,100.0,0.0027397260273972603,0.05,0.2,0.0,crr,steps=1000,,1000,,,,,,,,,,,bsm_price,0.4244859554328144,0.42438155922427523,-0.00010439620853919251,0.00010439620853919251,-0.00024593560093819365,,,,,,,tolerance,agree,agree,pass,
stress-short_expiry_atm_call,stress,european,call,100.0,100.0,0.0027397260273972603,0.05,0.2,0.0,mc_plain,n_paths=65536,1594147429,,65536,65536,0,65536,False,False,0.0,1.0,,,bsm_price,0.4244859554328144,0.42702285472079177,0.0025368992879773455,0.0025368992879773455,0.005976403354477705,0.0024310058430744162,0.4222581708221595,0.43178753861942404,normal,1.0435595188734754,True,z_score,agree,agree,pass,
stress-short_expiry_atm_call,stress,european,call,100.0,100.0,0.0027397260273972603,0.05,0.2,0.0,mc_antithetic_control,n_paths=65536+4096 pilot; antithetic; control,3241624554,,65536,32768,4096,69632,True,True,38.78958305891633,14.267993928318013,,,bsm_price,0.4244859554328144,0.4237848443591912,-0.0007011110736231951,0.0007011110736231951,-0.0016516708377508702,0.0006258493497973061,0.4225582021738407,0.42501148654454174,normal,-1.1202553359690541,True,z_score,agree,agree,pass,
stress-short_expiry_otm_call,stress,european,call,100.0,103.0,0.0027397260273972603,0.05,0.2,0.0,crr,steps=1000,,1000,,,,,,,,,,,bsm_price,0.0007804578348975522,0.0007767413250997402,-3.7165097978120003e-06,3.7165097978120003e-06,-0.004761961033166965,,,,,,,tolerance,agree,agree,pass,passes on atol: |rel_error|=0.00476 exceeds rtol=0.002 because the reference price is small
stress-short_expiry_otm_call,stress,european,call,100.0,103.0,0.0027397260273972603,0.05,0.2,0.0,mc_plain,n_paths=65536,4093318294,,65536,65536,0,65536,False,False,0.0,1.0,,,bsm_price,0.0007804578348975522,0.0007961082777292179,1.5650442831665733e-05,1.5650442831665733e-05,0.02005289989012681,9.088817993367452e-05,0.0006179707184388197,0.000974245837019616,normal,0.17219447944811542,True,z_score,agree,agree,pass,
stress-short_expiry_otm_call,stress,european,call,100.0,103.0,0.0027397260273972603,0.05,0.2,0.0,mc_antithetic_control,n_paths=65536+4096 pilot; antithetic; control,2470345750,,65536,32768,4096,69632,True,True,1.125282401634492,1.02599142444866,,,bsm_price,0.0007804578348975522,0.0007306820487739532,-4.9775786123599e-05,4.9775786123599e-05,-0.06377767497219486,7.393768602987784e-05,0.0005857668470551623,0.000875597250492744,normal,-0.6732126577978768,True,z_score,agree,agree,pass,
stress-zero_vol_call,stress,european,call,100.0,95.0,1.0,0.05,0.0,0.02,crr,steps=1000,,1000,,,,,,,,,,,bsm_price,7.653072003107695,7.653072003107695,0.0,0.0,0.0,,,,,,,exact,agree,agree,pass,
stress-zero_vol_call,stress,european,call,100.0,95.0,1.0,0.05,0.0,0.02,mc_plain,n_paths=65536,2861648553,,65536,65536,0,65536,False,False,0.0,,,,bsm_price,7.653072003107695,7.653072003107695,0.0,0.0,0.0,0.0,7.653072003107695,7.653072003107695,deterministic,,,exact,agree,agree,pass,
stress-zero_vol_call,stress,european,call,100.0,95.0,1.0,0.05,0.0,0.02,mc_antithetic_control,n_paths=65536+4096 pilot; antithetic; control,424028449,,65536,32768,0,65536,True,True,0.0,,,,bsm_price,7.653072003107695,7.653072003107695,0.0,0.0,0.0,0.0,7.653072003107695,7.653072003107695,deterministic,,,exact,agree,agree,pass,
stress-low_vol_coarse_tree,stress,european,call,100.0,100.0,1.0,0.1,0.02,0.0,crr,steps=16,,16,,,,,,,,,,,bsm_price,9.5162582981079,,,,,,,,,,,none,error,error,expected,ValueError: CRR probability requires abs(rate-div)*dt < vol*sqrt(dt); increase steps
stress-low_vol_coarse_tree,stress,european,call,100.0,100.0,1.0,0.1,0.02,0.0,crr,steps=1000,,1000,,,,,,,,,,,bsm_price,9.5162582981079,9.5162582810379,-1.7070000524199713e-08,1.7070000524199713e-08,-1.7937722988870227e-09,,,,,,,tolerance,agree,agree,pass,
stress-low_vol_coarse_tree,stress,european,call,100.0,100.0,1.0,0.1,0.02,0.0,mc_plain,n_paths=65536,1356622829,,65536,65536,0,65536,False,False,0.0,1.0,,,bsm_price,9.5162582981079,9.506165965786918,-0.010092332320981612,0.010092332320981612,-0.0010605357699242203,0.007805957748828006,9.490866569734374,9.521465361839462,normal,-1.2929012231070407,True,z_score,agree,agree,pass,
stress-low_vol_coarse_tree,stress,european,call,100.0,100.0,1.0,0.1,0.02,0.0,mc_antithetic_control,n_paths=65536+4096 pilot; antithetic; control,2962752168,,65536,32768,4096,69632,True,True,0.9999999999999931,7.892617653644751e+28,,,bsm_price,9.5162582981079,9.516258196404053,-1.0170384712182567e-07,1.0170384712182567e-07,-1.0687377741947932e-08,2.702358799234808e-17,9.516258196404053,9.516258196404053,normal,,,z_score,degenerate,degenerate,expected,"SE=2.7e-17 is below the floating-point resolution floor (1e-12 x price scale): the control variate reproduced every sampled payoff exactly, so z is undefined; the residual error=-1.02e-07 is the unsampled region where the payoff is not linear in the control"
stress-deep_itm_call,stress,european,call,100.0,20.0,1.0,0.05,0.2,0.0,crr,steps=1000,,1000,,,,,,,,,,,bsm_price,80.97541150998572,80.97541150998238,-3.339550858072471e-12,3.339550858072471e-12,-4.124154228794063e-14,,,,,,,tolerance,agree,agree,pass,
stress-deep_itm_call,stress,european,call,100.0,20.0,1.0,0.05,0.2,0.0,mc_plain,n_paths=65536,1271255458,,65536,65536,0,65536,False,False,0.0,1.0,,,bsm_price,80.97541150998572,81.02774963680638,0.05233812682065775,0.05233812682065775,0.000646345919640106,0.07896972461229357,80.87297182069723,81.18252745291552,normal,0.6627619265182297,True,z_score,agree,agree,pass,
stress-deep_itm_call,stress,european,call,100.0,20.0,1.0,0.05,0.2,0.0,mc_antithetic_control,n_paths=65536+4096 pilot; antithetic; control,3104257953,,65536,32768,4096,69632,True,True,1.0000000000000002,4.231204100454363e+33,,,bsm_price,80.97541150998572,80.97541150998572,0.0,0.0,0.0,1.164008999454752e-18,80.97541150998572,80.97541150998572,normal,,,z_score,degenerate,degenerate,expected,"SE=1.2e-18 is below the floating-point resolution floor (1e-12 x price scale): the control variate reproduced every sampled payoff exactly, so z is undefined; the residual error=0 is the unsampled region where the payoff is not linear in the control"
stress-deep_itm_put,stress,european,put,100.0,300.0,1.0,0.05,0.2,0.0,crr,steps=1000,,1000,,,,,,,,,,,bsm_price,185.36882782517733,185.36882778690676,-3.8270570712484187e-08,3.8270570712484187e-08,-2.0645634523069561e-10,,,,,,,tolerance,agree,agree,pass,
stress-deep_itm_put,stress,european,put,100.0,300.0,1.0,0.05,0.2,0.0,mc_plain,n_paths=65536,3840805526,,65536,65536,0,65536,False,False,0.0,1.0,,,bsm_price,185.36882782517733,185.31183176941656,-0.05699605576077715,0.05699605576077715,-0.0003074737884976569,0.0788807146253311,185.15722840967612,185.466435129157,normal,-0.7225600836845603,True,z_score,agree,agree,pass,
stress-deep_itm_put,stress,european,put,100.0,300.0,1.0,0.05,0.2,0.0,mc_antithetic_control,n_paths=65536+4096 pilot; antithetic; control,1600797267,,65536,32768,4096,69632,True,True,-0.9999999999999998,2.6397352526241567e+29,,,bsm_price,185.36882782517733,185.36882735021422,-4.7496311594841245e-07,4.7496311594841245e-07,-2.5622599091814593e-09,1.483440487602232e-16,185.36882735021422,185.36882735021422,normal,,,z_score,degenerate,degenerate,expected,"SE=1.5e-16 is below the floating-point resolution floor (1e-12 x price scale): the control variate reproduced every sampled payoff exactly, so z is undefined; the residual error=-4.75e-07 is the unsampled region where the payoff is not linear in the control"
stress-deep_otm_call,stress,european,call,100.0,200.0,1.0,0.05,0.2,0.02,crr,steps=1000,,1000,,,,,,,,,,,bsm_price,0.0032594597326063984,0.003214765262209759,-4.4694470396639246e-05,4.4694470396639246e-05,-0.013712232720512765,,,,,,,tolerance,agree,agree,pass,passes on atol: |rel_error|=0.0137 exceeds rtol=0.002 because the reference price is small
stress-deep_otm_call,stress,european,call,100.0,200.0,1.0,0.05,0.2,0.02,mc_plain,n_paths=65536,2561157069,,65536,65536,0,65536,False,False,0.0,1.0,,,bsm_price,0.0032594597326063984,0.0022336538029817696,-0.0010258059296246289,0.0010258059296246289,-0.31471655236690166,0.0006599560705135706,0.0009401636733965947,0.0035271439325669446,normal,-1.5543548661145852,True,z_score,agree,agree,pass,
stress-deep_otm_call,stress,european,call,100.0,200.0,1.0,0.05,0.2,0.02,mc_antithetic_control,n_paths=65536+4096 pilot; antithetic; control,2898170781,,65536,32768,4096,69632,True,True,0.026806198847482584,0.952230984976755,,,bsm_price,0.0032594597326063984,0.004125556464983007,0.0008660967323766084,0.0008660967323766084,0.2657178807004441,0.0010792760460457062,0.0020102142853566296,0.006240898644609384,normal,0.8024793430279932,True,z_score,agree,agree,pass,
stress-deep_otm_put,stress,european,put,100.0,50.0,1.0,0.05,0.2,0.02,crr,steps=1000,,1000,,,,,,,,,,,bsm_price,0.0004986758750846094,0.0004921403808402011,-6.535494244408317e-06,6.535494244408317e-06,-0.013105695645091014,,,,,,,tolerance,agree,agree,pass,passes on atol: |rel_error|=0.0131 exceeds rtol=0.002 because the reference price is small
stress-deep_otm_put,stress,european,put,100.0,50.0,1.0,0.05,0.2,0.02,mc_plain,n_paths=65536,2535842282,,65536,65536,0,65536,False,False,0.0,1.0,,,bsm_price,0.0004986758750846094,0.0006608607660519029,0.00016218489096729344,0.00016218489096729344,0.32523107507411664,0.00020303132309487732,0.000262926685052428,0.0010587948470513779,normal,0.7988170913485295,True,z_score,agree,agree,pass,
stress-deep_otm_put,stress,european,put,100.0,50.0,1.0,0.05,0.2,0.02,mc_antithetic_control,n_paths=65536+4096 pilot; antithetic; control,1615845206,,65536,32768,4096,69632,True,True,0.0,0.9413080586259388,,,bsm_price,0.0004986758750846094,0.0004973439614253239,-1.3319136592855217e-06,1.3319136592855217e-06,-0.0026709005304488376,0.00015889201442369355,0.00018592133572386578,0.0008087665871267821,normal,-0.008382508486133903,True,z_score,agree,agree,pass,
stress-degenerate_mc,stress,european,call,100.0,1000.0,1.0,0.0,0.2,0.0,crr,steps=1000,,1000,,,,,,,,,,,bsm_price,3.0586701126038532e-30,6.107679945874344e-31,-2.4479021180164188e-30,2.4479021180164188e-30,-0.8003158326651035,,,,,,,tolerance,agree,agree,pass,passes on atol: |rel_error|=0.8 exceeds rtol=0.002 because the reference price is small
stress-degenerate_mc,stress,european,call,100.0,1000.0,1.0,0.0,0.2,0.0,mc_plain,n_paths=1000,1436730696,,1000,1000,0,1000,False,False,0.0,,,,bsm_price,3.0586701126038532e-30,0.0,-3.0586701126038532e-30,3.0586701126038532e-30,-1.0,0.0,0.0,0.0,degenerate,,,z_score,degenerate,degenerate,expected,"no sample variation: SE=0, z undefined; a zero-width interval is not evidence of certainty (reference=3.05867e-30)"
stress-negative_rate_call,stress,european,call,100.0,100.0,1.0,-0.02,0.2,0.0,crr,steps=1000,,1000,,,,,,,,,,,bsm_price,7.076019176652636,7.073998122050337,-0.002021054602298733,0.002021054602298733,-0.00028562028336034104,,,,,,,tolerance,agree,agree,pass,
stress-negative_rate_call,stress,european,call,100.0,100.0,1.0,-0.02,0.2,0.0,mc_plain,n_paths=65536,510899593,,65536,65536,0,65536,False,False,0.0,1.0,,,bsm_price,7.076019176652636,7.121259520805829,0.04524034415319278,0.04524034415319278,0.006393473932697008,0.0491942624381912,7.024840538180962,7.217678503430696,normal,0.9196264342825301,True,z_score,agree,agree,pass,
stress-negative_rate_call,stress,european,call,100.0,100.0,1.0,-0.02,0.2,0.0,mc_antithetic_control,n_paths=65536+4096 pilot; antithetic; control,809823559,,65536,32768,4096,69632,True,True,2.6678624797132686,19.30424663826985,,,bsm_price,7.076019176652636,7.061052799302458,-0.014966377350178028,0.014966377350178028,-0.002115084340014181,0.010905119953242382,7.039679156947014,7.082426441657902,normal,-1.3724174896148782,True,z_score,agree,agree,pass,
stress-negative_rate_put,stress,european,put,100.0,100.0,1.0,-0.02,0.2,0.0,crr,steps=1000,,1000,,,,,,,,,,,bsm_price,9.096153179328205,9.09413212472559,-0.0020210546026149245,0.0020210546026149245,-0.00022218783729455502,,,,,,,tolerance,agree,agree,pass,
stress-negative_rate_put,stress,european,put,100.0,100.0,1.0,-0.02,0.2,0.0,mc_plain,n_paths=65536,2642097509,,65536,65536,0,65536,False,False,0.0,1.0,,,bsm_price,9.096153179328205,9.147524267052303,0.05137108772409782,0.05137108772409782,0.005647561855141475,0.043450038617644245,9.062363756234845,9.23268477786976,normal,1.1823024641280062,True,z_score,agree,agree,pass,
stress-negative_rate_put,stress,european,put,100.0,100.0,1.0,-0.02,0.2,0.0,mc_antithetic_control,n_paths=65536+4096 pilot; antithetic; control,2979052654,,65536,32768,4096,69632,True,True,1.4387646212984515,17.163472878710685,,,bsm_price,9.096153179328205,9.100424832400607,0.004271653072402515,0.004271653072402515,0.00046961094302042057,0.010117263870539767,9.08059535959226,9.120254305208954,normal,0.42221425941464724,True,z_score,agree,agree,pass,
stress-negative_carry_call,stress,european,call,100.0,100.0,1.0,0.01,0.2,0.06,crr,steps=1000,,1000,,,,,,,,,,,bsm_price,5.5180685117321815,5.516088938352789,-0.001979573379392363,0.001979573379392363,-0.0003587438929370874,,,,,,,tolerance,agree,agree,pass,
stress-negative_carry_call,stress,european,call,100.0,100.0,1.0,0.01,0.2,0.06,mc_plain,n_paths=65536,1323748177,,65536,65536,0,65536,False,False,0.0,1.0,,,bsm_price,5.5180685117321815,5.483448934490494,-0.034619577241687516,0.034619577241687516,-0.0062738578123996604,0.04195919471149626,5.401210424035658,5.56568744494533,normal,-0.8250772561228924,True,z_score,agree,agree,pass,
stress-negative_carry_call,stress,european,call,100.0,100.0,1.0,0.01,0.2,0.06,mc_antithetic_control,n_paths=65536+4096 pilot; antithetic; control,720151095,,65536,32768,4096,69632,True,True,2.3800846725710887,27.33868136870699,,,bsm_price,5.5180685117321815,5.524584379709453,0.006515867977271661,0.006515867977271661,0.0011808240443948854,0.007846282300335012,5.509205948988263,5.5399628104306435,normal,0.8304401661655041,True,z_score,agree,agree,pass,
stress-negative_dividend_put,stress,european,put,100.0,100.0,1.0,0.03,0.2,-0.02,crr,steps=1000,,1000,,,,,,,,,,,bsm_price,5.686118716580559,5.684078856216852,-0.002039860363707291,0.002039860363707291,-0.00035874389287003747,,,,,,,tolerance,agree,agree,pass,
stress-negative_dividend_put,stress,european,put,100.0,100.0,1.0,0.03,0.2,-0.02,mc_plain,n_paths=65536,1808231984,,65536,65536,0,65536,False,False,0.0,1.0,,,bsm_price,5.686118716580559,5.705657478433014,0.019538761852454734,0.019538761852454734,0.0034362212303939883,0.034619308689234234,5.63780488023244,5.773510076633587,normal,0.5643891398250485,True,z_score,agree,agree,pass,
stress-negative_dividend_put,stress,european,put,100.0,100.0,1.0,0.03,0.2,-0.02,mc_antithetic_control,n_paths=65536+4096 pilot; antithetic; control,1988819814,,65536,32768,4096,69632,True,True,1.5317418752210414,9.450231401969193,,,bsm_price,5.686118716580559,5.6962307375581975,0.010112020977638636,0.010112020977638636,0.001778369654532937,0.010899934801831495,5.674867257912773,5.717594217203622,normal,0.9277138956775716,True,z_score,agree,agree,pass,
stress-high_vol_long_call,stress,european,call,100.0,100.0,5.0,0.05,1.0,0.0,crr,steps=1000,,1000,,,,,,,,,,,bsm_price,76.82306398832891,76.80810365063515,-0.014960337693764814,0.014960337693764814,-0.00019473758162050935,,,,,,,tolerance,agree,agree,pass,
stress-high_vol_long_call,stress,european,call,100.0,100.0,5.0,0.05,1.0,0.0,mc_plain,n_paths=65536,3614223457,,65536,65536,0,65536,False,False,0.0,1.0,,,bsm_price,76.82306398832891,76.83352979717958,0.010465808850668168,0.010465808850668168,0.0001362326403989582,3.095395123323385,70.76666683754482,82.90039275681434,normal,0.003381089791028521,True,z_score,agree,agree,pass,
stress-high_vol_long_call,stress,european,call,100.0,100.0,5.0,0.05,1.0,0.0,mc_antithetic_control,n_paths=65536+4096 pilot; antithetic; control,4222402503,,65536,32768,4096,69632,True,True,0.9987057757077656,2250.910068293446,,,bsm_price,76.82306398832891,76.82970787838636,0.006643890057446811,0.006643890057446811,8.648301320624444e-05,0.06984996806166167,76.69280445666423,76.96661130010848,normal,0.09511657974677616,True,z_score,agree,agree,pass,
stress-american_negative_rate_call,stress,american,call,120.0,100.0,1.0,-0.05,0.2,0.0,bsm,,,,,,,,,,,,,,,,,,,,,,,,,,none,unsupported,unsupported,expected,BSM prices European exercise only; it is not an American reference
stress-american_negative_rate_call,stress,american,call,120.0,100.0,1.0,-0.05,0.2,0.0,crr_american,steps=1000; american,,1000,,,,,,,,,,,"crr_price(american=True, steps=6400) [same implementation]",20.270758253879457,20.27097602351888,0.0002177696394234374,0.0002177696394234374,1.074304358504992e-05,,,,,,,tolerance,agree,agree,pass,
stress-american_negative_rate_call,stress,american,call,120.0,100.0,1.0,-0.05,0.2,0.0,mc_plain,,,,,,,,,,,,,,,,,,,,,,,,,,none,unsupported,unsupported,expected,no early-exercise Monte Carlo (Longstaff-Schwartz) is implemented
